Date,Capital Gains,Close,Dividends,High,Low,Open,Stock Splits,Volume
2015-01-02,0.0,102.27598571777344,0.0,103.67773107540235,101.38161828726804,103.25634862868549,0.0,46133100
2015-01-05,0.0,100.90864562988281,0.0,102.0868041945782,100.43566714935262,101.67402321378951,0.0,51141900
2015-01-06,0.0,99.16290283203125,0.0,101.27842321487137,98.34593589886141,101.14943327039651,0.0,67446000
2015-01-07,0.0,100.38407135009766,0.0,100.40986934131458,99.30911130915658,99.80788778176633,0.0,32252100
2015-01-08,0.0,102.0867919921875,0.0,102.20718697727972,101.00323056532285,101.1838296039958,0.0,28361700
2015-01-09,0.0,101.1064453125,0.0,102.19860187006189,100.88285177812767,102.17280387783349,0.0,26975200
2015-01-12,0.0,100.77105712890625,0.0,101.48483219049083,99.9540900995985,101.2182376314563,0.0,27316800
2015-01-13,0.0,100.84846496582031,0.0,102.67159985825882,99.60151373685058,101.55363860667205,0.0,49991400
2015-01-14,0.0,100.44429016113281,0.0,100.70227668907421,99.36932989211827,99.73911648710074,0.0,34224200
2015-01-15,0.0,98.75013732910156,0.0,100.94305202153043,98.44914980987043,100.81406205688556,0.0,46199400
2015-01-16,0.0,100.35828399658203,0.0,100.56468108375918,98.20836354626077,98.3889626377999,0.0,41895700
2015-01-20,0.0,99.93689727783203,0.0,100.68507192546627,99.03393466279374,100.48727636538955,0.0,36444400
2015-01-21,0.0,99.61870574951172,0.0,100.4614774098555,99.1457272112168,99.5843127977751,0.0,27333500
2015-01-22,0.0,101.64823913574219,0.0,101.68263865124261,98.98233901430751,100.23789180540805,0.0,37877000
2015-01-23,0.0,101.57945251464844,0.0,102.13842663086481,101.08927087235725,101.68264450605474,0.0,28173400
2015-01-26,0.0,102.5597915649414,0.0,102.56838652150293,100.67645943435188,101.37303145589682,0.0,23006800
2015-01-27,0.0,102.06963348388672,0.0,102.5512136033728,101.14946772070465,101.35585826319338,0.0,26919100
2015-01-28,0.0,100.34968566894531,0.0,102.72319304245038,100.03149509100957,102.49100452846874,0.0,38086100
2015-01-29,0.0,101.73422241210938,0.0,101.7514188861646,99.83368725774888,100.63345780254497,0.0,39299900
2015-01-30,0.0,99.4983139038086,0.0,101.44184379062898,99.41231839965613,101.0290627462826,0.0,49739800
2015-02-02,0.0,100.4098892211914,0.0,100.47868169104476,98.3631606989508,99.85951009614436,0.0,44819100
2015-02-03,0.0,102.20720672607422,0.0,102.33620325246517,100.84845556202313,100.90005810920104,0.0,43920000
2015-02-04,0.0,101.8288345336914,0.0,102.54260313103012,101.56223993850564,101.83742949147678,0.0,28597100
2015-02-05,0.0,103.14456176757812,0.0,103.41114974222646,101.99220126099931,102.13839424315904,0.0,32337100
2015-02-06,0.0,103.03279876708984,0.0,103.90136857743202,102.63721414085414,103.28219035861532,0.0,31694900
2015-02-09,0.0,102.21578216552734,0.0,103.38533900061769,102.0953871878887,102.68016560543388,0.0,32367900
2015-02-10,0.0,102.8694076538086,0.0,103.05859516347194,101.56225219862463,102.7920070971414,0.0,28960800
2015-02-11,0.0,102.72315979003906,0.0,103.04135026497367,102.00939144194203,102.65436734659535,0.0,23794200
2015-02-12,0.0,103.89276123046875,0.0,103.98735826198444,103.05859098585057,103.33378712192312,0.0,27854600
2015-02-13,0.0,104.51190948486328,0.0,104.6495075134948,103.75514001049532,103.97873352650397,0.0,20446900
2015-02-17,0.0,104.83871459960938,0.0,104.96770456624733,104.27973402037976,104.62372257383151,0.0,16868500
2015-02-18,0.0,104.95052337646484,0.0,104.95912489583878,104.1679491393589,104.53773573999547,0.0,20450200
2015-02-19,0.0,104.95912170410156,0.0,105.24290622444286,104.52053608388437,104.70973013813636,0.0,16620500
2015-02-20,0.0,105.242919921875,0.0,105.38051800143464,103.97017049113614,104.78713776514944,0.0,30331600
2015-02-23,0.0,105.3460922241211,0.0,105.37189021734902,104.28832857452514,105.00210367199841,0.0,25778200
2015-02-24,0.0,105.48368835449219,0.0,105.8190753824385,105.0795023051631,105.32029231896703,0.0,20023600
2015-02-25,0.0,105.60411834716797,0.0,105.81050891865601,105.11393663923515,105.40632273542337,0.0,17059600
2015-02-26,0.0,105.99108123779297,0.0,106.03408227244611,105.1999120640542,105.50950114265402,0.0,24379000
2015-02-27,0.0,105.41490173339844,0.0,106.08567586819635,105.38910373760415,105.80188479238598,0.0,23821700
2015-03-02,0.0,106.18028259277344,0.0,106.44687065504871,105.37191032518106,105.38911336463975,0.0,29683500
2015-03-03,0.0,105.55249786376953,0.0,105.93948750077773,105.1397167908717,105.93948750077773,0.0,23068400
2015-03-04,0.0,105.22570037841797,0.0,105.44069240982843,104.58072428418659,105.09670384736447,0.0,22822500
2015-03-05,0.0,105.53528594970703,0.0,105.70727694475151,104.83871389043024,105.37188991168965,0.0,19725600
2015-03-06,0.0,104.20233154296875,0.0,105.50948670958735,103.95294001037657,104.89891015504891,0.0,37319900
2015-03-09,0.0,104.65811157226562,0.0,104.84730559757176,104.15933507768254,104.37432709534211,0.0,17556300
2015-03-10,0.0,103.45417785644531,0.0,103.79815989018294,103.04999174966319,103.720765900903,0.0,32440300
2015-03-11,0.0,104.0905532836914,0.0,104.17654879277978,103.09298700736313,103.60037166474714,0.0,20914500
2015-03-12,0.0,105.81906127929688,0.0,105.90505676404632,104.69249877766394,104.76129778987746,0.0,41063300
2015-03-13,0.0,105.44068145751953,0.0,105.93946449323099,104.23672489447081,105.72447248415213,0.0,26371000
2015-03-16,0.0,106.05984497070312,0.0,106.27483695034321,105.67285547073021,105.8706509788543,0.0,19906300
2015-03-17,0.0,106.3436508178711,0.0,106.44684278345524,105.57827322725437,105.75027077162038,0.0,23142600
2015-03-18,0.0,107.19502258300781,0.0,107.59920863074608,105.64707741316678,106.12006248201703,0.0,40292600
2015-03-19,0.0,107.40143585205078,0.0,107.46163336802539,106.90265268481141,106.94565372238063,0.0,34008200
2015-03-20,0.0,108.34734344482422,0.0,108.49354296012427,107.76256506672526,107.80556608199593,0.0,34165600
2015-03-23,0.0,108.25277709960938,0.0,108.6311651457812,108.1753831234573,108.3129746014062,0.0,17132400
2015-03-24,0.0,108.22698974609375,0.0,108.62257430550613,108.06360026003324,108.15819071983866,0.0,30115600
2015-03-25,0.0,105.64178466796875,0.383,108.34169887194622,105.56414786192295,108.28131761438325,0.0,42514000
2015-03-26,0.0,105.51244354248047,0.0,106.02137716284777,104.8396216215428,105.31404412886386,0.0,26899200
2015-03-27,0.0,106.18524932861328,0.0,106.2973906857741,105.11563532403638,105.56418100948297,0.0,23066800
2015-03-30,0.0,107.62574005126953,0.0,107.81551158951918,106.70276568156164,106.72002122925518,0.0,20487000
2015-03-31,0.0,107.28071594238281,0.0,107.57399446406153,106.87529609565686,107.20307913419137,0.0,24507800
2015-04-01,0.0,107.3238296508789,0.0,107.3238296508789,106.01269106229884,107.15994144047075,0.0,31955200
2015-04-02,0.0,107.52225494384766,0.0,108.0484373773754,107.21172083287834,107.27210209995212,0.0,23586400
2015-04-06,0.0,107.99665069580078,0.0,108.23818228565004,106.85802809647734,106.88391141690123,0.0,22045600
2015-04-07,0.0,107.30657958984375,0.0,108.25543065386424,107.28070285062563,107.79825737817654,0.0,20214700
2015-04-08,0.0,108.22957611083984,0.0,108.39347093425067,107.28934604635698,107.28934604635698,0.0,19314400
2015-04-09,0.0,107.8414077758789,0.0,108.45385478923443,106.76316618781753,108.13469290998509,0.0,22325300
2015-04-10,0.0,108.35895538330078,0.0,108.50559464139052,108.01391680227637,108.20368835089297,0.0,14966300
2015-04-13,0.0,108.42796325683594,0.0,109.02315467434035,108.32445628409701,108.41934206315028,0.0,22819200
2015-04-14,0.0,108.40209197998047,0.0,108.75575837084298,107.63438451515584,108.46247324414428,0.0,22600800
2015-04-15,0.0,109.16117095947266,0.0,109.66147000867167,108.61773303723199,108.82476014144927,0.0,37282300
2015-04-16,0.0,109.1008071899414,0.0,109.3337044931933,108.82477758779685,109.0921794139499,0.0,24439900
2015-04-17,0.0,107.33248138427734,0.0,108.2985882206755,106.80629896046975,107.92767284948432,0.0,48283500
2015-04-20,0.0,108.38484954833984,0.0,108.6436235899091,107.67752330501384,107.86729488413673,0.0,24602300
2015-04-21,0.0,108.2727279663086,0.0,108.90242408639791,108.18646993671075,108.72990802720223,0.0,13844600
2015-04-22,0.0,108.43659973144531,0.0,108.58323900863292,107.36698591392337,108.27270490337422,0.0,21991300
2015-04-23,0.0,108.92826843261719,0.0,109.15254450770541,108.04842626275394,108.23819782005444,0.0,18025800
2015-04-24,0.0,108.56596374511719,0.0,109.08351826817984,108.41932450344429,108.97138353885282,0.0,14992500
2015-04-27,0.0,107.36697387695312,0.0,109.47170333639649,106.99605854731455,108.86788416339267,0.0,32924600
2015-04-28,0.0,107.962158203125,0.0,108.14330196884072,106.31460218280165,107.42734809882387,0.0,35654900
2015-04-29,0.0,106.78904724121094,0.0,107.73789850229748,106.64240138674676,107.36698314065606,0.0,26437900
2015-04-30,0.0,104.529052734375,0.0,106.47851536750676,104.08050712958955,106.15072571298626,0.0,72393800
2015-05-01,0.0,105.21051025390625,0.0,105.37440509370106,104.29616342360866,104.82233930403406,0.0,47996200
2015-05-04,0.0,105.5900650024414,0.0,106.40089835210986,105.06388248327131,105.34853331376965,0.0,37675100
2015-05-05,0.0,104.244384765625,0.0,105.77117838370461,103.75270691495238,105.53827453908595,0.0,56891600
2015-05-06,0.0,104.60667419433594,0.0,104.79644575080908,103.71820425363332,104.46866270485063,0.0,34348300
2015-05-07,0.0,105.00347137451172,0.0,105.43476796729429,104.00286012034557,104.49453797287515,0.0,29826100
2015-05-08,0.0,105.7884292602539,0.0,106.31461163743953,105.58140873546306,106.03858207736378,0.0,26357100
2015-05-11,0.0,105.84879302978516,0.0,106.66826038098606,105.61589580051374,105.75390726721388,0.0,28406700
2015-05-12,0.0,105.65904998779297,0.0,106.02996536481717,104.26165307333419,105.53828745397713,0.0,34961600
2015-05-13,0.0,105.65904998779297,0.0,106.28011820802556,105.23638111943755,105.89195386091245,0.0,27214700
2015-05-14,0.0,106.78040313720703,0.0,106.84078439237733,105.62452493400865,106.16796281160454,0.0,23293200
2015-05-15,0.0,106.65966033935547,0.0,106.72004160568524,106.04721990056375,106.58202352203752,0.0,22055600
2015-05-18,0.0,107.86730194091797,0.0,107.96218773668693,106.24562221764118,106.44402158544857,0.0,30846000
2015-05-19,0.0,107.72064208984375,0.0,107.86728794313443,107.22896420332938,107.65163963183753,0.0,23256800
2015-05-20,0.0,107.91903686523438,0.0,108.22094317206182,107.2548364091501,107.97079035181511,0.0,20838500
2015-05-21,0.0,107.79828643798828,0.0,108.22958309072501,107.37561756100439,107.80691421374112,0.0,16229300
2015-05-22,0.0,107.33248138427734,0.0,108.031179830519,106.96156601308616,107.61713874425149,0.0,22601400
2015-05-26,0.0,106.3060073852539,0.0,106.99608472866964,105.6849390923928,106.909826706009,0.0,44037800
2015-05-27,0.0,107.6084976196289,0.0,107.7120111688868,105.91781580146498,106.40949364357866,0.0,32086300
2015-05-28,0.0,107.51363372802734,0.0,107.57401499878519,106.76317515055267,107.34973888694249,0.0,18631900
2015-05-29,0.0,106.86668395996094,0.0,107.5912657578399,106.3750060396756,107.48775219212443,0.0,33468900
2015-06-01,0.0,107.20307922363281,0.0,107.73788936374825,106.12483774997852,107.55674558590198,0.0,35649400
2015-06-02,0.0,107.41008758544922,0.0,108.0915369093888,106.5129965722523,106.78902609501972,0.0,29477600
2015-06-03,0.0,108.479736328125,0.0,108.62637561112592,107.32385787249115,107.61714301955767,0.0,30774800
2015-06-04,0.0,107.39286804199219,0.0,108.35897492689462,107.03058042805306,107.89317374565941,0.0,25820600
2015-06-05,0.0,108.16920471191406,0.0,108.27271169945429,106.37500900914863,107.15997209700781,0.0,36626500
2015-06-08,0.0,107.66889190673828,0.0,108.35896915650088,107.45324358882051,108.06568402197924,0.0,18798700
2015-06-09,0.0,107.3410873413086,0.0,107.70337486341931,106.53024772234008,107.57398458236175,0.0,23928300
2015-06-10,0.0,108.6781234741211,0.0,109.10079891179086,107.69476767977781,107.76377672034401,0.0,42563500
2015-06-11,0.0,108.9541244506836,0.0,109.15252374495793,108.60909250056535,108.83336195192969,0.0,17489400
2015-06-12,0.0,108.6263656616211,0.0,108.81613722509434,108.19506904684154,108.61773788662755,0.0,23578600
2015-06-15,0.0,108.28131866455078,0.0,108.51422250388353,106.90979869472028,107.91903111565935,0.0,30618300
2015-06-16,0.0,109.04904174804688,0.0,109.2474410996979,108.10019044869061,108.15194393996283,0.0,32800900
2015-06-17,0.0,108.8851318359375,0.0,109.51482112468769,108.66085578327014,109.32504958635863,0.0,32467000
2015-06-18,0.0,110.34294128417969,0.0,110.61897747783365,109.32508085380849,109.39408990222198,0.0,39642100
2015-06-19,0.0,110.29117584228516,0.0,110.54995645527356,110.06689974976618,110.25667132181574,0.0,23310900
2015-06-22,0.0,111.05025482177734,0.0,111.13650624567772,110.54131482361521,110.77421867618921,0.0,25230000
2015-06-23,0.0,111.28313446044922,0.0,111.35214348999281,110.75695212704007,110.99847714937935,0.0,23378500
2015-06-24,0.0,110.34294128417969,0.0,111.36080829561597,110.179053020529,111.0675165493261,0.0,26436800
2015-06-25,0.0,110.28256225585938,0.0,110.77424021894514,109.76500754435835,110.71386552668632,0.0,24100900
2015-06-26,0.0,109.98065185546875,0.0,110.70522710878183,109.39408811566365,110.49821312905235,0.0,38219900
2015-06-29,0.0,107.20307922363281,0.0,109.6097149825568,107.0564399626711,109.23017187789011,0.0,49224900
2015-06-30,0.0,107.70340728759766,0.0,108.10019944284912,107.21172933640942,107.97943689912324,0.0,39631300
2015-07-01,0.0,108.02255249023438,0.0,108.82476445293351,107.01331341511583,108.48834704051797,0.0,28627700
2015-07-02,0.0,107.22472381591797,0.529,108.24690193898267,106.86956375930934,108.11696275379161,0.0,31486400
2015-07-06,0.0,107.19010162353516,0.0,107.85711986856948,106.39315076750489,106.4971034652849,0.0,27852200
2015-07-07,0.0,107.31137084960938,0.0,107.40665916534104,105.2756785397642,107.31137084960938,0.0,39347100
2015-07-08,0.0,105.67412567138672,0.0,106.85222943340126,105.05908727649371,106.37579459120698,0.0,40724500
2015-07-09,0.0,106.0553207397461,0.0,107.00819740964194,105.91671713227859,106.85227165573289,0.0,29770400
2015-07-10,0.0,107.52789306640625,0.0,107.70980525200889,106.86088171919657,107.27667911229392,0.0,28735800
2015-07-13,0.0,108.74066925048828,0.0,108.83595754893415,108.06499339531337,108.08231553640275,0.0,21349900
2015-07-14,0.0,109.34705352783203,0.0,109.5809387896286,108.62806238281952,108.68003541677832,0.0,21009500
2015-07-15,0.0,108.76666259765625,0.0,109.56361992643623,108.51544857770173,109.41635197750969,0.0,22238300
2015-07-16,0.0,109.41635131835938,0.0,109.78884015825734,109.12182864024484,109.24310346170166,0.0,33568400
2015-07-17,0.0,108.93990325927734,0.0,109.47697551548218,108.59340097880182,109.41633811207257,0.0,24739900
2015-07-20,0.0,108.35087585449219,0.0,109.02655181919519,108.0736752892555,108.95725002564032,0.0,23271100
2015-07-21,0.0,107.83978271484375,0.0,108.9745780980244,107.51060911098784,108.34221080150493,0.0,28118700
2015-07-22,0.0,108.2382583618164,0.0,108.35953319556883,107.31136835586129,107.48462283906673,0.0,20654200
2015-07-23,0.0,107.04280853271484,0.0,108.61938763236526,106.8089232932586,108.272885351446,0.0,39712100
2015-07-24,0.0,105.3189697265625,0.0,107.16408498295237,105.241003572894,106.96485062943111,0.0,39533000
2015-07-27,0.0,104.44406127929688,0.0,105.09375063948383,104.1841828916293,104.92916055336225,0.0,35627200
2015-07-28,0.0,105.3363037109375,0.0,105.51821594464315,103.37857119122859,104.74725174080305,0.0,53474800
2015-07-29,0.0,105.63082885742188,0.0,105.96866679376478,104.79056289970372,105.12840083604662,0.0,32411300
2015-07-30,0.0,105.93402099609375,0.0,106.06396019531641,104.82521883282716,105.36229116310693,0.0,29383900
2015-07-31,0.0,106.51438903808594,0.0,107.12942741856162,105.87336414433369,106.07259848544135,0.0,31812700
2015-08-03,0.0,105.98599243164062,0.0,106.68766145325385,105.21502823260636,106.5750443981032,0.0,34033200
2015-08-04,0.0,105.7347640991211,0.0,106.51439256816128,105.34495316909161,106.02062897259937,0.0,21728900
2015-08-05,0.0,105.97734069824219,0.0,107.00818341476752,105.60485842210119,106.19390384984949,0.0,25673500
2015-08-06,0.0,104.54800415039062,0.0,106.254522433861,103.75971129498802,106.08993236317666,0.0,42225300
2015-08-07,0.0,103.84635925292969,0.0,104.3314652027772,103.14469676218147,104.07158677932378,0.0,42261400
2015-08-10,0.0,105.0417709350586,0.0,105.26699180715418,104.21882716569215,104.23615591522659,0.0,28798900
2015-08-11,0.0,104.1408462524414,0.0,104.89448147802312,103.64708273572299,104.36607368730705,0.0,33383800
2015-08-12,0.0,103.94161987304688,0.0,104.24480688030513,102.19179299616987,103.57779546433697,0.0,46500100
2015-08-13,0.0,103.5951156616211,0.0,104.46136801410819,103.42186783471605,104.03690621190418,0.0,35698300
2015-08-14,0.0,104.26214599609375,0.0,104.3747564359926,103.10136426990611,103.50850398112905,0.0,21091500
2015-08-17,0.0,105.3623046875,0.0,105.4056199624616,103.60381291138084,103.97630180550829,0.0,22328200
2015-08-18,0.0,104.52201080322266,0.0,105.21500871173376,104.40072939502781,105.21500871173376,0.0,26360400
2015-08-19,0.0,103.43921661376953,0.0,104.383428688516,102.85882240238448,103.86367849817046,0.0,45178900
2015-08-20,0.0,100.82312774658203,0.0,102.74620935021014,100.82312774658203,102.51231747464344,0.0,51879800
2015-08-21,0.0,99.6450424194336,0.0,101.0570384849414,99.07331910052172,99.73166636363439,0.0,79168300
2015-08-24,0.0,95.75553131103516,0.0,99.54971405636023,93.78047709815414,94.86329248758283,0.0,83809200
2015-08-25,0.0,95.01923370361328,0.0,98.83940358544346,94.90661665495226,98.79609492817376,0.0,59240200
2015-08-26,0.0,97.43607330322266,0.0,97.61798551497247,94.78533645305622,96.8730079188648,0.0,51605300
2015-08-27,0.0,99.17724609375,0.0,99.72298939420239,97.33213066250852,98.14641012097269,0.0,49533700
2015-08-28,0.0,100.1561279296875,0.0,100.22542311481794,98.9347085921263,99.06464780384302,0.0,41601400
2015-08-31,0.0,99.79228973388672,0.0,100.4679722650711,99.4111431112752,99.7056658018833,0.0,29250900
2015-09-01,0.0,96.93367004394531,0.0,98.85675192857805,96.67379161289325,97.98183492695135,0.0,45129200
2015-09-02,0.0,98.67481994628906,0.0,98.72679297851735,97.0895763735091,98.24169372043542,0.0,26865800
2015-09-03,0.0,98.51890563964844,0.0,99.73165392517303,98.36297991594064,98.82209271102958,0.0,33334500
2015-09-04,0.0,97.77389526367188,0.0,98.49287961883999,97.26280299204316,97.47936605770374,0.0,31154600
2015-09-08,0.0,100.00885009765625,0.0,100.11280277856979,98.84807490120829,99.23788588891522,0.0,29916300
2015-09-09,0.0,98.85673522949219,0.0,100.84911196473041,98.76144692813494,100.63254884509699,0.0,40963000
2015-09-10,0.0,99.30719757080078,0.0,99.86159870628045,98.51891114118992,98.53623328524365,0.0,29877900
2015-09-11,0.0,99.77497863769531,0.0,99.79230078242087,98.4582775421102,98.89140385906337,0.0,27949400
2015-09-14,0.0,99.31584167480469,0.0,100.08680580299134,99.12526508420008,100.06947705349192,0.0,22365800
2015-09-15,0.0,100.43331909179688,0.0,100.64988222138314,99.38515433767726,99.49776478582851,0.0,26745300
2015-09-16,0.0,101.299560546875,0.0,101.36885571794815,100.30336893777923,100.44196588890703,0.0,27127800
2015-09-17,0.0,101.64607238769531,0.0,102.98876650152874,101.07434913381225,101.28224789804403,0.0,50405400
2015-09-18,0.0,100.24274444580078,0.0,101.21294305562144,99.96554389885453,100.27739534029186,0.0,42736100
2015-09-21,0.0,100.0608139038086,0.0,101.61140645149975,99.68832511739137,100.95305279455698,0.0,33021700
2015-09-22,0.0,98.54490661621094,0.0,99.38517277230093,97.92986800718238,99.1426164706283,0.0,35786900
2015-09-23,0.0,98.2503433227539,0.0,99.11659570248331,97.94715631164485,98.77009342879532,0.0,25506800
2015-09-24,0.0,98.08576202392578,0.0,98.25034548559024,96.90765823284109,97.70460885358035,0.0,39810300
2015-09-25,0.0,96.79485321044922,0.324,98.95801709633055,96.36917315232276,98.87982717580556,0.0,43750300
2015-09-28,0.0,94.08435821533203,0.0,96.56026098353612,93.71948310111216,96.47338848127313,0.0,56765300
2015-09-29,0.0,93.41544342041016,0.0,94.78805174672449,92.94632386731735,94.04093615786724,0.0,49980700
2015-09-30,0.0,94.86620330810547,0.0,95.06601599885812,93.74553692744276,94.24071740771677,0.0,50834500
2015-10-01,0.0,94.701171875,0.0,95.28322499407005,93.32856365526496,95.01391821944465,0.0,44985900
2015-10-02,0.0,96.10852813720703,0.0,96.10852813720703,93.059261083092,93.80637664767667,0.0,58019200
2015-10-05,0.0,98.4019775390625,0.0,98.55835068739715,96.89906409535142,97.00331507022345,0.0,45220500
2015-10-06,0.0,97.72434997558594,0.0,98.74946122977893,97.10754670124167,98.34984248701839,0.0,34140000
2015-10-07,0.0,99.45317077636719,0.0,99.47054262734135,97.84599950142751,98.2543075927712,0.0,36371000
2015-10-08,0.0,100.34796142578125,0.0,100.55645675891623,98.99272519053608,99.3662829192076,0.0,43072200
2015-10-09,0.0,100.54780578613281,0.0,100.89530255890422,100.2524378374444,100.5304339300716,0.0,26497200
2015-10-12,0.0,100.40006256103516,0.0,100.76493097454194,99.96569350839972,100.59118600466607,0.0,22984000
2015-10-13,0.0,99.02745819091797,0.0,101.03424779054319,98.97533602374064,100.0004472885528,0.0,37445300
2015-10-14,0.0,98.05448913574219,0.0,99.68771466754612,97.91548783365833,99.07091130242952,0.0,39987400
2015-10-15,0.0,100.40006256103516,0.0,100.40006256103516,97.87203812122875,98.33246825655098,0.0,42503400
2015-10-16,0.0,100.26976776123047,0.0,100.59989253988424,99.40971874495008,100.59989253988424,0.0,33685600
2015-10-19,0.0,100.46089935302734,0.0,100.95607993306217,99.6008502672716,99.81803484847893,0.0,24949500
2015-10-20,0.0,100.32190704345703,0.0,101.03427222156974,99.93097081125704,100.40877955240784,0.0,20531400
2015-10-21,0.0,98.79293060302734,0.0,100.75628121690917,98.73211918094883,100.70415240659337,0.0,34060300
2015-10-22,0.0,99.66166687011719,0.0,100.26978107795789,98.80161773961456,99.39236009635171,0.0,36882600
2015-10-23,0.0,100.64334869384766,0.0,100.81710036162997,99.67036586606032,100.46960365401375,0.0,40172500
2015-10-26,0.0,99.95702362060547,0.0,100.66070612909263,99.84409003111972,100.42614308361456,0.0,19783300
2015-10-27,0.0,98.8624038696289,0.0,99.79195342264589,98.25428318940858,99.5487011737901,0.0,38189200
2015-10-28,0.0,101.74662780761719,0.0,101.7639996565906,98.96666138763709,99.15778486607942,0.0,65529900
2015-10-29,0.0,100.66071319580078,0.0,101.73794687466157,100.39139980512496,101.41651130486349,0.0,27252000
2015-10-30,0.0,100.20026397705078,0.0,100.79969547496043,99.97439681002551,100.39138744756961,0.0,28018700
2015-11-02,0.0,102.28526306152344,0.0,102.57194834021071,100.26979012629953,100.29585121928048,0.0,33836900
2015-11-03,0.0,102.815185546875,0.0,103.40592790809157,101.9811975006777,102.1549425248217,0.0,28626300
2015-11-04,0.0,102.76305389404297,0.0,103.37985728923853,102.24181224170347,103.0758002110361,0.0,25696000
2015-11-05,0.0,102.84125518798828,0.0,103.03237870720551,101.72058179362683,102.71963233538611,0.0,27141300
2015-11-06,0.0,103.57098388671875,0.0,103.69260672165386,101.89431865888776,102.51981131166681,0.0,35141300
2015-11-09,0.0,102.354736328125,0.0,103.63178256591837,101.87692765822048,103.44065909795656,0.0,32983100
2015-11-10,0.0,102.65880584716797,0.0,102.65880584716797,101.60763327364775,101.92037959958157,0.0,21892200
2015-11-11,0.0,101.76399993896484,0.0,102.8064832068832,101.71187776395301,102.78042211937729,0.0,22037600
2015-11-12,0.0,99.81803894042969,0.0,101.19932975211832,99.67035500986191,101.06033506098034,0.0,39916100
2015-11-13,0.0,99.09696960449219,0.0,100.20026424000072,98.74079037681969,99.41840513556708,0.0,43883000
2015-11-16,0.0,99.94834899902344,0.0,99.98309270014461,98.48017907862035,99.00142075875624,0.0,28979100
2015-11-17,0.0,99.56607818603516,0.0,100.90393570933503,99.42707690301627,100.03519757430493,0.0,34441000
2015-11-18,0.0,101.25148010253906,0.0,101.33835263147635,99.48793528816125,99.84412127313803,0.0,35554300
2015-11-19,0.0,100.82575225830078,0.0,101.33831123717613,100.54775630248673,101.15587701254313,0.0,25512500
2015-11-20,0.0,101.47734069824219,0.0,101.95514951799072,101.10378288315206,101.19066203434174,0.0,31697700
2015-11-23,0.0,101.98118591308594,0.0,102.41555505203867,101.36438253112671,101.39044361899234,0.0,22716400
2015-11-24,0.0,102.72832489013672,0.0,102.87600884049732,101.26015474327916,101.53815079076033,0.0,24994500
2015-11-25,0.0,103.52753448486328,0.0,103.65784654647123,102.60667407127487,102.77173645784139,0.0,20772600
2015-11-27,0.0,103.91846466064453,0.0,104.16171029334217,103.27559362800488,103.61440099182609,0.0,14129300
2015-11-30,0.0,103.46673583984375,0.0,104.30941309721268,103.42330289924647,104.2659735286678,0.0,30165400
2015-12-01,0.0,104.15304565429688,0.0,104.17042413384907,103.29299649900639,103.90979996414991,0.0,27899900
2015-12-02,0.0,103.0323715209961,0.0,104.28335692102108,102.90205943716884,104.01405014160656,0.0,22238300
2015-12-03,0.0,101.29489135742188,0.0,103.77079435555946,100.89527250754244,103.31905332507114,0.0,39485400
2015-12-04,0.0,102.32000732421875,0.0,102.45031940934055,101.0690219117662,101.29489575078078,0.0,32669900
2015-12-07,0.0,100.78234100341797,0.0,102.22444326316045,100.34797181478082,102.19838217231387,0.0,29621400
2015-12-08,0.0,100.22634887695312,0.0,100.7823409076445,99.43579377296982,99.87016296119418,0.0,30946000
2015-12-09,0.0,99.10568237304688,0.0,100.92134252293509,98.68868500745509,99.93098123609637,0.0,41980400
2015-12-10,0.0,99.43578338623047,0.0,99.9744035094274,98.732107495754,98.94060282849756,0.0,31278800
2015-12-11,0.0,97.22051239013672,0.0,98.46280187368775,96.8903875736875,98.40199045401779,0.0,52609300
2015-12-14,0.0,96.52552795410156,0.0,97.62882284923722,95.8044734630087,97.18577101991842,0.0,53400400
2015-12-15,0.0,97.9155044555664,0.0,98.132689055981,96.95120429948972,97.06414453359204,0.0,48273900
2015-12-16,0.0,99.40972900390625,0.0,99.6008525001249,98.01974897860822,98.59311283931659,0.0,44560600
2015-12-17,0.0,98.34986877441406,0.0,99.8527890509769,98.14137342419096,99.82672796069247,0.0,41318000
2015-12-18,0.0,96.84696197509766,0.0,98.07187970072921,96.81221164294489,97.87207357578596,0.0,49876600
2015-12-21,0.0,97.57667541503906,0.0,97.84598213901113,96.86431034844638,97.44636335803929,0.0,26479300
2015-12-22,0.0,98.47150421142578,0.0,98.61918816056192,97.11627431968519,97.8547006933144,0.0,28108700
2015-12-23,0.0,99.71382141113281,0.0,99.87019463360305,98.8016498033481,98.96670564021395,0.0,29609700
2015-12-24,0.0,99.90225219726562,0.496,100.47811116934571,99.59687546512323,99.84990380224508,0.0,13370500
2015-12-28,0.0,99.43980407714844,0.0,99.52705360393715,98.55856854614439,99.44853102684097,0.0,22125500
2015-12-29,0.0,100.51300048828125,0.0,100.59152973348378,99.52706804476229,99.88479981022677,0.0,22841500
2015-12-30,0.0,99.50091552734375,0.0,100.64390005358217,99.46601437261778,100.38215137820931,0.0,21273200
2015-12-31,0.0,98.26192474365234,0.0,99.43981006804387,98.16594826138886,99.08207833293223,0.0,39517700
2016-01-04,0.0,95.98468780517578,0.0,96.70014470163666,95.17325441532388,96.50819171485463,0.0,66665900
2016-01-05,0.0,96.19409942626953,0.0,96.48202894053098,95.58334590212174,96.33370403562569,0.0,28253300
2016-01-06,0.0,94.72827911376953,0.0,95.62696210286718,94.23094936947695,94.84170286011212,0.0,35569200
2016-01-07,0.0,92.1979751586914,0.0,93.79466737297712,92.04092335635656,93.11411178176336,0.0,52482000
2016-01-08,0.0,90.61004638671875,0.0,92.91346931085644,90.44427422511484,92.37251806238918,0.0,60299300
2016-01-11,0.0,90.21739959716797,0.0,91.42145918921202,89.2663616665307,90.92412950372503,0.0,47144800
2016-01-12,0.0,90.48789978027344,0.0,91.60471013879584,88.94356191253554,90.93288119574292,0.0,53702900
2016-01-13,0.0,87.58241271972656,0.0,91.10734833691438,86.94548515604518,90.66237373435753,0.0,70591600
2016-01-14,0.0,88.79520416259766,0.0,89.61536444019647,86.54413685954749,88.00122473666266,0.0,69373400
2016-01-15,0.0,87.35556030273438,0.0,87.50388516181619,85.07831240567992,86.44815059239706,0.0,85759200
2016-01-19,0.0,86.17767333984375,0.0,88.29786954954828,85.27899052765885,88.18444582553404,0.0,51391100
2016-01-20,0.0,86.53541564941406,0.0,87.53880201494323,82.94067730443346,85.00852537999982,0.0,94385800
2016-01-21,0.0,86.33473205566406,0.0,88.04485494285868,85.83740236953784,86.66628961755688,0.0,65798200
2016-01-22,0.0,88.44621276855469,0.0,88.65561300085047,87.36429714548085,87.81800541495396,0.0,46056700
2016-01-25,0.0,86.4830551147461,0.0,88.1931711776025,86.24747406420721,87.8965147911299,0.0,35019600
2016-01-26,0.0,88.21063232421875,0.0,88.47238760902744,86.53541714024067,86.832066916758,0.0,33349600
2016-01-27,0.0,86.9978256225586,0.0,88.63813927941847,86.43069374088138,87.7656307404418,0.0,47973900
2016-01-28,0.0,86.98041534423828,0.0,88.07977177770275,86.57033509157618,87.73077353917006,0.0,41951100
2016-01-29,0.0,89.83349609375,0.0,89.85094999573094,87.21596996051703,87.28577225501441,0.0,42245300
2016-02-01,0.0,89.42342376708984,0.0,89.94692770824764,88.34151473446855,89.11804702280727,0.0,33615700
2016-02-02,0.0,87.49518585205078,0.0,88.53347350704355,87.05020447752328,88.41132280136372,0.0,39692700
2016-02-03,0.0,87.60860443115234,0.0,88.18445672920444,85.62800589405558,88.17572977805891,0.0,55262500
2016-02-04,0.0,87.9488754272461,0.0,88.96970895993796,87.2246916431808,87.25086583785811,0.0,51188400
2016-02-05,0.0,85.54074096679688,0.0,87.6347628652872,85.47093868361438,87.55623363252884,0.0,53366600
2016-02-08,0.0,84.13604736328125,0.0,84.64210420631734,82.83601075184745,84.64210420631734,0.0,61107700
2016-02-09,0.0,83.56884765625,0.0,84.74673258272571,82.90573945463665,83.00171590447715,0.0,55857200
2016-02-10,0.0,83.61250305175781,0.0,85.4360428810497,83.4816254267899,84.15345413844678,0.0,42756100
2016-02-11,0.0,82.70509338378906,0.0,83.23732417771271,81.70170713343894,82.08561305868552,0.0,57923200
2016-02-12,0.0,84.27562713623047,0.0,84.45013290131496,83.05412006421051,83.46420029126618,0.0,40097300
2016-02-16,0.0,86.27367401123047,0.0,86.46562702624088,84.82531275956765,85.32264254540627,0.0,38882100
2016-02-17,0.0,87.62603759765625,0.0,88.20188980318487,86.84077853856066,86.87567968082182,0.0,40940400
2016-02-18,0.0,87.20724487304688,0.0,87.80927802670345,86.84951975535171,87.69585428825637,0.0,35043600
2016-02-19,0.0,87.64347839355469,0.0,87.739454863535,86.47432016901166,86.86694634132256,0.0,32424800
2016-02-22,0.0,88.6207275390625,0.0,89.00463358015283,88.33279800824475,88.42004756575223,0.0,28867400
2016-02-23,0.0,87.80925750732422,0.0,88.55088842294015,87.73073493522088,88.33276129148183,0.0,29857100
2016-02-24,0.0,88.65562438964844,0.0,88.83885044853385,86.35220156835452,86.91933364969366,0.0,36909600
2016-02-25,0.0,89.4670181274414,0.0,89.51936650480032,88.46363206889093,88.81263678360995,0.0,22612600
2016-02-26,0.0,90.0341567993164,0.0,90.27845812117312,89.60662282935542,89.9207264308031,0.0,27474700
2016-02-29,0.0,89.63282775878906,0.0,90.76708515168575,89.62410080731755,89.9818259370874,0.0,32014400
2016-03-01,0.0,91.56104278564453,0.0,91.56104278564453,89.92944951800885,90.4093318486992,0.0,36422700
2016-03-02,0.0,92.50338745117188,0.0,92.56446280579189,91.25569950103629,91.43020526903234,0.0,24937100
2016-03-03,0.0,93.47183990478516,0.0,93.48929380379401,92.41610534295909,92.52953571638051,0.0,28216300
2016-03-04,0.0,93.98664855957031,0.0,94.51015250576837,93.07051166118833,93.41951651089165,0.0,38180900
2016-03-07,0.0,95.00747680664062,0.0,95.09472634988622,93.54166184728898,93.54166184728898,0.0,38739900
2016-03-08,0.0,92.71278381347656,0.0,94.48397555244605,92.60808036460386,94.48397555244605,0.0,46193900
2016-03-09,0.0,93.1839370727539,0.0,93.36716311127145,92.54700275691467,93.02688523163694,0.0,25627200
2016-03-10,0.0,92.42487335205078,0.0,93.78598518408285,91.44766093150352,93.44570722607483,0.0,47051200
2016-03-11,0.0,94.40542602539062,0.0,94.51885640148542,93.06176866537098,93.17519238475356,0.0,33625000
2016-03-14,0.0,94.16114807128906,0.0,94.52760016957228,93.70744642437374,94.11752662532994,0.0,24422700
2016-03-15,0.0,92.69536590576172,0.0,93.60277617821627,92.51213979161939,93.5417008068355,0.0,34258400
2016-03-16,0.0,93.3497314453125,0.0,93.64638795218357,92.25037495233013,92.25037495233013,0.0,37952200
2016-03-17,0.0,94.78063201904297,0.0,95.1907122351369,92.77386569957095,93.34971806717105,0.0,41724500
2016-03-18,0.0,95.63569641113281,0.0,95.93234622748483,94.84171015551836,94.90278550927991,0.0,36512600
2016-03-21,0.0,95.40882873535156,0.0,95.92361234992299,95.17325430611608,95.48735798290564,0.0,29903700
2016-03-22,0.0,95.29541015625,0.0,95.70549034852482,94.64102857029155,94.91150416233931,0.0,23602100
2016-03-23,0.0,93.53376770019531,0.327,95.03023721034491,93.4637624675258,94.98648477451435,0.0,39243300
2016-03-24,0.0,93.81379699707031,0.0,93.8313033105885,92.53610985503842,92.9736742191604,0.0,30924300
2016-03-28,0.0,93.92756652832031,0.0,94.32137177915867,93.24496719929265,94.0150780644286,0.0,21096400
2016-03-29,0.0,96.53543853759766,0.0,96.561691328633,93.43748233809353,93.67377081081511,0.0,46761100
2016-03-30,0.0,96.5442123413086,0.0,97.2443180765901,96.30793049475538,97.04303550776817,0.0,35683500
2016-03-31,0.0,96.81550598144531,0.0,97.2880763797566,96.56171780401684,96.68424199027845,0.0,28555900
2016-04-01,0.0,97.24430847167969,0.0,97.3318200107705,95.80909786514248,95.92286219829029,0.0,29981400
2016-04-04,0.0,96.43043518066406,0.0,97.41932822436821,96.35167012447933,97.06052892333305,0.0,21529400
2016-04-05,0.0,95.33654022216797,0.0,96.14165717161131,95.2490219947344,95.71284589934092,0.0,32515800
2016-04-06,0.0,96.41293334960938,0.0,96.50044488978126,95.03022831410475,95.32777556273224,0.0,28157800
2016-04-07,0.0,95.10901641845703,0.0,96.15916850837223,94.62769281583515,95.71285754234556,0.0,33298400
2016-04-08,0.0,95.48529815673828,0.0,96.32542095298332,95.06523342026452,95.92286253040982,0.0,26151700
2016-04-11,0.0,95.187744140625,0.0,96.74547880853346,95.17024450467189,96.03662003344475,0.0,25842100
2016-04-12,0.0,96.2116470336914,0.0,96.42167604265146,94.89020088738488,95.20524773917586,0.0,25058700
2016-04-13,0.0,98.28571319580078,0.0,98.39073105520477,96.71048536495827,96.77174411376821,0.0,40534700
2016-04-14,0.0,98.16320037841797,0.0,98.62701759533613,97.90941221361868,98.24196544590204,0.0,25538600
2016-04-15,0.0,98.40821838378906,0.0,98.5657418148394,97.89189566221975,97.92690161097562,0.0,21176100
2016-04-18,0.0,99.1521224975586,0.0,99.23088090601854,97.90068770840361,97.99695243654666,0.0,19428300
2016-04-19,0.0,99.23087310791016,0.0,99.87846667449539,98.79330862408422,99.33589098764189,0.0,23228100
2016-04-20,0.0,99.379638671875,0.0,99.9484738089547,98.86331581049905,99.23086835690604,0.0,21422500
2016-04-21,0.0,98.88082122802734,0.0,99.69469144359253,98.59203373995264,99.3008860746789,0.0,20535700
2016-04-22,0.0,99.86094665527344,0.0,99.93095856080797,98.87205352723379,98.87205352723379,0.0,29094500
2016-04-25,0.0,99.1521224975586,0.0,99.6859517439138,98.7233044624833,99.58968701577076,0.0,16369600
2016-04-26,0.0,100.12349700927734,0.0,100.22850820036456,99.0383324055512,99.47589683962366,0.0,30564100
2016-04-27,0.0,100.47354888916016,0.0,100.68358463660262,99.67718504606142,100.18476142065838,0.0,24360300
2016-04-28,0.0,99.3271255493164,0.0,100.63981883851442,99.05583773942722,100.00097183335525,0.0,26126500
2016-04-29,0.0,98.43450164794922,0.0,99.292124231328,97.76940181421409,98.89831889685664,0.0,33284500
2016-05-02,0.0,99.30963897705078,0.0,99.33589177801656,98.17196863936971,98.74080380821025,0.0,21881000
2016-05-03,0.0,97.681884765625,0.0,98.50450134551956,97.07804372180718,98.49575486423471,0.0,37929600
2016-05-04,0.0,96.87677764892578,0.0,98.0056948603588,96.58799015316268,97.13056586018168,0.0,30767200
2016-05-05,0.0,96.49171447753906,0.0,97.42810213438372,96.3516906485848,97.27057866516202,0.0,26249200
2016-05-06,0.0,97.060546875,0.0,97.07804651477643,95.86161791085885,96.08915328817324,0.0,25497400
2016-05-09,0.0,97.340576171875,0.0,97.91815768906201,96.81549356771978,97.06928171260742,0.0,23427000
2016-05-10,0.0,98.3207015991211,0.0,98.36446070190432,97.20053800556772,97.71686737626284,0.0,18635300
2016-05-11,0.0,97.10427856445312,0.0,98.25069501090245,97.02552018723235,98.10192473612851,0.0,23604600
2016-05-12,0.0,96.5879898071289,0.0,97.56813001072504,95.82662517608887,97.3055953176351,0.0,34803000
2016-05-13,0.0,95.94912719726562,0.0,97.08679738026747,95.70409218596141,96.31667971422192,0.0,24510300
2016-05-16,0.0,97.16554260253906,0.0,97.5943538141999,96.15039673948654,96.19414917031587,0.0,27337000
2016-05-17,0.0,95.62532806396484,0.0,97.50685645754369,95.18776363181642,97.034286069619,0.0,46676300
2016-05-18,0.0,96.12415313720703,0.0,96.84176522965795,95.20527181767264,95.22277145755274,0.0,35734400
2016-05-19,0.0,95.35404205322266,0.0,96.06289431014382,94.5051659705522,95.42405396609729,0.0,36995600
2016-05-20,0.0,96.95552062988281,0.0,96.95552062988281,95.59032183734806,95.64282742884465,0.0,37404500
2016-05-23,0.0,96.84175872802734,0.0,97.48059902966592,96.70173491157321,96.93801675596075,0.0,23721700
2016-05-24,0.0,98.83704376220703,0.0,99.08207874542379,97.37557366653135,97.41057961794839,0.0,41124300
2016-05-25,0.0,99.41461944580078,0.0,99.67716072769944,98.95955545743887,99.15208484060426,0.0,26202900
2016-05-26,0.0,99.3008804321289,0.0,99.7821973360398,99.10835099988302,99.56341510425199,0.0,15157200
2016-05-27,0.0,100.28978729248047,0.0,100.28978729248047,99.33589983757514,99.3796522838332,0.0,21265100
2016-05-31,0.0,100.63980865478516,0.0,101.1123789922815,100.20224426932957,100.48228520895303,0.0,32764400
2016-06-01,0.0,101.32242584228516,0.0,101.47119615708814,100.13224997045359,100.29852660270623,0.0,26806100
2016-06-02,0.0,102.10126495361328,0.0,102.10126495361328,100.96360163707672,101.0686128091465,0.0,23303300
2016-06-03,0.0,101.48870086669922,0.0,101.92626532215506,100.63982475484231,101.92626532215506,0.0,28733200
2016-06-06,0.0,102.58260345458984,0.0,102.89765037039369,101.52369836185596,101.58495711344541,0.0,26946000
2016-06-07,0.0,102.88011932373047,0.0,103.2476784216143,102.35504348251273,102.64383753202803,0.0,21038500
2016-06-08,0.0,103.64151763916016,0.0,103.82529391005009,102.95891815393928,102.96767131256368,0.0,27999900
2016-06-09,0.0,102.97637939453125,0.0,103.21266785235176,102.643832934552,103.21266785235176,0.0,23440700
2016-06-10,0.0,101.5761947631836,0.0,102.2850469212412,101.24364823846452,102.02251229963221,0.0,32686800
2016-06-13,0.0,100.47354888916016,0.0,101.67247790983836,100.28101945902311,101.20866065180121,0.0,36169500
2016-06-14,0.0,100.18475341796875,0.0,100.73608218838196,99.47589451120523,100.10598834979359,0.0,34267600
2016-06-15,0.0,100.2547607421875,0.0,101.12988960809822,100.1672491909371,100.54355487034685,0.0,24197700
2016-06-16,0.0,100.24600982666016,0.0,100.2810091042495,98.7932927686875,99.51965129767382,0.0,36306600
2016-06-17,0.0,99.81719207763672,0.0,100.56980340455041,99.48464552630165,100.12349250908304,0.0,30096400
2016-06-20,0.0,100.90234375,0.0,101.90873643328015,100.90234375,101.33990810853999,0.0,28219800
2016-06-21,0.0,100.70984649658203,0.0,100.99864066776999,100.05349974935723,100.9373752283928,0.0,34706800
2016-06-22,0.0,100.3160171508789,0.0,101.4099282076975,100.19349964665149,100.90235855162813,0.0,27226100
2016-06-23,0.0,102.23255920410156,0.0,102.3113242780454,101.27867189510685,101.35743029234698,0.0,30240300
2016-06-24,0.0,98.34697723388672,0.0,99.79969432194194,97.57686625361485,97.9619250821024,0.0,74945400
2016-06-27,0.0,95.11775207519531,0.0,97.20055623018,94.68018767212857,97.20055623018,0.0,58358800
2016-06-28,0.0,96.5879898071289,0.0,97.03430078839313,95.88788393881363,95.95789586098603,0.0,42040600
2016-06-29,0.0,98.78453826904297,0.0,98.93331524194065,97.60311570370953,97.7518859999042,0.0,34031600
2016-06-30,0.0,100.62230682373047,0.0,100.65730609830565,98.51324332699106,98.99456681118127,0.0,42973800
2016-07-01,0.0,100.98111724853516,0.0,101.47118726692811,100.4647944329716,100.68357664499749,0.0,24401900
2016-07-05,0.0,99.49340057373047,0.0,100.86735259399087,98.95081828594935,100.65731686386083,0.0,29347200
2016-07-06,0.0,100.21581268310547,0.621,100.32140731685183,98.82551354895399,99.02790158529143,0.0,24678300
2016-07-07,0.0,100.427001953125,0.0,101.18374676214916,99.79345424839639,100.50619961207408,0.0,20780600
2016-07-08,0.0,102.76765441894531,0.0,103.0316310064187,101.32456092462662,101.4125531204511,0.0,37964800
2016-07-11,0.0,103.9555435180664,0.0,104.2107255305104,103.3659885479576,103.44517949317844,0.0,26987300
2016-07-12,0.0,105.3458480834961,0.0,105.96180006659448,104.56270625639682,104.71229363609598,0.0,44153000
2016-07-13,0.0,104.9322738647461,0.0,105.93539946776691,104.66829061621519,105.88260550340989,0.0,28050200
2016-07-14,0.0,105.03787994384766,0.0,105.90901401745617,104.9762847409334,105.85622004735069,0.0,19345400
2016-07-15,0.0,105.32825469970703,0.0,105.62743619827137,104.9586834779867,105.49544455812163,0.0,23857300
2016-07-18,0.0,105.50424194335938,0.0,105.90021013599421,105.00267909978096,105.17866347131346,0.0,17422400
2016-07-19,0.0,104.97628021240234,0.0,105.56583523105968,104.65070174625845,105.38104963028827,0.0,19734100
2016-07-20,0.0,105.66264343261719,0.0,105.97942071065737,104.65951762328136,105.19627874921754,0.0,22390500
2016-07-21,0.0,105.16105651855469,0.0,106.12018265398285,104.93227148923214,105.60102411389738,0.0,19018700
2016-07-22,0.0,105.94422912597656,0.0,106.16421298765285,105.02029422158627,105.22268232821331,0.0,17796100
2016-07-25,0.0,105.78580474853516,0.0,105.9969873046739,105.38103538536409,105.72420955660418,0.0,13694600
2016-07-26,0.0,106.29618072509766,0.0,106.44576810616257,105.52183340970622,105.76821420519506,0.0,19551100
2016-07-27,0.0,106.5953369140625,0.0,106.88571710673845,105.90018738312853,106.47214653778276,0.0,21064700
2016-07-28,0.0,106.32256317138672,0.0,106.68333308306224,106.05857994752873,106.36655589978155,0.0,16540100
2016-07-29,0.0,106.53376770019531,0.0,107.14092521230097,105.63623663798899,106.21699045156399,0.0,30267900
2016-08-01,0.0,106.62177276611328,0.0,107.0881374625435,105.97942367179886,106.64816975445848,0.0,34771700
2016-08-02,0.0,105.1346435546875,0.0,106.65692744367097,104.80026393649999,106.612934718848,0.0,28691000
2016-08-03,0.0,105.98820495605469,0.0,106.03220440671812,104.80029363525165,105.03787992743642,0.0,17830300
2016-08-04,0.0,106.0849838256836,0.0,106.6393472891598,105.82100729803211,105.98819041819958,0.0,17526700
2016-08-05,0.0,107.6160888671875,0.0,107.8624696747396,106.44577331794152,106.77134507933243,0.0,28643400
2016-08-08,0.0,107.56327056884766,0.0,108.10003154598323,107.3784849934461,107.66006397215882,0.0,14625700
2016-08-09,0.0,107.67769622802734,0.0,107.90647459608878,107.47530813418534,107.58969731821605,0.0,12487700
2016-08-10,0.0,106.9033432006836,0.0,107.88007197085315,106.60416840575724,107.68648512078367,0.0,19138100
2016-08-11,0.0,107.41370391845703,0.0,107.70408418438703,106.9737362597899,107.37850570015881,0.0,21144600
2016-08-12,0.0,107.51927185058594,0.0,107.7568513733339,107.02650363025691,107.20249467800728,0.0,12251200
2016-08-15,0.0,108.58401489257812,0.0,108.839196929378,107.73047659685486,107.7568735811146,0.0,22048000
2016-08-16,0.0,107.70409393310547,0.0,108.33764849307143,107.58090351459813,108.30245027158729,0.0,20244300
2016-08-17,0.0,107.38728332519531,0.0,107.79205267658025,106.76253019283776,107.73925871742594,0.0,20632600
2016-08-18,0.0,108.17925262451172,0.0,108.2056496105174,107.38730947747214,107.42250769660433,0.0,16244600
2016-08-19,0.0,108.17925262451172,0.0,108.29364180166094,107.59849207889141,108.02965851485646,0.0,17379500
2016-08-22,0.0,108.42560577392578,0.0,108.53119369100155,107.64246405987714,107.95044000696838,0.0,16929700
2016-08-23,0.0,109.18236541748047,0.0,109.51673838949905,108.76879478346855,108.76879478346855,0.0,21539400
2016-08-24,0.0,108.29362487792969,0.0,109.33194868325528,108.02964163237955,109.05917091932686,0.0,21533400
2016-08-25,0.0,108.5047836303711,0.0,108.83916322979053,107.88883181044791,107.8976330402672,0.0,17023200
2016-08-26,0.0,108.28482055664062,0.0,109.47273841435027,107.61607465684018,108.62799473804083,0.0,26734400
2016-08-29,0.0,108.84796142578125,0.0,109.26153196744076,108.44319211423854,108.4695890912174,0.0,14013900
2016-08-30,0.0,109.05037689208984,0.0,109.26155947445825,108.56640981439845,108.96238470888412,0.0,14031300
2016-08-31,0.0,108.4344253540039,0.0,109.01517913631182,107.83606910695659,108.91838572036495,0.0,29236300
2016-09-01,0.0,108.51361846923828,0.0,108.78639625777934,107.36969991980276,108.5312142209553,0.0,22964700
2016-09-02,0.0,109.56074523925781,0.0,109.57834099123798,108.78639788466027,109.12077759264504,0.0,23083300
2016-09-06,0.0,109.66630554199219,0.0,109.96548695724942,109.0855518857674,109.9214875183266,0.0,13711000
2016-09-07,0.0,110.3526611328125,0.0,110.37905811096,109.53432124338084,109.59591643018229,0.0,17830500
2016-09-08,0.0,110.1326904296875,0.0,110.35267422484424,109.78950953294014,110.26467533608341,0.0,16265500
2016-09-09,0.0,106.69215393066406,0.0,109.29676158390266,106.65695571345324,109.27036459933792,0.0,54239000
2016-09-12,0.0,108.17925262451172,0.0,108.2056496105174,106.10260468932967,106.19939811359971,0.0,33408100
2016-09-13,0.0,106.10258483886719,0.0,107.4928840242987,105.48662618935283,107.40488513624479,0.0,47536200
2016-09-14,0.0,106.12017822265625,0.0,106.88572422339934,105.8474004732136,106.26976558761689,0.0,30545500
2016-09-15,0.0,107.38728332519531,0.0,107.51927493645333,106.04098365978247,106.19057101963452,0.0,29499800
2016-09-16,0.0,107.22891235351562,0.0,107.38730097037619,106.56015966972959,107.38730097037619,0.0,31940500
2016-09-19,0.0,107.94164276123047,0.0,108.71598998635933,107.34328659334562,107.63366680276894,0.0,22807000
2016-09-20,0.0,107.48411560058594,0.0,108.43444748931157,107.48411560058594,108.40804378681254,0.0,16877900
2016-09-21,0.0,109.04156494140625,0.0,109.08556438537077,107.44008319633753,107.86245503293011,0.0,30784700
2016-09-22,0.0,110.60784912109375,0.0,110.69584800953763,109.69272244430557,109.75431763819272,0.0,36287700
2016-09-23,0.0,109.8247299194336,0.0,110.76626048426498,109.8247299194336,110.48468143814833,0.0,26118000
2016-09-26,0.0,108.7341079711914,0.344,109.56352852298343,108.61939593208213,109.2370569825701,0.0,20028000
2016-09-27,0.0,109.17530822753906,0.0,109.30765793607088,108.36352520095073,108.68117796528351,0.0,16939500
2016-09-28,0.0,110.0135269165039,0.0,110.08411789799703,108.59291539060591,109.36939599125063,0.0,19426400
2016-09-29,0.0,108.40760803222656,0.0,109.97822018431212,108.26642608367126,109.96057580670562,0.0,26657700
2016-09-30,0.0,109.59881591796875,0.0,110.10176489218017,108.4076216876708,108.90174510600437,0.0,31764500
2016-10-03,0.0,109.25469207763672,0.0,109.50175378406212,108.64585663542658,109.26351763341665,0.0,18674300
2016-10-04,0.0,108.71643829345703,0.0,109.68704065627901,108.22231492298607,109.43115341602054,0.0,26057300
2016-10-05,0.0,109.36941528320312,0.0,110.01354632207634,109.10470915380152,109.14000465077395,0.0,24317300
2016-10-06,0.0,109.25469207763672,0.0,109.43116280167582,108.372324993588,109.19292665103038,0.0,18937100
2016-10-07,0.0,108.38113403320312,0.0,109.69585890314579,107.85171520983717,109.44879723437005,0.0,28732700
2016-10-10,0.0,109.67823791503906,0.0,110.06647487793849,108.3811571454389,108.3811571454389,0.0,21481700
2016-10-11,0.0,107.6752700805664,0.0,109.51059550191586,107.06643454850155,109.45765562327634,0.0,31931300
2016-10-12,0.0,107.58702850341797,0.0,108.18703844381139,107.23408029166997,107.72820374896084,0.0,20210400
2016-10-13,0.0,106.69584655761719,0.0,107.12821135833424,105.98113123730255,106.75761199601564,0.0,26302500
2016-10-14,0.0,106.26347351074219,0.0,107.50760766081248,106.23700357400641,107.08407520918611,0.0,24554600
2016-10-17,0.0,106.13995361328125,0.0,106.6340771018531,106.02524829827068,106.39584091469956,0.0,17119500
2016-10-18,0.0,106.7488021850586,0.0,107.27822123488555,106.46644490968899,107.22527461755293,0.0,19158900
2016-10-19,0.0,107.19881439208984,0.0,107.60470259148063,106.3252725440951,106.91645709112542,0.0,18477400
2016-10-20,0.0,106.88115692138672,0.0,107.64881895546513,106.24585807089595,106.88998248001165,0.0,20485600
2016-10-21,0.0,106.82820892333984,0.0,107.09292180656118,105.97231156377623,106.1134935633418,0.0,21093700
2016-10-24,0.0,107.50760650634766,0.0,108.18703295759578,107.16348386862397,107.68408396923601,0.0,15421600
2016-10-25,0.0,106.70467376708984,0.0,107.63998091501199,106.41349095359136,107.48115453782445,0.0,16459800
2016-10-26,0.0,105.64585876464844,0.0,106.76646247485623,105.40761578098106,105.98115597537239,0.0,24975300
2016-10-27,0.0,104.4369888305664,0.0,106.00760146721075,104.1987459018591,105.98995708416068,0.0,29525700
2016-10-28,0.0,104.14579772949219,0.0,105.02816491416219,103.89873599489297,104.39285946409142,0.0,35473700
2016-10-31,0.0,104.56053924560547,0.0,104.68407014582232,103.94288474452124,104.27818194054852,0.0,20311800
2016-11-01,0.0,103.28107452392578,0.0,104.73697489251843,102.60164806878409,104.70168613166541,0.0,34147200
2016-11-02,0.0,101.9663314819336,0.0,103.2369421549805,101.81633070301172,103.12223686496839,0.0,29859900
2016-11-03,0.0,101.47223663330078,0.0,102.56637016945042,101.36635013679802,102.27519408494193,0.0,22717500
2016-11-04,0.0,102.12515258789062,0.0,103.14870151809599,101.51632394816238,101.73691569361085,0.0,35237200
2016-11-07,0.0,104.62227630615234,0.0,104.84286810124266,103.86343999248751,104.11932728262354,0.0,32370900
2016-11-08,0.0,104.89580535888672,0.0,105.40757992638117,103.86343739930206,104.38403752331944,0.0,26196800
2016-11-09,0.0,108.12527465820312,0.0,108.38116194731894,104.16344791911658,104.1899178573135,0.0,77416800
2016-11-10,0.0,109.85472869873047,0.0,110.6488606140226,108.19588060050886,109.64296243196198,0.0,83440700
2016-11-11,0.0,112.3782730102539,0.0,112.69592570089513,109.89882364401286,110.32235607691673,0.0,95612800
2016-11-14,0.0,113.95771789550781,0.0,114.93714602091424,113.28712367402018,113.78124714920632,0.0,83119400
2016-11-15,0.0,114.31067657470703,0.0,114.61067819957518,113.20771754458414,113.69302221060929,0.0,38704500
2016-11-16,0.0,114.30184173583984,0.0,114.70773657396703,113.85183930857595,114.04596117065567,0.0,42325500
2016-11-17,0.0,114.9724349975586,0.0,115.44008848009373,114.48713040327117,114.66360112923385,0.0,42576900
2016-11-18,0.0,115.5812759399414,0.0,115.66950457518955,114.97244046215702,115.31656310648899,0.0,41380600
2016-11-21,0.0,116.11953735351562,0.0,116.47247887365097,115.2459889149751,115.86364330713994,0.0,32293100
2016-11-22,0.0,117.1783676147461,0.0,117.26659625700682,116.1812883638288,116.57835091363978,0.0,39681500
2016-11-23,0.0,117.91072845458984,0.0,117.92836610389776,116.56070777053962,116.89599813749786,0.0,37939200
2016-11-25,0.0,118.29896545410156,0.0,118.32543539041718,117.83129849686712,117.99895040276847,0.0,13373400
2016-11-28,0.0,116.76367950439453,0.0,118.23723144479732,116.60484637139685,118.21076149994072,0.0,32505700
2016-11-29,0.0,116.70188903808594,0.0,117.43425548003484,116.56072050892271,116.92248085323239,0.0,27993700
2016-11-30,0.0,116.12837219238281,0.0,117.43427215358436,116.03131124138324,117.28427131365007,0.0,32491200
2016-12-01,0.0,115.5635986328125,0.0,116.95774000672469,114.96358211540111,116.69302723327411,0.0,39815900
2016-12-02,0.0,115.50189208984375,0.0,116.00484799146433,115.16660161928863,115.53719432707604,0.0,24054100
2016-12-05,0.0,117.48719024658203,0.0,117.64602334777766,116.37541239363397,116.44600338707032,0.0,27547100
2016-12-06,0.0,118.7578125,0.0,119.04017650061108,117.12544106198324,117.81368648365199,0.0,27820000
2016-12-07,0.0,119.91371154785156,0.0,120.16077331652191,118.39603870381559,118.75781253074598,0.0,31825800
2016-12-08,0.0,121.80198669433594,0.0,121.95200099649428,119.82549238839051,120.22255501493436,0.0,49048900
2016-12-09,0.0,122.04022979736328,0.0,122.49024577664494,121.54610622030378,122.11963962999263,0.0,34313500
2016-12-12,0.0,120.75193786621094,0.0,122.26961029053695,120.45192283248853,121.72253355646872,0.0,34592900
2016-12-13,0.0,120.76079559326172,0.0,121.81081488992446,120.21373214680843,121.35198009981612,0.0,32624600
2016-12-14,0.0,119.25191497802734,0.0,121.19313347977926,118.95191337824905,120.37252502879245,0.0,45923700
2016-12-15,0.0,120.14311218261719,0.0,121.00782820395625,119.08427431471267,119.44603460708105,0.0,41352500
2016-12-16,0.0,119.92253112792969,0.0,121.35196170429111,119.67546938544389,120.31077485579456,0.0,39348200
2016-12-19,0.0,120.70784759521484,0.0,121.05197029870703,119.92254124807337,120.0372398399999,0.0,33393900
2016-12-20,0.0,121.73140716552734,0.0,121.95199900599094,120.87550974742001,121.13139035826049,0.0,31753600
2016-12-21,0.0,120.9372329711914,0.0,121.89900988204295,120.893111923275,121.63431052225151,0.0,23215900
2016-12-22,0.0,119.89445495605469,0.563,121.16143827835946,119.4425828043974,120.99309481161589,0.0,34737900
2016-12-23,0.0,120.53234100341797,0.0,120.6032231590889,119.85012560393923,120.0184690337341,0.0,17081400
2016-12-27,0.0,121.07280731201172,0.0,121.64871976515884,120.68297572942768,120.70068612905261,0.0,13571700
2016-12-28,0.0,119.83240509033203,0.0,121.36519288202892,119.46028390202703,121.28545552440411,0.0,22712400
2016-12-29,0.0,119.93868255615234,0.0,120.72722771475861,119.3362046908733,119.86780042152219,0.0,21312900
2016-12-30,0.0,119.47799682617188,0.0,120.1690809007674,119.07928303596154,120.1425017840051,0.0,28399300
2017-01-03,0.0,120.0716323852539,0.0,121.23229900510445,119.16790176118982,120.9310599702129,0.0,29792400
2017-01-04,0.0,122.07400512695312,0.0,122.23349336706283,120.50576944292442,120.54121728267754,0.0,34499400
2017-01-05,0.0,120.66522216796875,0.0,122.05624528259514,120.06273074400237,121.81703327192172,0.0,30286900
2017-01-06,0.0,120.2222671508789,0.0,121.12599788956608,120.21339843029939,120.86019314061208,0.0,23436000
2017-01-09,0.0,119.43368530273438,0.0,120.24880970407965,119.16788063461618,120.08932149545393,0.0,24077900
2017-01-10,0.0,120.57667541503906,0.0,120.83362498612887,119.39828461924301,119.61093114158709,0.0,21684900
2017-01-11,0.0,120.78929138183594,0.0,121.1968468806574,119.98302206455622,120.70068530675879,0.0,27428800
2017-01-12,0.0,119.8589859008789,0.0,120.69183436619501,118.3616324072007,120.63867612702836,0.0,41844200
2017-01-13,0.0,120.72725677490234,0.0,121.35632742155241,120.18679219771447,120.18679219771447,0.0,27784500
2017-01-17,0.0,119.08814239501953,0.0,120.22222968570628,118.84006164514349,120.14249234168618,0.0,28197800
2017-01-18,0.0,119.47799682617188,0.0,119.55773417645874,118.68058276513919,119.39824595649702,0.0,21289700
2017-01-19,0.0,118.50337219238281,0.0,120.00072537608375,117.98948678783898,119.73492071588706,0.0,34105900
2017-01-20,0.0,119.11473083496094,0.0,119.5045759065398,118.50338411083847,118.50338411083847,0.0,29286100
2017-01-23,0.0,118.61856842041016,0.0,119.32736288780518,117.94519474924186,118.75146400319976,0.0,20537000
2017-01-24,0.0,120.43486022949219,0.0,120.74496792041892,118.91979664542232,119.02611310202045,0.0,34313800
2017-01-25,0.0,121.56896209716797,0.0,121.87020107312979,121.33859174664335,121.43605300585297,0.0,29127300
2017-01-26,0.0,121.08165740966797,0.0,121.82589966112671,120.86901097237107,121.68413536959544,0.0,22255600
2017-01-27,0.0,120.66522216796875,0.0,121.4183195486946,120.18677110785049,121.17910753802117,0.0,19467800
2017-01-30,0.0,118.98180389404297,0.0,119.82352086302886,118.05150790834017,119.81465214584841,0.0,40464400
2017-01-31,0.0,119.81466674804688,0.0,120.10705054353058,118.26415522372844,118.6096972512296,0.0,32945000
2017-02-01,0.0,119.74380493164062,0.0,121.26773759871725,119.34510460442183,120.69183862822231,0.0,30010500
2017-02-02,0.0,119.44257354736328,0.0,120.2045399297753,119.15905840381433,119.87672174271816,0.0,19935700
2017-02-03,0.0,121.26773071289062,0.0,121.36519198906693,120.06276107988762,120.48805402286924,0.0,24534100
2017-02-06,0.0,120.35511016845703,0.0,121.18795837549509,119.99184428761954,120.85127160599836,0.0,23691500
2017-02-07,0.0,119.82356262207031,0.0,120.91334718357054,119.4071383510419,120.33744818034774,0.0,30342200
2017-02-08,0.0,119.61090087890625,0.0,119.82354734744877,118.62743293090413,119.82354734744877,0.0,32956900
2017-02-09,0.0,121.29431915283203,0.0,121.60442692432956,119.61091172884875,119.61091172884875,0.0,28267600
2017-02-10,0.0,122.21575164794922,0.0,122.59672799377783,121.56010190190057,122.08284254731609,0.0,27287600
2017-02-13,0.0,122.53472900390625,0.0,123.34099834352011,122.34866164884563,122.95115323340399,0.0,23245100
2017-02-14,0.0,122.9422836303711,0.0,123.11062706483757,121.92338134302766,122.21576517351323,0.0,27145000
2017-02-15,0.0,123.67765808105469,0.0,123.83714629917725,122.33093778266866,122.43725424849181,0.0,20253500
2017-02-16,0.0,123.33213806152344,0.0,123.89918184610599,122.45500002314476,123.56250847110994,0.0,24613600
2017-02-17,0.0,123.25235748291016,0.0,123.29666050917318,122.49039139709673,122.66758998276336,0.0,26703200
2017-02-21,0.0,124.21809387207031,0.0,124.32442383264929,123.4915756582682,123.4915756582682,0.0,21353500
2017-02-22,0.0,123.66880798339844,0.0,124.05865306668163,123.37642417093603,124.04092914851738,0.0,14890800
2017-02-23,0.0,122.93343353271484,0.0,124.0497971432208,121.99426856396367,124.00550762232444,0.0,24596200
2017-02-24,0.0,122.84480285644531,0.0,122.84480285644531,121.64870212453864,121.79046641731468,0.0,24512300
2017-02-27,0.0,124.04096221923828,0.0,124.04096221923828,122.4550158651105,122.57018756541324,0.0,28269000
2017-02-28,0.0,122.12715911865234,0.0,123.58020955201943,122.05627696100161,123.4916169944979,0.0,40184100
2017-03-01,0.0,124.35995483398438,0.0,124.8029583759237,123.61571212818114,123.73088385589664,0.0,35719800
2017-03-02,0.0,122.93343353271484,0.0,124.35990490583401,122.83597225184126,124.33332578554028,0.0,25937000
2017-03-03,0.0,122.84480285644531,0.0,123.52703168596626,122.16258754631144,122.97771195069299,0.0,30989800
2017-03-06,0.0,122.00310516357422,0.0,122.24233072913503,121.3740480533428,122.07398731334733,0.0,23892100
2017-03-07,0.0,121.20573425292969,0.0,122.0385828170272,121.037390796009,121.73733022703654,0.0,29711300
2017-03-08,0.0,120.40829467773438,0.0,121.9322271510959,120.30197820916112,121.63098814387955,0.0,34115100
2017-03-09,0.0,119.92989349365234,0.0,120.93108560824994,119.51346917268125,120.34631781462343,0.0,35223800
2017-03-10,0.0,120.46148681640625,0.0,120.77158107534977,119.46915003737182,120.75385715445886,0.0,39516600
2017-03-13,0.0,120.74503326416016,0.0,121.19689196862178,120.18684452617101,120.18684452617101,0.0,21295000
2017-03-14,0.0,120.16909790039062,0.0,120.34629654366915,119.22106420379616,120.27541438247977,0.0,30037800
2017-03-15,0.0,122.02970886230469,0.0,122.28665839691736,120.47034181132973,120.75385694814771,0.0,31230400
2017-03-16,0.0,122.18917846679688,0.0,122.7207743369874,121.87907073631112,122.46383836097023,0.0,25306600
2017-03-17,0.0,122.67648315429688,0.0,122.91569520890849,121.65756742467586,122.39295454520256,0.0,33324600
2017-03-20,0.0,122.14490509033203,0.0,122.7296728569845,121.71075686610976,122.51702634564042,0.0,19091200
2017-03-21,0.0,118.6983413696289,0.0,122.8005575009683,118.65403832228255,122.7208066079881,0.0,61869000
2017-03-22,0.0,118.72492980957031,0.0,118.99958979751942,117.64400026258845,118.46799374582878,0.0,46332600
2017-03-23,0.0,119.41597747802734,0.0,120.23110198921317,118.40593041858091,118.72489335942657,0.0,37764600
2017-03-24,0.0,119.50216674804688,0.387,120.37294976582807,118.94237088602819,119.91089582323616,0.0,33514400
2017-03-27,0.0,119.7243423461914,0.0,120.01756819289858,117.64510575666084,117.96498726594841,0.0,35596700
2017-03-28,0.0,120.65729522705078,0.0,120.75503715778626,119.19117982433887,119.31557741270036,0.0,26891900
2017-03-29,0.0,121.04822540283203,0.0,121.279259108355,120.22187315610584,120.57729085308819,0.0,22119500
2017-03-30,0.0,121.9634780883789,0.0,122.0701142784311,121.07492000175954,121.12824487594584,0.0,25792900
2017-03-31,0.0,122.15895080566406,0.0,122.7720579988195,121.67913544833151,122.10563949466257,0.0,29434300
2017-04-03,0.0,120.87052154541016,0.0,122.7098427769503,120.48844818329309,122.59432591941881,0.0,38834900
2017-04-04,0.0,120.72837829589844,0.0,121.33260482213191,120.26633787043038,120.78168960973552,0.0,25642600
2017-04-05,0.0,119.36000061035156,0.0,122.11452234097739,119.13786110505984,121.58139566326888,0.0,44968800
2017-04-06,0.0,120.47068786621094,0.0,120.51511847514529,118.91571146173666,119.54658001032229,0.0,41012100
2017-04-07,0.0,120.41739654541016,0.0,120.87055629179103,119.73320301755155,120.14194570594411,0.0,24300200
2017-04-10,0.0,120.68395233154297,0.0,121.59916597370896,120.0975008059845,120.37295161269013,0.0,22779900
2017-04-11,0.0,121.64361572265625,0.0,121.66139068350752,120.02644680157643,120.19527503385717,0.0,32589200
2017-04-12,0.0,119.99088287353516,0.0,121.46589261059695,119.88426023751848,121.41258129258861,0.0,25700800
2017-04-13,0.0,118.8179702758789,0.0,120.28408547149789,118.76465896815725,119.84870075289211,0.0,30207000
2017-04-17,0.0,120.2130126953125,0.0,120.23968191048372,118.78243369156964,119.12898434727715,0.0,18278800
2017-04-18,0.0,120.23967742919922,0.0,120.36407500930932,119.20894687496168,119.70653719540205,0.0,24553300
2017-04-19,0.0,120.65729522705078,0.0,121.69692010774645,120.43515570795381,120.56844755440416,0.0,34627600
2017-04-20,0.0,122.19446563720703,0.0,122.32774387644731,120.97713229944615,121.1459604413607,0.0,31934400
2017-04-21,0.0,121.91902160644531,0.0,122.22112800420858,121.47474270679956,121.94567725575878,0.0,29386000
2017-04-24,0.0,123.43848419189453,0.0,123.8116769504701,123.05641073370528,123.5806567356338,0.0,33836900
2017-04-25,0.0,124.6380844116211,0.0,125.18010555119744,124.47813685718775,124.61142874560296,0.0,32751700
2017-04-26,0.0,125.27778625488281,0.0,126.01529095685314,124.51362589992831,124.54916225113458,0.0,41669200
2017-04-27,0.0,125.24227905273438,0.0,125.99755896701578,124.82465560248313,125.58881621801493,0.0,23004300
2017-04-28,0.0,123.5628890991211,0.0,125.43774726101695,123.54511414052052,125.3133496674546,0.0,31113900
2017-05-01,0.0,124.27371215820312,0.0,124.65578555865339,123.31406797046465,124.07822832968317,0.0,20925200
2017-05-02,0.0,123.6428451538086,0.0,124.70023138484864,123.23411605034482,124.38034994989803,0.0,17993900
2017-05-03,0.0,122.87867736816406,0.0,123.29630070437992,122.34555071394215,123.05639981122351,0.0,27050300
2017-05-04,0.0,122.70988464355469,0.0,123.2696670524896,121.8302072033409,123.09195813602896,0.0,25799100
2017-05-05,0.0,123.50068664550781,0.0,123.50068664550781,122.20338594370651,123.23411652230813,0.0,23806500
2017-05-08,0.0,122.98529052734375,0.0,123.4917614319778,122.40771981213814,123.20742998127292,0.0,16680000
2017-05-09,0.0,122.93203735351562,0.0,123.35854151039445,122.42555265108483,123.14528265279368,0.0,23988400
2017-05-10,0.0,123.69612121582031,0.0,123.93602202863141,122.49656291850768,122.65649679371509,0.0,19791500
2017-05-11,0.0,122.8342514038086,0.0,123.3584973211698,121.71465975036578,123.21632480036472,0.0,28617300
2017-05-12,0.0,122.18560028076172,0.0,122.52325664445068,121.8746131295437,122.36332271953601,0.0,24111200
2017-05-15,0.0,123.13636779785156,0.0,123.73170002375034,122.60322758088485,122.60322758088485,0.0,31132200
2017-05-16,0.0,123.18083190917969,0.0,123.54513047958515,122.2833794184923,123.4829384537394,0.0,18520900
2017-05-17,0.0,119.8575439453125,0.0,121.76793751856508,119.73314641344926,121.13706916351374,0.0,50791200
2017-05-18,0.0,120.2929916381836,0.0,120.75503205639545,119.2711417585142,119.57326179604618,0.0,44805100
2017-05-19,0.0,120.87052154541016,0.0,121.51916497042942,120.32850072222514,120.5239845311323,0.0,44450500
2017-05-22,0.0,121.68801879882812,0.0,121.91015830505393,120.98606392481518,121.07491159231381,0.0,20062700
2017-05-23,0.0,122.0878677368164,0.0,122.34555715783372,121.15489265320892,121.9901258113132,0.0,16681400
2017-05-24,0.0,122.16783905029297,0.0,122.64765438401038,121.58138754150173,122.18560044753984,0.0,21256000
2017-05-25,0.0,122.247802734375,0.0,123.16301632582962,121.91014637928056,122.74539301031326,0.0,22804200
2017-05-26,0.0,122.21226501464844,0.0,122.43440452130162,121.53696579541781,122.07010603471322,0.0,20047300
2017-05-30,0.0,121.25263214111328,0.0,122.12341519552362,121.03937333748821,121.83907012402352,0.0,25544100
2017-05-31,0.0,121.12825012207031,0.0,121.66137686213966,119.63546542156992,121.59029058513288,0.0,34345400
2017-06-01,0.0,123.4651107788086,0.0,123.50954138305579,121.08378224430722,121.48363056589835,0.0,44618600
2017-06-02,0.0,124.26487731933594,0.0,125.30448885013716,123.55402800404742,123.90944588253019,0.0,46680200
2017-06-05,0.0,123.49172973632812,0.0,124.49580414904133,123.46507409336343,124.36252593421781,0.0,20808900
2017-06-06,0.0,123.37627410888672,0.0,124.09600386346871,122.45216626824171,122.71873635913231,0.0,25460900
2017-06-07,0.0,123.49172973632812,0.0,123.98043912120238,123.05634519569608,123.3851071644693,0.0,20542200
2017-06-08,0.0,125.18006896972656,0.0,125.69543429267915,123.27855518560796,123.49180045143623,0.0,33956400
2017-06-09,0.0,125.8287353515625,0.0,126.9749695377534,125.0201440834671,125.69545703630415,0.0,56979400
2017-06-12,0.0,125.62433624267578,0.0,126.16635717305105,125.18893793522047,125.87313140170188,0.0,34665500
2017-06-13,0.0,126.26408386230469,0.0,126.45067342990144,125.7042880428791,125.9975137788488,0.0,22046800
2017-06-14,0.0,125.51769256591797,0.0,126.21076669014809,124.79796278754966,126.20188599154152,0.0,33021900
2017-06-15,0.0,124.8779067993164,0.0,125.26887439924742,124.12264080700965,124.12264080700965,0.0,27376800
2017-06-16,0.0,124.5669174194336,0.0,124.59357306818373,123.75832658517109,124.42474492055575,0.0,35608400
2017-06-19,0.0,125.49102020263672,0.0,125.80202087059723,124.85125747186748,124.89568807562136,0.0,25163300
2017-06-20,0.0,124.2204360961914,0.0,125.26004753829076,124.13157485499106,125.18008055620354,0.0,20111900
2017-06-21,0.0,123.90940856933594,0.0,125.10896727505396,123.70504402866537,124.44254878483703,0.0,23351400
2017-06-22,0.0,124.38031768798828,0.0,124.74462964185963,123.51841553288588,123.83829688486529,0.0,17917200
2017-06-23,0.0,125.20669555664062,0.0,125.35774877096998,123.99825628368842,124.52250218488747,0.0,20772500
2017-06-26,0.0,125.3577880859375,0.0,125.75763655024795,124.57585255870165,125.36666878663003,0.0,22988300
2017-06-27,0.0,124.25591278076172,0.0,125.83754449459383,124.17594583708056,125.37550422555915,0.0,24610100
2017-06-28,0.0,126.15744018554688,0.0,126.40623529974704,124.7535171506649,124.99343156732822,0.0,25085400
2017-06-29,0.0,125.41105651855469,0.0,126.48621750081949,124.08710041876559,126.38847559334087,0.0,38794900
2017-06-30,0.0,125.215576171875,0.0,125.88199458905605,125.08229791176575,125.50880190243275,0.0,22798500
2017-07-03,0.0,126.26408386230469,0.0,126.61950160136742,125.55323482586155,125.58877117644076,0.0,12968200
2017-07-05,0.0,125.81089782714844,0.0,126.04193153647239,125.02008191378353,125.90863972917404,0.0,21865500
2017-07-06,0.0,124.16804504394531,0.609,125.35493399026807,123.89140431527039,124.87303226808822,0.0,30563400
2017-07-07,0.0,125.37278747558594,0.0,125.5423313700839,124.20373663835738,124.4268357603118,0.0,20511000
2017-07-10,0.0,124.82838439941406,0.0,125.72969965634614,124.37325362411686,124.86407425586613,0.0,17206000
2017-07-11,0.0,125.19427490234375,0.0,125.27460092072292,124.02523789100478,124.73915767700267,0.0,16192900
2017-07-12,0.0,126.15808868408203,0.0,126.91663115485487,125.83682539982283,125.87252888523493,0.0,19358600
2017-07-13,0.0,126.26512145996094,0.0,126.32758210240638,125.27456130415233,126.00631898114729,0.0,16559300
2017-07-14,0.0,126.47930908203125,0.0,126.9879814499997,125.91710873787467,125.91710873787467,0.0,15465300
2017-07-17,0.0,126.7738037109375,0.0,127.1307703659052,126.05988401788764,126.36330907883158,0.0,15374600
2017-07-18,0.0,126.4436264038086,0.0,126.60425119214761,125.86356067318347,126.30975879664,0.0,16653300
2017-07-19,0.0,127.70193481445312,0.0,127.73762468028761,126.6132100785011,126.6132100785011,0.0,16985500
2017-07-20,0.0,127.79117584228516,0.0,128.07674925786867,127.43422268969569,127.71978248838927,0.0,17047800
2017-07-21,0.0,127.21111297607422,0.0,127.90718109750601,126.94339132547226,127.62160770569359,0.0,21662700
2017-07-24,0.0,127.38957214355469,0.0,127.45204642081663,126.69350411716503,126.9969155918709,0.0,16694000
2017-07-25,0.0,128.54971313476562,0.0,128.72818970387144,127.80010337438752,128.16597557514316,0.0,21066400
2017-07-26,0.0,127.83578491210938,0.0,128.6389362291997,127.65730835463246,128.6389362291997,0.0,13574900
2017-07-27,0.0,127.02371215820312,0.0,128.21952017770883,126.31872492786458,128.04104360443614,0.0,24355800
2017-07-28,0.0,126.68457794189453,0.0,127.04153099598668,126.24729887627839,126.73811953831974,0.0,19933300
2017-07-31,0.0,126.28298950195312,0.0,127.05938350549279,125.8011015143132,126.91659683623419,0.0,16417700
2017-08-01,0.0,126.52394104003906,0.0,126.89874583635792,125.80110224593226,126.87197503782701,0.0,19835900
2017-08-02,0.0,125.14071655273438,0.0,126.55963687362103,124.694518448315,126.35437594143055,0.0,19934300
2017-08-03,0.0,124.51602172851562,0.0,125.41733685113515,124.18583954221721,125.32810541485944,0.0,19624900
2017-08-04,0.0,125.12293243408203,0.0,125.22109660409605,124.48040579706145,124.85521073250823,0.0,16473500
2017-08-07,0.0,125.32813262939453,0.0,125.6940183631606,124.67668717390134,125.32813262939453,0.0,9176200
2017-08-08,0.0,124.93550872802734,0.0,126.53289245533274,124.65886799454623,125.30139455735583,0.0,27248700
2017-08-09,0.0,123.85569763183594,0.0,124.39114095000859,123.40058034321163,124.15019009514197,0.0,26534300
2017-08-10,0.0,121.60685729980469,0.0,123.40056910359588,121.59792462128557,123.40056910359588,0.0,40983500
2017-08-11,0.0,121.78534698486328,0.0,122.02629784376941,121.16067218111536,121.5533288054396,0.0,32779600
2017-08-14,0.0,123.63258361816406,0.0,123.67720615878194,122.4635465851686,122.49031738616182,0.0,21710900
2017-08-15,0.0,122.61524963378906,0.0,123.88246439841387,122.56170803297988,123.86461265918172,0.0,16646000
2017-08-16,0.0,122.65095520019531,0.0,123.4987290001765,122.44570785463698,122.85620254575365,0.0,21858600
2017-08-17,0.0,120.4110336303711,0.0,122.87405628469958,120.4021145689017,122.24044888129092,0.0,32722900
2017-08-18,0.0,120.4021224975586,0.0,120.88402418639494,119.68820264324944,120.00054683478739,0.0,42401900
2017-08-21,0.0,120.32181549072266,0.0,120.49137299563402,119.70605975894524,120.19688053187573,0.0,21504100
2017-08-22,0.0,121.62470245361328,0.0,121.76748914929303,120.59845201430379,120.70553522761921,0.0,25170600
2017-08-23,0.0,121.42838287353516,0.0,121.87458106688206,120.66092143630293,120.94648119926308,0.0,18381900
2017-08-24,0.0,121.80317687988281,0.0,122.19581981689176,121.38374952612004,121.93703087921688,0.0,15726600
2017-08-25,0.0,122.1512222290039,0.0,122.53494614062393,121.74071389814485,122.15122222900392,0.0,17163000
2017-08-28,0.0,122.66877746582031,0.0,122.80263143796053,122.05302196020678,122.58845146565193,0.0,16333300
2017-08-29,0.0,122.69557189941406,0.0,122.98113163395871,121.57114384926105,121.80317560152088,0.0,20277600
2017-08-30,0.0,123.48088836669922,0.0,123.60582332091342,122.48140873298563,122.5795728839317,0.0,15915500
2017-08-31,0.0,124.69453430175781,0.0,124.88194352087045,123.74859637882551,123.96277639825607,0.0,29260600
2017-09-01,0.0,125.39949035644531,0.0,125.49765446160885,124.69448988748464,124.9175888885943,0.0,17412500
2017-09-05,0.0,124.19476318359375,0.0,125.72968555976135,123.6682527544238,125.49766747662301,0.0,21908400
2017-09-06,0.0,124.45356750488281,0.0,124.93545541290362,124.1144526256449,124.7034373263579,0.0,18399700
2017-09-07,0.0,124.14124298095703,0.0,124.65883444039522,123.67719311785966,124.56958936856977,0.0,18159800
2017-09-08,0.0,124.23944091796875,0.0,124.73026171278573,123.70399757509752,123.98063830938804,0.0,21870500
2017-09-11,0.0,125.54232025146484,0.0,125.75650029165261,125.14074459089026,125.28353128434878,0.0,22617700
2017-09-12,0.0,126.30976104736328,0.0,126.44362865691728,125.66724826567211,125.86356291595592,0.0,22679600
2017-09-13,0.0,126.68457794189453,0.0,126.91659606536581,126.11344488521539,126.19375727985319,0.0,25052500
2017-09-14,0.0,126.56855010986328,0.0,126.86304247925594,126.20266441302226,126.52392757809744,0.0,18353800
2017-09-15,0.0,127.08614349365234,0.0,127.13968508584838,126.31868223277712,126.39899462107118,0.0,23184000
2017-09-18,0.0,127.95178985595703,0.0,128.33551374086085,127.25572180952288,127.2735599319226,0.0,24427400
2017-09-19,0.0,127.95178985595703,0.0,128.22843053891324,127.69298729540053,128.12134733696564,0.0,16346300
2017-09-20,0.0,128.3622589111328,0.0,128.52289729886672,127.8446675102551,128.08561828341368,0.0,20244700
2017-09-21,0.0,128.22842407226562,0.0,128.7370828727521,128.04101486142116,128.52291647965745,0.0,17395900
2017-09-22,0.0,128.77276611328125,0.0,129.10294832867282,128.11238806561357,128.21055218598465,0.0,25203000
2017-09-25,0.0,128.95126342773438,0.0,129.34391997258297,128.22842461421158,128.7460160945223,0.0,30012800
2017-09-26,0.0,129.36187744140625,0.349,129.84493217486218,128.9772108658172,129.07561267353947,0.0,28238100
2017-09-27,0.0,131.8934783935547,0.0,132.2691906731522,129.85388964725072,130.27433250415032,0.0,66351700
2017-09-28,0.0,132.24232482910156,0.0,132.4480690578359,131.30303751988004,131.72348028067583,0.0,29291400
2017-09-29,0.0,132.55543518066406,0.0,132.77907440615434,132.16184160967944,132.322855300102,0.0,21738700
2017-10-02,0.0,134.1835174560547,0.0,134.1835174560547,132.46597007059958,132.67171430873995,0.0,29772400
2017-10-03,0.0,134.47872924804688,0.0,134.47872924804688,133.5841724223297,134.28192565440077,0.0,28372800
2017-10-04,0.0,134.04937744140625,0.0,134.72923587551182,133.63787519848898,134.2640623943569,0.0,22024700
2017-10-05,0.0,134.41610717773438,0.0,134.7471024936691,134.0672305527199,134.44294279120822,0.0,22538500
2017-10-06,0.0,134.2282257080078,0.0,134.48764112602294,133.79884234549786,133.92407972830705,0.0,19350800
2017-10-09,0.0,133.67355346679688,0.0,134.79174894309617,133.449914371537,134.353425052289,0.0,13981300
2017-10-10,0.0,134.0583038330078,0.0,134.44295676601914,133.65575593920238,134.12091572100366,0.0,21951900
2017-10-11,0.0,133.9599151611328,0.0,134.35352243807085,133.70049962852747,134.1298831807067,0.0,15137100
2017-10-12,0.0,133.86154174804688,0.0,134.19252355122774,133.30692064004438,133.70052800050806,0.0,17185600
2017-10-13,0.0,133.61996459960938,0.0,134.17459917949526,133.49472717509104,134.11197364230833,0.0,15464400
2017-10-16,0.0,133.50367736816406,0.0,134.49663607835137,133.31581441224535,133.83465905494148,0.0,20653100
2017-10-17,0.0,133.11898803710938,0.0,133.97776852468053,132.84167762805754,133.53049014882848,0.0,18046800
2017-10-18,0.0,133.75416564941406,0.0,134.1030423313004,133.36055838782815,133.73627068756292,0.0,20541700
2017-10-19,0.0,133.5483856201172,0.0,133.58417553789877,132.5464863199,133.08322588779018,0.0,17164900
2017-10-20,0.0,134.16558837890625,0.0,134.55025479571313,134.0582459601926,134.4607936802186,0.0,25224500
2017-10-23,0.0,133.16372680664062,0.0,134.3176990814805,133.02059444158732,134.3176990814805,0.0,14676400
2017-10-24,0.0,133.44110107421875,0.0,133.98678153342922,133.32480426574205,133.63790475785927,0.0,17527700
2017-10-25,0.0,132.7969970703125,0.0,133.28900619900523,131.69669567331448,133.23533495766748,0.0,27235300
2017-10-26,0.0,133.07421875,0.0,133.59306315300665,132.8505796271445,133.23524601637735,0.0,15205900
2017-10-27,0.0,133.9956817626953,0.0,134.1030378803824,132.66280062093935,133.1816452985496,0.0,32744100
2017-10-30,0.0,132.582275390625,0.0,133.69151713739168,131.84873222918523,133.18162683602245,0.0,30524800
2017-10-31,0.0,133.52154541015625,0.0,134.03144934708362,132.9669245523226,133.1011026147489,0.0,22449400
2017-11-01,0.0,132.6359100341797,0.0,134.657603022976,131.89342642306656,134.63076741714,0.0,31585500
2017-11-02,0.0,133.02952575683594,0.0,133.49468538809487,132.14390975719658,132.60908303830675,0.0,28176600
2017-11-03,0.0,132.9401092529297,0.0,133.2532096462374,132.44810019909866,132.8238124811544,0.0,22312700
2017-11-06,0.0,133.0922088623047,0.0,133.6289486008647,132.74333212719824,133.06537324036253,0.0,15576800
2017-11-07,0.0,131.49984741210938,0.0,133.154782924516,131.08834528502038,133.11005235528953,0.0,29549300
2017-11-08,0.0,131.6787567138672,0.0,131.9023959112922,130.46215893388106,131.19570205336467,0.0,30682500
2017-11-09,0.0,131.21359252929688,0.0,131.84873390029736,129.96121839615353,130.8468345937827,0.0,40144400
2017-11-10,0.0,131.11520385742188,0.0,131.58931789521392,130.91840025873225,131.24044127023762,0.0,17823700
2017-11-13,0.0,131.15098571777344,0.0,131.33884866993475,130.15802702744617,130.54267993683405,0.0,14680000
2017-11-14,0.0,130.79319763183594,0.0,131.04367252408403,130.23856295626553,130.65900587893725,0.0,19682200
2017-11-15,0.0,130.2743377685547,0.0,130.79318245654326,129.2634840100721,130.02386290536796,0.0,23925200
2017-11-16,0.0,132.1886444091797,0.0,132.7522058356107,130.77524321697263,130.79313817252887,0.0,25889000
2017-11-17,0.0,132.7969970703125,0.0,133.31584181967412,131.6519650889137,131.72353129398337,0.0,25816700
2017-11-20,0.0,133.76309204101562,0.0,133.80782261594516,132.6896264919817,133.07427940669473,0.0,22793000
2017-11-21,0.0,135.1585693359375,0.0,135.33747794703783,134.23717702141127,134.36241441416672,0.0,29392300
2017-11-22,0.0,134.97962951660156,0.0,135.76684360325615,134.95279391363368,135.32850600503278,0.0,14136600
2017-11-24,0.0,135.03334045410156,0.0,135.4090526560484,134.87232678891846,135.26593394805883,0.0,6816300
2017-11-27,0.0,134.62185668945312,0.0,135.6326965836198,134.57712611983345,135.3464455077901,0.0,18416900
2017-11-28,0.0,136.741943359375,0.0,136.8403451464359,134.77392126800942,135.09596223931305,0.0,35898300
2017-11-29,0.0,137.19821166992188,0.0,137.94964997282062,136.82249934340123,137.17137605016023,0.0,38234200
2017-11-30,0.0,137.44863891601562,0.0,138.25374817939527,137.1176572870983,137.8512003726318,0.0,32230700
2017-12-01,0.0,136.88507080078125,0.0,137.50231711111613,133.0653098490385,136.88507080078125,0.0,62734800
2017-12-04,0.0,136.37518310546875,0.0,139.02307727193505,136.2410050437617,138.56684456242374,0.0,36366800
2017-12-05,0.0,135.01548767089844,0.0,136.83145102232928,135.0065470144354,135.43593057223393,0.0,29667200
2017-12-06,0.0,134.38035583496094,0.0,135.2480772311745,134.1388216190415,134.51453392721797,0.0,21273800
2017-12-07,0.0,135.31961059570312,0.0,135.87423144226526,134.20141459869657,135.3553868616718,0.0,29675200
2017-12-08,0.0,135.4449005126953,0.0,136.22316086038646,135.3286037159658,136.10686406365699,0.0,20832400
2017-12-11,0.0,135.39122009277344,0.0,136.08897352614727,135.09601461713714,135.46277264760238,0.0,26654100
2017-12-12,0.0,134.97071838378906,0.0,135.90999199278232,134.91704716611537,135.7042477750826,0.0,25854800
2017-12-13,0.0,135.77584838867188,0.0,136.60779342319577,134.90812708324134,134.90812708324134,0.0,30082600
2017-12-14,0.0,134.2729949951172,0.0,136.15155627904744,133.8614928187201,135.8384695566532,0.0,32882600
2017-12-15,0.0,136.18731689453125,0.0,137.09081424740265,134.7023494968657,135.12279223776923,0.0,42851600
2017-12-18,0.0,138.03013610839844,0.0,138.40584837851003,137.27871156817528,137.46656087830337,0.0,22714300
2017-12-19,0.0,136.9387664794922,0.0,138.4505697647372,136.70618660862928,138.43267480548482,0.0,24313600
2017-12-20,0.0,137.2070770263672,0.0,137.7080264703006,136.72400888411096,137.53805855542709,0.0,19042800
2017-12-21,0.0,137.8078155517578,0.579,138.30168874200132,137.45761705350745,137.60129174550062,0.0,16772600
2017-12-22,0.0,137.5564727783203,0.0,137.73605939838808,137.2062740736349,137.72708486293797,0.0,13599400
2017-12-26,0.0,137.6372528076172,0.0,137.77193931606206,137.29602871745325,137.38582885746828,0.0,11949600
2017-12-27,0.0,137.5025634765625,0.0,138.23887254357592,137.21521399567516,137.57440084678433,0.0,15949900
2017-12-28,0.0,138.04135131835938,0.0,138.05931408996798,137.39482855625067,137.6013661757994,0.0,10167300
2017-12-29,0.0,136.9009246826172,0.0,138.41844270579475,136.83806185303533,138.41844270579475,0.0,21006500
2018-01-02,0.0,138.19400024414062,0.0,138.25686309380833,136.900968425049,137.5654402553641,0.0,20489600
2018-01-03,0.0,138.33766174316406,0.0,138.6968486319951,137.85277657021572,138.16704968366668,0.0,21836600
2018-01-04,0.0,138.70579528808594,0.0,139.3163923240085,138.3017221082459,139.1547685327029,0.0,14207100
2018-01-05,0.0,138.99314880371094,0.0,139.16376085072247,138.22990241126178,139.07397441126966,0.0,19883900
2018-01-08,0.0,139.2086181640625,0.0,139.424130215396,137.83476137804888,138.93923152528905,0.0,18457300
2018-01-09,0.0,139.02005004882812,0.0,139.63064694424088,138.93922447019875,139.39718584333121,0.0,16571300
2018-01-10,0.0,139.03810119628906,0.0,139.3344253313079,138.21199165392585,138.70586521229052,0.0,18516800
2018-01-11,0.0,141.42660522460938,0.0,141.5702799849626,139.16377570457342,139.2446013207592,0.0,26522400
2018-01-12,0.0,142.01925659179688,0.0,142.6478165557829,141.39967116244654,141.58823230085252,0.0,24089800
2018-01-16,0.0,140.2053985595703,0.0,143.14168813369642,139.90009996696696,142.64781470355604,0.0,27704700
2018-01-17,0.0,141.53433227539062,0.0,141.8216817510892,140.3310871744514,140.79802322167302,0.0,18571600
2018-01-18,0.0,140.5645751953125,0.0,141.426610085481,140.4298886663392,141.17518609701096,0.0,17903600
2018-01-19,0.0,142.41427612304688,0.0,142.49508799455495,140.57348362978823,140.7351073728044,0.0,31040900
2018-01-22,0.0,143.17755126953125,0.0,143.17755126953125,142.15389291780608,142.2347048057272,0.0,12702400
2018-01-23,0.0,143.635498046875,0.0,143.94079650447253,142.4771396319118,142.9889756063312,0.0,16904600
2018-01-24,0.0,142.74655151367188,0.0,144.23714594310263,142.23471544872274,143.99469655962272,0.0,20340900
2018-01-25,0.0,142.8004913330078,0.0,143.5996635087195,142.06418201570074,143.34823947826516,0.0,20290900
2018-01-26,0.0,143.3123016357422,0.0,143.39311355196185,142.56700421580865,143.24943878874052,0.0,16120300
2018-01-29,0.0,142.50411987304688,0.0,143.54574119691065,142.4322825022724,142.8273811907433,0.0,18293300
2018-01-30,0.0,141.1392059326172,0.0,142.07307784401362,140.7351328004978,141.5702300616807,0.0,24533800
2018-01-31,0.0,140.40292358398438,0.0,142.25269129102853,140.00782490838716,141.64209421170705,0.0,27468900
2018-02-01,0.0,140.84292602539062,0.0,141.1661873410413,139.65762996747898,139.83721654248993,0.0,21413000
2018-02-02,0.0,138.1311492919922,0.0,140.21437861352635,137.8437997571158,140.19642954378153,0.0,33314100
2018-02-05,0.0,132.82420349121094,0.0,138.09514342894153,132.77032891015173,137.0894480449775,0.0,52622200
2018-02-06,0.0,134.4136505126953,0.0,135.02424772281583,129.5198434905261,130.67818876341,0.0,69232400
2018-02-07,0.0,134.54830932617188,0.0,135.40135581826317,133.44383889328688,134.341785453715,0.0,37101000
2018-02-08,0.0,130.59735107421875,0.0,134.69198523305113,130.59735107421875,134.68301069993674,0.0,44704500
2018-02-09,0.0,131.79164123535156,0.0,132.84223723207452,127.95740498292965,131.78265299932445,0.0,53315300
2018-02-12,0.0,133.03977966308594,0.0,133.72221418816326,130.6332755034094,131.9263208785695,0.0,36213900
2018-02-13,0.0,133.3271026611328,0.0,133.60546390512943,131.9083454386423,132.3393696566796,0.0,25021200
2018-02-14,0.0,135.72462463378906,0.0,136.05687419659367,132.15977549562348,132.56386243142427,0.0,36286900
2018-02-15,0.0,137.20623779296875,0.0,137.26908692766224,135.19483255596415,136.68542714138067,0.0,23773600
2018-02-16,0.0,137.69110107421875,0.0,138.544147434885,136.9727411962353,137.0356040225373,0.0,27973900
2018-02-20,0.0,136.5597381591797,0.0,138.07727030086912,136.19157671738697,136.98177421165826,0.0,24046200
2018-02-21,0.0,136.7034149169922,0.0,139.0111308850502,136.49687730424301,136.86503875140835,0.0,26735500
2018-02-22,0.0,136.48789978027344,0.0,138.310730503581,136.40708786483523,137.2152344223761,0.0,16340000
2018-02-23,0.0,138.26580810546875,0.0,138.30173364091647,136.6225642489552,137.36786154135712,0.0,18065200
2018-02-26,0.0,139.17276000976562,0.0,139.41519574673762,137.80787722811843,138.75969851081146,0.0,15267700
2018-02-27,0.0,137.1702880859375,0.0,139.97189019050333,137.16131355444193,139.34331674486964,0.0,18125500
2018-02-28,0.0,135.00624084472656,0.0,137.9245665177117,134.97031531740834,137.51150516299657,0.0,29951800
2018-03-01,0.0,134.64706420898438,0.0,136.1017467401793,133.2372954411032,134.73686433246158,0.0,38943200
2018-03-02,0.0,136.80218505859375,0.0,137.1613582575235,133.25528463666114,133.53365962264786,0.0,31842300
2018-03-05,0.0,138.02342224121094,0.0,138.51728206855287,136.01201627867565,136.32630317024064,0.0,19603700
2018-03-06,0.0,139.51397705078125,0.0,139.53193982156546,137.20626111266455,138.66990494445778,0.0,17304000
2018-03-07,0.0,140.74417114257812,0.0,140.91476950679942,138.4813416148687,138.69685375612937,0.0,22684600
2018-03-08,0.0,140.45680236816406,0.0,141.3996490172698,139.63069315893713,140.88781289002648,0.0,23391300
2018-03-09,0.0,142.70164489746094,0.0,142.7734822559926,140.86085197711583,141.25595059825235,0.0,24927200
2018-03-12,0.0,142.95309448242188,0.0,143.35716770787414,142.31556007598283,142.99799455226716,0.0,15310100
2018-03-13,0.0,142.28858947753906,0.0,143.94080752922102,142.00124005903382,143.67142087476594,0.0,17757200
2018-03-14,0.0,141.6151580810547,0.0,143.12370172589405,141.34577137259706,142.9710524548027,0.0,18097500
2018-03-15,0.0,140.90574645996094,0.0,142.0012421564378,140.4118732030944,141.96533032938143,0.0,14172100
2018-03-16,0.0,141.69598388671875,0.0,142.11801990767907,140.75313716539088,140.95966105812298,0.0,36000300
2018-03-19,0.0,140.3311309814453,0.0,141.1662286670057,138.68788662096455,141.13030312053996,0.0,25663000
2018-03-20,0.0,140.2952117919922,0.0,140.99560919401185,139.87317570339306,140.6813223360063,0.0,11418500
2018-03-21,0.0,141.1123504638672,0.0,142.1090720752356,140.25930364549913,140.36706659104058,0.0,22213500
2018-03-22,0.0,138.01803588867188,0.362,140.96109062021114,137.98202740762133,140.09707933996148,0.0,29774800
2018-03-23,0.0,135.04798889160156,0.0,138.54906575716066,135.00298514990882,138.20705380015247,0.0,35744100
2018-03-26,0.0,138.00006103515625,0.0,138.0450647794471,135.389994931647,136.8840313495301,0.0,28442400
2018-03-27,0.0,135.32696533203125,0.0,138.33302789383012,134.74195800868387,138.29703314772718,0.0,32820600
2018-03-28,0.0,135.28199768066406,0.0,136.218026127522,134.4539809673449,135.66901340384993,0.0,26510900
2018-03-29,0.0,136.65003967285156,0.0,137.79306893007035,135.67801641473034,135.9750246658131,0.0,22617700
2018-04-02,0.0,133.31993103027344,0.0,136.8660110709981,132.46490127435382,136.3709974578898,0.0,35040700
2018-04-03,0.0,135.2279815673828,0.0,135.54299400608286,133.47294561814257,134.12096100451018,0.0,29857800
2018-04-04,0.0,136.94696044921875,0.0,137.3249669637232,133.44588539834893,133.65288602298565,0.0,29619700
2018-04-05,0.0,138.0810546875,0.0,138.2520606698732,137.09104101392936,137.7390427227536,0.0,17301600
2018-04-06,0.0,135.32696533203125,0.0,138.0630192318194,134.23793543076536,137.13600002104437,0.0,25762700
2018-04-09,0.0,135.4889373779297,0.0,137.34298919179955,135.38093942626662,136.26295474233484,0.0,18997000
2018-04-10,0.0,138.0450439453125,0.0,138.55804809980341,136.50600401541465,136.92901442812058,0.0,23420000
2018-04-11,0.0,138.342041015625,0.0,138.88204462257738,137.370018043257,137.50501551169225,0.0,14884600
2018-04-12,0.0,139.2870330810547,0.0,139.8720540808426,138.54001513970718,138.9900249549857,0.0,14413200
2018-04-13,0.0,138.5580596923828,0.0,139.80009153855946,138.16204874240105,139.76408305226275,0.0,19813600
2018-04-16,0.0,139.83609008789062,0.0,140.24111003704883,138.70206993660426,139.35908063061203,0.0,18846900
2018-04-17,0.0,141.35708618164062,0.0,141.74410177829608,140.36707279150912,140.59207770743132,0.0,18624200
2018-04-18,0.0,141.73513793945312,0.0,142.54516413471765,141.44713869660532,141.7711464280682,0.0,16974200
2018-04-19,0.0,140.75408935546875,0.0,141.7891065835251,140.29508422300415,141.42910417373463,0.0,16174500
2018-04-20,0.0,139.99806213378906,0.0,141.05108349758757,139.6380460265864,140.4480719678847,0.0,21480600
2018-04-23,0.0,139.7910614013672,0.0,140.66406784462177,139.1160466504847,140.20506275797737,0.0,13268200
2018-04-24,0.0,138.989990234375,0.0,140.9700439135379,137.87397496052637,140.31301985944918,0.0,24859700
2018-04-25,0.0,138.7830810546875,0.0,139.3230985472006,137.6670650455429,138.92708755045302,0.0,21981400
2018-04-26,0.0,139.42205810546875,0.0,139.87206796541807,138.54903787851018,138.98104349876243,0.0,14862900
2018-04-27,0.0,139.22401428222656,0.0,139.83602093107666,138.40499326696488,139.39502017917212,0.0,17734300
2018-04-30,0.0,137.9910430908203,0.0,140.08807715118687,137.96402986211567,139.52107401263657,0.0,15624600
2018-05-01,0.0,138.66603088378906,0.0,138.86402256769017,136.54198400922695,137.71199854079643,0.0,24977500
2018-05-02,0.0,139.18807983398438,0.0,140.20510677254978,138.3150593834523,138.4050668717768,0.0,16786800
2018-05-03,0.0,138.43203735351562,0.0,139.05305318641933,136.94701023995503,138.70204602867528,0.0,20985900
2018-05-04,0.0,140.16006469726562,0.0,140.85308371483572,137.52301355575972,137.9370149291158,0.0,17927900
2018-05-07,0.0,141.34812927246094,0.0,142.07714320049476,140.49311310665846,140.57411160239246,0.0,16303500
2018-05-08,0.0,142.05014038085938,0.0,142.05014038085938,141.078117255135,141.23111898790455,0.0,17281200
2018-05-09,0.0,142.81515502929688,0.0,143.19317548281953,141.64514011400527,142.2121433278609,0.0,15758500
2018-05-10,0.0,143.5801239013672,0.0,144.15613588886586,142.88710497269864,143.0131071658012,0.0,15828700
2018-05-11,0.0,143.85914611816406,0.0,144.12015952278927,143.1391276086884,143.59814644674967,0.0,14413600
2018-05-14,0.0,143.3101348876953,0.0,144.62416970974775,143.14813793148647,144.02115815072995,0.0,15028500
2018-05-15,0.0,143.33714294433594,0.0,143.63415111500836,142.35612469567383,142.84214305976028,0.0,17544900
2018-05-16,0.0,144.83116149902344,0.0,145.19117760160674,143.52613574353296,143.54413998196463,0.0,21004400
2018-05-17,0.0,145.49716186523438,0.0,145.80316521230256,144.67814078936811,144.903145673955,0.0,18639700
2018-05-18,0.0,145.68618774414062,0.0,146.09120760488287,145.3981885748871,145.75819096975678,0.0,17579800
2018-05-21,0.0,146.64923095703125,0.0,146.91923964836454,146.1272178159769,146.13621307017675,0.0,15667300
2018-05-22,0.0,145.5872039794922,0.0,147.00024171640106,145.47021073919433,146.9372337358298,0.0,13212000
2018-05-23,0.0,145.7761688232422,0.0,146.05517268874675,145.02015569093138,145.2001568557851,0.0,14235700
2018-05-24,0.0,145.83021545410156,0.0,146.1182283985519,144.56118416739176,145.7312127210984,0.0,12785000
2018-05-25,0.0,145.56919860839844,0.0,145.94720525359386,145.32618943176868,145.578193861899,0.0,11150200
2018-05-29,0.0,145.3712158203125,0.0,146.01022224872142,144.10218448518344,144.79520364264744,0.0,20986900
2018-05-30,0.0,147.6752471923828,0.0,147.95425112694826,146.12721207168562,146.12721207168562,0.0,25169000
2018-05-31,0.0,146.4962158203125,0.0,147.94524814011322,146.10920019376124,147.6752394735072,0.0,28573700
2018-06-01,0.0,147.459228515625,0.0,147.94524685794602,146.95521966670773,147.4502332623269,0.0,21108200
2018-06-04,0.0,148.2423095703125,0.0,148.2423095703125,146.99128224092402,147.89130229755506,0.0,14836000
2018-06-05,0.0,149.16026306152344,0.0,149.19627154061052,147.90923621086102,148.09824639304082,0.0,13283600
2018-06-06,0.0,150.24029541015625,0.0,150.24029541015625,149.0252769460588,149.14228391218532,0.0,16661300
2018-06-07,0.0,149.42127990722656,0.0,150.51029609348004,148.71025662760934,150.4022981201554,0.0,17571900
2018-06-08,0.0,149.87130737304688,0.0,149.952305862552,149.18728350643605,149.45729220466598,0.0,17569800
2018-06-11,0.0,150.09632873535156,0.0,150.4023322179531,149.6643092776871,149.97932174891565,0.0,15923000
2018-06-12,0.0,150.78033447265625,0.0,151.14934593184753,150.0603157977794,150.23132177804922,0.0,16166700
2018-06-13,0.0,150.186279296875,0.0,151.0862989750167,149.96127437733958,150.99630524712876,0.0,19853700
2018-06-14,0.0,150.9873046875,0.0,151.059307913755,149.95228749315825,150.744309248752,0.0,19248100
2018-06-15,0.0,151.03231811523438,0.0,151.086317105089,149.88029388762914,150.51931397840352,0.0,24922600
2018-06-18,0.0,151.7433624267578,0.0,151.75235768190714,150.0603158552803,150.27632557779032,0.0,18616500
2018-06-19,0.0,151.75234985351562,0.0,151.89635632776017,149.88930214266176,150.7983309947688,0.0,24605900
2018-06-20,0.0,152.97633361816406,0.0,153.1833342823641,152.05830977421923,152.50831957747718,0.0,19216900
2018-06-21,0.0,151.54537963867188,0.0,153.07541096920454,150.99636686165073,152.9854034713784,0.0,26946200
2018-06-22,0.0,151.04129028320312,0.0,152.28330794673025,150.58227151490922,152.11230203173517,0.0,33638200
2018-06-25,0.0,148.57525634765625,0.0,150.63629545443914,147.72923561740276,150.51930222995648,0.0,37005100
2018-06-26,0.0,149.43930053710938,0.0,149.9973222225958,148.36828837492513,148.710286603795,0.0,20464000
2018-06-27,0.0,147.04519653320312,0.0,149.86224834894725,146.98218857359453,149.59225347407693,0.0,27511800
2018-06-28,0.0,147.49525451660156,0.0,147.80125796362213,146.03721304964492,146.91023338566046,0.0,26759100
2018-06-29,0.0,147.396240234375,0.0,148.54826443081495,147.25223377651707,147.88224486313086,0.0,24146500
2018-07-02,0.0,148.4132080078125,0.0,148.4672207129613,146.23516249586623,146.48716685373057,0.0,24283600
2018-07-03,0.0,149.0048828125,0.595,149.67330032988465,148.77002149411837,148.81518819249493,0.0,13561300
2018-07-05,0.0,150.70309448242188,0.0,150.73019175507812,148.88750829972156,149.81788474877632,0.0,18640500
2018-07-06,0.0,151.97669982910156,0.0,152.1483250534962,150.41403093525412,150.82050375027353,0.0,19597500
2018-07-09,0.0,152.93417358398438,0.0,152.9522430241892,152.10315851284105,152.66318711269005,0.0,16565200
2018-07-10,0.0,152.2386474609375,0.0,153.44001027063328,151.3624794487127,153.17806540643323,0.0,18790700
2018-07-11,0.0,150.9469451904297,0.0,152.3018636091878,150.89275065895023,151.407612490948,0.0,23912600
2018-07-12,0.0,151.67860412597656,0.0,151.97668784226525,150.522408138341,151.8141042422587,0.0,19617600
2018-07-13,0.0,151.22694396972656,0.0,152.41023706231172,151.22694396972656,151.6153610437859,0.0,15409100
2018-07-16,0.0,150.639892578125,0.0,151.77801953319,149.9082385510869,151.53413026319453,0.0,15946900
2018-07-17,0.0,151.3082733154297,0.0,151.75088502528027,150.47725821805417,150.62178617836597,0.0,15134700
2018-07-18,0.0,151.73281860351562,0.0,151.80508258510937,150.45920555389353,151.1727899748457,0.0,13780000
2018-07-19,0.0,152.80772399902344,0.0,152.87998798112156,151.08245760666196,151.54313876966938,0.0,18398300
2018-07-20,0.0,152.1844482421875,0.0,152.9341714965929,152.06703133982,152.47350414974133,0.0,17570700
2018-07-23,0.0,152.37411499023438,0.0,152.7896155525451,151.57922517302535,152.02183678177886,0.0,12335000
2018-07-24,0.0,150.74826049804688,0.0,153.34066731173363,150.1430651066228,153.06065297362136,0.0,25831300
2018-07-25,0.0,151.2992706298828,0.0,151.2992706298828,150.07081032897304,150.79343646767535,0.0,18401200
2018-07-26,0.0,152.11216735839844,0.0,152.98834902923713,151.30824965641625,151.4437497666257,0.0,20944200
2018-07-27,0.0,149.27584838867188,0.0,152.40119907735087,148.8513062532716,152.20247664022986,0.0,28777100
2018-07-30,0.0,148.3184051513672,0.0,149.96237950404043,148.20098825685008,149.26685083306765,0.0,20093700
2018-07-31,0.0,149.826904296875,0.0,150.50436364172677,148.49005504892563,148.61651357531346,0.0,23567300
2018-08-01,0.0,149.72750854492188,0.0,150.1610923494516,148.58938206965192,149.67331401509128,0.0,17942600
2018-08-02,0.0,150.8205108642578,0.0,151.037302807868,148.98685541292508,149.0049248539622,0.0,18292200
2018-08-03,0.0,150.2965850830078,0.0,151.4618088728808,149.59202859928126,150.98307212837284,0.0,21734900
2018-08-06,0.0,151.13665771484375,0.0,151.30826915718478,149.85398933100782,150.1882119529119,0.0,16288800
2018-08-07,0.0,151.4979705810547,0.0,152.19349934189142,151.3895815004368,151.65152637291172,0.0,15045700
2018-08-08,0.0,151.36245727539062,0.0,151.7418327729385,150.38691437472065,151.49794360203532,0.0,14789500
2018-08-09,0.0,151.7509002685547,0.0,152.39223454251936,151.3444273994246,151.43474704648335,0.0,10437800
2018-08-10,0.0,151.3263702392578,0.0,152.35610802334108,150.81150823868987,150.89280006252469,0.0,20521900
2018-08-13,0.0,150.44113159179688,0.0,151.79605019433552,149.83593626994966,151.51603588841536,0.0,20517200
2018-08-14,0.0,151.9315643310547,0.0,152.29288429425384,150.74827074034044,150.7663401842372,0.0,17683100
2018-08-15,0.0,150.0256805419922,0.0,151.5883639142104,149.1765956537235,151.4799610078044,0.0,27479900
2018-08-16,0.0,151.4167022705078,0.0,151.90446699193467,150.56761758603582,150.72117340172477,0.0,15484700
2018-08-17,0.0,152.06698608398438,0.0,152.17537512558783,150.7843181046225,151.27209635771848,0.0,15106700
2018-08-20,0.0,152.49156188964844,0.0,152.81672908628133,151.59731075007832,152.48252027889095,0.0,12547300
2018-08-21,0.0,154.24395751953125,0.0,154.78593057480924,152.76258012244506,152.78064956640694,0.0,20661200
2018-08-22,0.0,154.6233367919922,0.0,154.90336493969053,153.9368495176696,154.0904053375991,0.0,14329200
2018-08-23,0.0,154.1536102294922,0.0,154.9304307852197,153.72002634982226,154.54201361588352,0.0,12945800
2018-08-24,0.0,154.9936065673828,0.0,155.1652317452992,154.4787448165744,154.5961616886166,0.0,11894300
2018-08-27,0.0,155.219482421875,0.0,156.21309497824905,155.0207599106002,155.46337164624785,0.0,15880400
2018-08-28,0.0,155.36398315429688,0.0,155.79755320154987,154.55103759282963,155.50851109769565,0.0,13170300
2018-08-29,0.0,155.815673828125,0.0,156.05956308986399,154.87626945331044,155.38210363843734,0.0,13157900
2018-08-30,0.0,155.68919372558594,0.0,156.4750421698913,155.20142905259024,155.51756848304893,0.0,14199600
2018-08-31,0.0,156.2853546142578,0.0,156.61956347258226,155.31883935604498,155.32788096818047,0.0,12240500
2018-09-04,0.0,155.5897979736328,0.0,156.37564624371262,154.56908835722632,156.07756253848925,0.0,17923500
2018-09-05,0.0,155.17425537109375,0.0,155.5717002391016,153.88257333300857,155.5265335435661,0.0,15166100
2018-09-06,0.0,154.1265106201172,0.0,155.7975686135381,153.9368159527732,155.51755430984264,0.0,16647700
2018-09-07,0.0,154.04519653320312,0.0,154.8671837414492,153.2503203756063,153.74712658844425,0.0,17248000
2018-09-10,0.0,154.2349090576172,0.0,155.07495201968672,153.90972802453805,154.686548615619,0.0,11067100
2018-09-11,0.0,154.4878387451172,0.0,155.00271449917176,153.557462282161,154.09943530927669,0.0,14078400
2018-09-12,0.0,154.11749267578125,0.0,154.5420350023683,152.95226857241147,154.27104848581,0.0,21572300
2018-09-13,0.0,154.1536102294922,0.0,154.9484864429973,153.79229032976727,154.71363884538476,0.0,14570500
2018-09-14,0.0,154.80392456054688,0.0,155.30071687228812,153.91870141622627,154.2529239433435,0.0,15734900
2018-09-17,0.0,153.15992736816406,0.0,154.9484152555525,152.97024656802967,154.84002622690429,0.0,20023200
2018-09-18,0.0,153.80133056640625,0.0,154.19877556107755,153.22323251496022,153.37678830236598,0.0,13018000
2018-09-19,0.0,153.24130249023438,0.0,154.52397101395042,152.7174127115229,153.81037276604175,0.0,17593500
2018-09-20,0.0,154.65945434570312,0.0,154.73171833033905,153.38582745951834,153.89166156902402,0.0,16918700
2018-09-21,0.0,153.9187469482422,0.0,155.20141534774535,153.7561633325823,155.13817919747004,0.0,32539000
2018-09-24,0.0,153.34963989257812,0.0,154.0090295322319,152.43731951825566,153.79223766663307,0.0,15786700
2018-09-25,0.0,153.58450317382812,0.0,154.02711477625326,153.42191959514636,153.60257261021772,0.0,13758500
2018-09-26,0.0,152.1807403564453,0.45,153.99209239431957,151.95432135171103,153.90151926461812,0.0,17787200
2018-09-27,0.0,152.18978881835938,0.0,152.78753829448993,151.93620064415595,152.48866355642465,0.0,14471900
2018-09-28,0.0,152.6517333984375,0.0,153.05928494355425,151.6554840041319,151.6554840041319,0.0,22740300
2018-10-01,0.0,150.64109802246094,0.0,153.34907436842963,150.13392164905991,153.3218913731577,0.0,27893100
2018-10-02,0.0,149.01087951660156,0.0,150.82223161800755,148.6938873710476,150.50523947245358,0.0,28440300
2018-10-03,0.0,150.31507873535156,0.0,151.00338766644307,148.9927854140588,149.59958680453195,0.0,26027200
2018-10-04,0.0,148.20481872558594,0.0,150.02522249383412,147.7429289448564,149.8350382745121,0.0,29463000
2018-10-05,0.0,146.86439514160156,0.0,148.6757467921309,145.50588140370456,148.30441638708845,0.0,31240100
2018-10-08,0.0,146.55648803710938,0.0,147.08176792397543,145.4062757176211,146.51120147596072,0.0,21330700
2018-10-09,0.0,145.98587036132812,0.0,147.38967048010926,145.7956723810485,146.37530428447567,0.0,20620400
2018-10-10,0.0,141.79261779785156,0.0,145.80476925226694,141.6114853803435,145.6508060064092,0.0,46921800
2018-10-11,0.0,139.08468627929688,0.0,142.48097167795694,139.03033410452096,141.11339191293658,0.0,68877400
2018-10-12,0.0,139.11181640625,0.0,141.06806574389535,137.56310461861744,140.88693333738408,0.0,53492600
2018-10-15,0.0,139.62806701660156,0.0,140.64241971257522,138.1518107169464,138.89447166901212,0.0,32747600
2018-10-16,0.0,143.6764373779297,0.0,143.875687199734,139.510322328682,140.63336552253176,0.0,35569100
2018-10-17,0.0,143.06057739257812,0.0,143.2960481616711,141.18582156564258,143.25981338518412,0.0,24140100
2018-10-18,0.0,140.37974548339844,0.0,142.76167719997466,139.80916532144673,142.56242742340473,0.0,31042700
2018-10-19,0.0,138.89447021484375,0.0,141.61149818162903,138.33295552395415,140.80544710426346,0.0,34214200
2018-10-22,0.0,138.5955810546875,0.0,139.88163916676658,138.13369132343576,139.4016320481567,0.0,28218300
2018-10-23,0.0,137.35487365722656,0.0,138.46885165851594,134.87331557173323,136.69371999525723,0.0,37228100
2018-10-24,0.0,132.18341064453125,0.0,137.64463586889684,132.06568216072793,137.14651130043913,0.0,40412400
2018-10-25,0.0,135.04534912109375,0.0,135.68838516267405,132.60002668122556,132.8898358155227,0.0,32311300
2018-10-26,0.0,133.569091796875,0.0,135.3261054372949,131.051313637774,133.62343014542094,0.0,36986100
2018-10-29,0.0,132.83551025390625,0.0,136.42199364527795,131.38643680388807,135.0634795124057,0.0,33031300
2018-10-30,0.0,135.60690307617188,0.0,135.75181459503,132.73591097897017,132.99856483434093,0.0,29017200
2018-10-31,0.0,135.87857055664062,0.0,137.53595931184242,135.87857055664062,136.99254817850704,0.0,36785400
2018-11-01,0.0,139.01219177246094,0.0,139.26577990595933,136.58497329816882,136.65742902481364,0.0,28496400
2018-11-02,0.0,139.47410583496094,0.0,140.28015693278482,138.0612534674961,139.52844418455277,0.0,26671600
2018-11-05,0.0,139.3653564453125,0.0,140.0717822605859,137.97967397539065,139.51025402880836,0.0,16940900
2018-11-06,0.0,140.0537109375,0.0,140.47937968662336,139.03935842189537,139.15708688348167,0.0,15572900
2018-11-07,0.0,142.5624542236328,0.0,142.5624542236328,140.19863944769514,140.70581576721125,0.0,22127800
2018-11-08,0.0,142.18203735351562,0.0,143.00619176223555,141.59333983927013,141.8378761550187,0.0,14987700
2018-11-09,0.0,139.54656982421875,0.0,141.3126353879592,138.523151448004,141.28546621155706,0.0,20654400
2018-11-12,0.0,136.7842559814453,0.0,139.62807829334835,136.61217531672656,139.4922324104231,0.0,21886800
2018-11-13,0.0,136.3495635986328,0.0,138.64997521661599,136.11407892672509,137.30052643478228,0.0,18468500
2018-11-14,0.0,135.353271484375,0.0,138.0793650092772,134.474764684462,137.49973293898069,0.0,24549100
2018-11-15,0.0,137.28237915039062,0.0,137.48162898961266,134.15779950007396,134.48384343520823,0.0,24482000
2018-11-16,0.0,137.60842895507812,0.0,137.92540729861906,135.90575346347103,136.40387808277316,0.0,29323500
2018-11-19,0.0,134.8189239501953,0.0,137.68991508487878,134.37513775479562,137.37292297109067,0.0,21540900
2018-11-20,0.0,132.2196502685547,0.0,134.42948820133364,131.85737156025675,133.36079710577397,0.0,25907000
2018-11-21,0.0,134.06723022460938,0.0,135.2808328660575,132.70871609237093,132.93513511441068,0.0,17902300
2018-11-23,0.0,133.94041442871094,0.0,135.21742082284408,132.96228275359945,132.9713483575056,0.0,11134800
2018-11-26,0.0,135.6792755126953,0.0,136.2136208633708,134.7102096919376,135.23550326056446,0.0,15346400
2018-11-27,0.0,134.55633544921875,0.0,135.60690946160173,134.30273336951393,135.10878472927322,0.0,14461800
2018-11-28,0.0,137.880126953125,0.0,137.9978554424592,133.7683499434335,135.1268640196759,0.0,26125900
2018-11-29,0.0,137.5087890625,0.0,138.33295754112743,136.2498999723131,137.30953923646877,0.0,15134500
2018-11-30,0.0,138.22425842285156,0.0,138.44162562486557,136.82952354693683,137.17368482857944,0.0,20304700
2018-12-03,0.0,139.54656982421875,0.0,139.9088347225942,137.68087934049703,139.82732719338773,0.0,23379800
2018-12-04,0.0,133.60533142089844,0.0,139.59185051431757,133.26117010826755,139.24768920168668,0.0,41077900
2018-12-06,0.0,133.3155059814453,0.0,133.3155059814453,129.90110355240137,131.73057296307329,0.0,37581200
2018-12-07,0.0,130.43545532226562,0.0,134.27551253915334,129.75619835386124,133.261159888582,0.0,28525100
2018-12-10,0.0,130.05508422851562,0.0,131.06943696605202,128.10787246043535,130.66188551397184,0.0,30776600
2018-12-11,0.0,129.9192352294922,0.0,132.4007927461851,128.9592207639128,131.9388890855424,0.0,29229300
2018-12-12,0.0,131.1599578857422,0.0,132.91695708683528,131.10560573685083,131.21429621511948,0.0,27894800
2018-12-13,0.0,129.3033447265625,0.0,131.9479165451605,129.09502933140902,131.54036517734363,0.0,23205400
2018-12-14,0.0,127.34711456298828,0.0,129.71998147782125,126.88522473575966,128.36146735353913,0.0,24037200
2018-12-17,0.0,124.51104736328125,0.469,128.01865722922528,123.72955872374646,126.91911556696826,0.0,36468500
2018-12-18,0.0,124.35655975341797,0.0,126.47383488294511,123.84767218102819,125.63782609838618,0.0,42277200
2018-12-19,0.0,121.76671600341797,0.0,126.01945733961149,121.08518587653317,124.31109791694108,0.0,47676600
2018-12-20,0.0,119.75847625732422,0.0,122.13929776419008,118.34089571176096,121.43050749140846,0.0,57908100
2018-12-21,0.0,116.65072631835938,0.0,120.81260651196868,116.29633803587745,120.29465067371086,0.0,59404800
2018-12-24,0.0,114.3880386352539,0.0,116.74159345205965,114.35168952204592,116.06915218992278,0.0,28575700
2018-12-26,0.0,119.88572692871094,0.0,120.0402193451675,114.3244436409353,114.75153710814898,0.0,40182700
2018-12-27,0.0,120.38548278808594,0.0,120.38548278808594,116.19635047709481,118.37724836132546,0.0,39527900
2018-12-28,0.0,120.73080444335938,0.0,122.6845188154685,119.53130462857735,120.38549136957046,0.0,35994400
2018-12-31,0.0,121.67584991455078,0.0,121.81216427074837,119.7675737196884,121.51228932603418,0.0,29173400
2019-01-02,0.0,122.3664779663086,0.0,122.82991350682936,119.53130292885227,120.10379272919998,0.0,27295100
2019-01-03,0.0,120.17649841308594,0.0,122.34830754622288,119.63126867738092,121.68495533153738,0.0,29294600
2019-01-04,0.0,124.66551208496094,0.0,125.03808527239421,121.50321569523368,121.6940363951018,0.0,35355300
2019-01-07,0.0,126.84635925292969,0.0,127.55514933797306,124.25655359319835,124.72907107271844,0.0,30477900
2019-01-08,0.0,128.79104614257812,0.0,128.84556634698245,126.66467497619435,127.94595524277271,0.0,27320900
2019-01-09,0.0,129.854248046875,0.0,130.2995195484242,128.69110398749234,129.23633383160274,0.0,25764600
2019-01-10,0.0,130.52667236328125,0.0,130.5993705868604,128.44573944318049,129.09091364557185,0.0,22896800
2019-01-11,0.0,130.56301879882812,0.0,130.84472962404487,129.65431177311547,129.95418675549288,0.0,22428400
2019-01-14,0.0,129.2635498046875,0.0,130.34491317799095,129.1181533804625,129.7815193663268,0.0,29185000
2019-01-15,0.0,130.35401916503906,0.0,130.53575779577267,129.11817706397443,129.62705077633598,0.0,25678900
2019-01-16,0.0,131.3262939453125,0.0,131.98964594267946,130.55388771707055,130.56296979224197,0.0,20827300
2019-01-17,0.0,132.5167236328125,0.0,132.9710770647844,130.82652831124642,130.84470633093989,0.0,19273400
2019-01-18,0.0,133.87977600097656,0.0,134.41590969117206,132.67119427960608,133.21642391199288,0.0,28306700
2019-01-22,0.0,131.7624969482422,0.0,133.36181605745523,130.89922818966562,133.08921508741693,0.0,27741100
2019-01-23,0.0,131.39903259277344,0.0,132.8347773945866,130.36310720803368,132.05330271637413,0.0,20621300
2019-01-24,0.0,132.18954467773438,0.0,132.4530634797679,131.15361975172925,131.24448208846832,0.0,16976300
2019-01-25,0.0,133.88885498046875,0.0,134.1614697903564,133.06192847459016,133.2345849830445,0.0,22266900
2019-01-28,0.0,133.17098999023438,0.0,133.49812500681077,132.098708710325,132.6348562831627,0.0,22784700
2019-01-29,0.0,132.8529815673828,0.0,133.41638942491076,132.56220249174925,133.3164310845244,0.0,12084800
2019-01-30,0.0,134.30686950683594,0.0,134.79756508408713,132.38040163782168,133.56172326587185,0.0,25516900
2019-01-31,0.0,135.4518585205078,0.0,135.66995318464748,134.06153796781624,134.13423618919612,0.0,27252900
2019-02-01,0.0,135.5609130859375,0.0,136.01526661771626,135.01569716726465,135.71540548861935,0.0,17057900
2019-02-04,0.0,137.17840576171875,0.0,137.18748783944233,135.28829366264895,135.76990723158187,0.0,21301700
2019-02-05,0.0,137.32382202148438,0.0,137.76001144303487,136.52416914685028,137.22386367893375,0.0,18295900
2019-02-06,0.0,137.15110778808594,0.0,137.5509409902114,136.39689336179893,137.2510660886173,0.0,13720600
2019-02-07,0.0,136.0243377685547,0.0,136.94212674378042,134.84301602810194,136.23333647266216,0.0,22850800
2019-02-08,0.0,136.1697540283203,0.0,136.21517828721738,134.9429939911838,135.45186770959725,0.0,13463000
2019-02-11,0.0,137.3056182861328,0.0,137.35104253856886,135.96981803241385,136.56955404908544,0.0,16374800
2019-02-12,0.0,139.0231170654297,0.0,139.20485572906708,138.01445153660535,138.05079372302433,0.0,20779900
2019-02-13,0.0,139.41383361816406,0.0,139.72279068665048,138.75956343444625,139.41383361816406,0.0,15534500
2019-02-14,0.0,139.73187255859375,0.0,140.27708841293622,138.48693459968786,138.65050906202802,0.0,18251000
2019-02-15,0.0,141.9581756591797,0.0,141.9763536773704,140.18620019412802,140.64963566475222,0.0,27240200
2019-02-19,0.0,142.34896850585938,0.0,142.75789781311664,141.349398967311,141.349398967311,0.0,15856900
2019-02-20,0.0,143.02134704589844,0.0,143.19400353752633,142.2398587287896,142.35799503690635,0.0,18317400
2019-02-21,0.0,142.4761505126953,0.0,143.0032021851077,141.81279834990343,142.78512140050057,0.0,17497000
2019-02-22,0.0,143.7119598388672,0.0,143.82101407217863,142.75782889129854,142.91230736724552,0.0,20411800
2019-02-25,0.0,143.7483367919922,0.0,144.93874053017515,143.65746056196784,144.55708532245157,0.0,17957100
2019-02-26,0.0,142.7578582763672,0.0,143.74834546084136,142.567023728114,143.58477101008626,0.0,21497300
2019-02-27,0.0,142.957763671875,0.0,143.0668040533016,141.86730439454615,142.20353534688766,0.0,18194900
2019-02-28,0.0,142.467041015625,0.0,143.1031329579168,142.09446792593823,142.74873788537107,0.0,18155300
2019-03-01,0.0,143.7937774658203,0.0,143.8846398316956,142.4397992626526,143.53024471351966,0.0,19247100
2019-03-04,0.0,142.4943389892578,0.0,144.2844928450235,141.38571536693283,144.06639817864595,0.0,23301800
2019-03-05,0.0,141.8310089111328,0.0,142.6215796682502,141.72196849381186,142.61249758873024,0.0,16798200
2019-03-06,0.0,139.05035400390625,0.0,141.83099530500002,138.92313557397938,141.7764751015698,0.0,29604600
2019-03-07,0.0,137.83265686035156,0.0,139.15937504418227,137.550959937986,139.05033465249676,0.0,26822500
2019-03-08,0.0,137.7963104248047,0.0,137.90535081311901,136.8603434497293,137.06934214925394,0.0,20466800
2019-03-11,0.0,140.20440673828125,0.0,140.22258476196822,138.03259741096417,138.22343199525378,0.0,20854500
2019-03-12,0.0,140.2770233154297,0.0,140.83133485619092,139.75906780088042,140.304283402208,0.0,18966800
2019-03-13,0.0,140.8314208984375,0.0,141.51295121580517,140.62242215019364,140.77690069157126,0.0,24109100
2019-03-14,0.0,140.2589111328125,0.0,140.86774307269738,140.1225967826563,140.75868881941915,0.0,14217500
2019-03-15,0.0,140.63148498535156,0.0,141.64015027166036,140.24074764576557,140.42248626570714,0.0,22025900
2019-03-18,0.0,141.5311279296875,0.0,142.16722011352093,140.37706605388064,140.9041178249911,0.0,24510200
2019-03-19,0.0,140.8132781982422,0.0,142.23994133647113,140.45888293383624,142.19450320190177,0.0,18633100
2019-03-20,0.0,139.63970947265625,0.412,141.60775263230397,138.86525769876727,140.80595418146967,0.0,29463200
2019-03-21,0.0,141.4710693359375,0.0,142.19085546256957,139.15679281706804,139.15679281706804,0.0,31845000
2019-03-22,0.0,136.32313537597656,0.0,140.80588900733022,136.2775900418607,140.49610844116125,0.0,40663000
2019-03-25,0.0,136.92446899414062,0.0,137.8720509672542,135.2206621634088,136.19556299237453,0.0,26454700
2019-03-26,0.0,138.36412048339844,0.0,139.23881088303312,137.38920528695908,138.00878054976954,0.0,21308600
2019-03-27,0.0,137.82655334472656,0.0,138.68301723694208,136.19562387268246,138.22745252003867,0.0,23477100
2019-03-28,0.0,139.0565185546875,0.0,139.33896635076692,137.51670815389153,138.300279734657,0.0,19473300
2019-03-29,0.0,139.48480224609375,0.0,140.28660059994425,138.58279300074383,140.0223652775472,0.0,28298900
2019-04-01,0.0,141.00643920898438,0.0,141.1522233098842,140.05887035860965,140.5782071018018,0.0,20075200
2019-04-02,0.0,140.6419219970703,0.0,141.11571313490666,139.86745651614922,141.10659294398494,0.0,18253500
2019-04-03,0.0,141.370849609375,0.0,142.27285887229922,140.9790567142075,141.8993063617334,0.0,19554700
2019-04-04,0.0,142.0633087158203,0.0,142.14530703343956,141.07928719619122,141.48018639708448,0.0,15909500
2019-04-05,0.0,143.39352416992188,0.0,143.4755224648268,142.30927815041568,142.40950292287582,0.0,21379000
2019-04-08,0.0,143.1566619873047,0.0,143.50289564471882,142.19998713852613,142.91066703330992,0.0,14202400
2019-04-09,0.0,141.4072723388672,0.0,142.77396636386152,141.14305094456972,142.55530421761,0.0,18534200
2019-04-10,0.0,143.32972717285156,0.0,143.3752864117905,141.52569531323704,141.6623591273261,0.0,18938800
2019-04-11,0.0,143.14752197265625,0.0,143.6668584336922,142.8741804076602,143.52108831472657,0.0,12218700
2019-04-12,0.0,143.66688537597656,0.0,144.10423752308003,143.14754881754786,144.07690475172757,0.0,14120300
2019-04-15,0.0,143.2021942138672,0.0,144.04955171477914,142.59173923499068,143.91287397451327,0.0,10964000
2019-04-16,0.0,143.53933715820312,0.0,143.86734433852945,143.02910685608063,143.69424140959956,0.0,16782900
2019-04-17,0.0,142.22731018066406,0.0,144.05867533766227,141.40728534858542,144.04044885622093,0.0,17108500
2019-04-18,0.0,141.8081512451172,0.0,142.3912733898098,140.9152485022785,142.23638309073675,0.0,23276300
2019-04-22,0.0,141.43460083007812,0.0,141.96305750542274,140.7877067966724,141.50749284420118,0.0,15596800
2019-04-23,0.0,143.56663513183594,0.0,144.00397325633477,141.55303347682155,141.56213976386567,0.0,23396100
2019-04-24,0.0,144.01312255859375,0.0,144.58713857657676,143.38444099656138,143.6122233652553,0.0,18053100
2019-04-25,0.0,142.8195343017578,0.0,143.4755485858887,141.653289775021,143.34799102523723,0.0,19365100
2019-04-26,0.0,144.20448303222656,0.0,144.4049326527582,142.50066125770778,143.01090550261907,0.0,16999100
2019-04-29,0.0,144.89691162109375,0.0,145.42536835692655,144.40490784786002,144.5233452194777,0.0,13698900
2019-04-30,0.0,144.22264099121094,0.0,145.04266564719262,143.010851338859,145.00621269213806,0.0,24127500
2019-05-01,0.0,142.85598754882812,0.0,144.62358099535925,142.783109423559,144.568915450041,0.0,17734300
2019-05-02,0.0,143.52110290527344,0.0,144.09510495711652,141.84461429080397,142.71930460716766,0.0,22715700
2019-05-03,0.0,146.2635955810547,0.0,146.3638203671288,144.13155620754836,144.24088728227255,0.0,20178800
2019-05-06,0.0,146.42759704589844,0.0,146.7920432076083,143.9675367948023,144.12242710866548,0.0,21262100
2019-05-07,0.0,143.5302276611328,0.0,145.6622673342506,142.3639830244154,145.15203704352834,0.0,25434500
2019-05-08,0.0,142.82864379882812,0.0,144.04044760360063,142.72841900587005,143.28420851177725,0.0,16113700
2019-05-09,0.0,142.30931091308594,0.0,142.7284226742413,140.07704654280843,141.69885585037215,0.0,25259900
2019-05-10,0.0,142.70108032226562,0.0,142.8924236109776,140.01325140778656,141.76261816469562,0.0,26544700
2019-05-13,0.0,138.15457153320312,0.0,140.33217049784528,137.7263395528869,140.03149609234245,0.0,26936500
2019-05-14,0.0,139.89480590820312,0.0,140.46882189528233,138.21833110152969,138.45523364996578,0.0,15519200
2019-05-15,0.0,140.35037231445312,0.0,140.68749965989554,138.55546011463693,138.856120594349,0.0,18410600
2019-05-16,0.0,141.22508239746094,0.0,142.3002086094971,140.71485206613977,140.77862390618802,0.0,13772100
2019-05-17,0.0,139.25698852539062,0.0,141.47103978925585,139.09299193688958,140.14990518299211,0.0,21534000
2019-05-20,0.0,138.2912139892578,0.0,139.2387963149474,137.9541005728823,138.4278778329963,0.0,18689800
2019-05-21,0.0,140.14988708496094,0.0,140.35032269966968,139.02008197784394,139.0656412141206,0.0,11659100
2019-05-22,0.0,138.9745635986328,0.0,139.9403585196328,138.4916661381328,139.6032450969863,0.0,13922600
2019-05-23,0.0,136.11363220214844,0.0,137.63521676252586,135.37561954918962,137.63521676252586,0.0,26379400
2019-05-24,0.0,137.38917541503906,0.0,137.66251697441422,136.4780461522747,137.01562298337987,0.0,16093100
2019-05-28,0.0,136.29583740234375,0.0,138.1727616564304,136.28673111374172,137.5896394230954,0.0,14042200
2019-05-29,0.0,135.15696716308594,0.0,135.69453031284488,134.2640640106195,135.61253198208198,0.0,22622300
2019-05-30,0.0,134.78338623046875,0.0,136.28675831368415,133.97248149566775,135.53051912686672,0.0,17739100
2019-05-31,0.0,132.89735412597656,0.0,133.79025717478856,132.40535029577947,133.19802853993775,0.0,25411300
2019-06-03,0.0,133.36199951171875,0.0,134.1273587375392,132.4144310978072,133.1433373638249,0.0,26554500
2019-06-04,0.0,136.81517028808594,0.0,136.93360763566665,133.4075419187032,134.7742357814306,0.0,21217600
2019-06-05,0.0,136.842529296875,0.0,137.4803171079174,135.40294315038986,137.3618658348911,0.0,18184100
2019-06-06,0.0,136.48721313476562,0.0,137.14322754107673,135.12962506284023,136.778767369385,0.0,20772500
2019-06-07,0.0,137.45298767089844,0.0,138.04521624492838,136.6876422790878,136.98831666217026,0.0,17107500
2019-06-10,0.0,138.2638702392578,0.0,139.53033940066143,137.99052867075946,137.99052867075946,0.0,18912300
2019-06-11,0.0,137.8538818359375,0.0,139.61235491528276,137.19786755174354,139.2843477731858,0.0,15373000
2019-06-12,0.0,138.00881958007812,0.0,138.29126756838897,137.23435375822126,137.7445841761681,0.0,11957600
2019-06-13,0.0,139.46656799316406,0.0,139.56677886908997,138.3732017159282,138.7741008305507,0.0,14839400
2019-06-14,0.0,138.24566650390625,0.0,139.3481392472203,138.23656021445908,139.29347370507335,0.0,16154800
2019-06-17,0.0,139.19927978515625,0.533,139.8027342458359,138.67809871486867,138.86096412573332,0.0,12509300
2019-06-18,0.0,140.81773376464844,0.0,141.86008254894276,139.2176360899667,140.14112996275665,0.0,22100800
2019-06-19,0.0,141.32058715820312,0.0,141.4485943803785,140.25994791632675,140.9822853463984,0.0,15625000
2019-06-20,0.0,141.98802185058594,0.0,142.83836631992773,141.21084029445402,142.68293000870133,0.0,17595700
2019-06-21,0.0,140.7628173828125,0.0,141.87831470298704,140.45194473994124,141.84174719571814,0.0,19854400
2019-06-24,0.0,139.05303955078125,0.0,141.1834566527416,138.9798905657481,141.13773679312808,0.0,24002600
2019-06-25,0.0,138.20269775390625,0.0,139.4370642310751,138.06555212388423,139.26333713188546,0.0,17462200
2019-06-26,0.0,137.88265991210938,0.0,139.18102278108958,137.8460784500311,138.7055614362515,0.0,15726900
2019-06-27,0.0,140.4702911376953,0.0,140.59829839147375,138.28501547921363,138.28501547921363,0.0,22278400
2019-06-28,0.0,142.18006896972656,0.0,142.65553034157895,140.75369880591006,140.7628371960789,0.0,35089900
2019-07-01,0.0,142.72869873046875,0.0,144.49337094317144,141.9240738304736,144.04533863263,0.0,22850500
2019-07-02,0.0,141.86001586914062,0.0,142.74692785093447,141.04625284944441,142.6555021121159,0.0,19024600
2019-07-03,0.0,142.87498474121094,0.0,142.94813372875112,141.8783559454939,142.27153000955445,0.0,9115100
2019-07-05,0.0,143.25894165039062,0.0,143.3138138300282,141.5948482798663,142.1708875763007,0.0,14156700
2019-07-08,0.0,141.89663696289062,0.0,143.07613117081206,141.62233176633578,142.82926905048038,0.0,9735700
2019-07-09,0.0,142.088623046875,0.0,142.1160521679226,141.24743078068892,141.3022890227841,0.0,12381600
2019-07-10,0.0,142.33551025390625,0.0,143.14927346288243,141.58575763355597,142.8201100327493,0.0,17325400
2019-07-11,0.0,141.6405792236328,0.0,142.5823494143912,141.009681649841,142.53662957031077,0.0,14260800
2019-07-12,0.0,142.73780822753906,0.0,143.24983707779802,141.6131724348817,141.8508961291477,0.0,16678000
2019-07-15,0.0,141.98802185058594,0.0,143.17666805896528,141.58572349009648,143.1492389423805,0.0,12194300
2019-07-16,0.0,141.94232177734375,0.0,142.8200814475223,141.42114063738777,141.84174369516305,0.0,15152700
2019-07-17,0.0,140.9274139404297,0.0,142.0337589819667,140.56166908855585,141.9423332328029,0.0,14155100
2019-07-18,0.0,141.45774841308594,0.0,141.73203964121092,140.56168389540767,140.88170893054146,0.0,15705500
2019-07-19,0.0,140.64398193359375,0.0,142.1160579959829,140.64398193359375,141.6680396993395,0.0,17182600
2019-07-22,0.0,140.5159912109375,0.0,141.44862342212335,140.25997671402274,141.0280341565107,0.0,14474600
2019-07-23,0.0,141.4486083984375,0.0,141.4668991324869,140.38796905144798,141.06458669385347,0.0,15493200
2019-07-24,0.0,143.78929138183594,0.0,143.9630184412594,140.9182605860329,141.0736969150593,0.0,23823100
2019-07-25,0.0,142.0520477294922,0.0,143.77101362995424,141.80517170189108,143.71614143913453,0.0,17902500
2019-07-26,0.0,143.73446655273438,0.0,143.93562277864146,142.1800889494236,142.25323793627553,0.0,14260300
2019-07-29,0.0,142.7743682861328,0.0,143.88072724192563,142.27149180342062,143.72529091704777,0.0,13192200
2019-07-30,0.0,144.31961059570312,0.0,144.31961059570312,141.45773214798285,141.77774319458015,0.0,1200
2019-07-31,0.0,143.14927673339844,0.0,145.59056641610283,142.22579701052632,144.26477427479406,0.0,40445900
2019-08-01,0.0,141.07371520996094,0.0,144.62136397313154,140.43367908045624,143.44186981674014,0.0,38070200
2019-08-02,0.0,139.51019287109375,0.0,140.57997048447405,138.32154642786878,140.2142395565928,0.0,30148300
2019-08-05,0.0,135.32249450683594,0.0,137.0780278964997,133.68582993501175,136.95002068949523,0.0,39221500
2019-08-06,0.0,136.5659942626953,0.0,136.87686690423232,134.75560269827187,136.1453911963451,0.0,24283300
2019-08-07,0.0,136.52944946289062,0.0,136.88604201142934,134.1247273819745,135.24936327325187,0.0,23952100
2019-08-08,0.0,139.47360229492188,0.0,139.5559036072976,137.14204336646242,137.2883273570133,0.0,19415600
2019-08-09,0.0,137.71807861328125,0.0,139.1170196503029,137.17862060851934,139.06216140598684,0.0,19313200
2019-08-12,0.0,135.93511962890625,0.0,137.2609117258219,135.62424693479326,136.97746815461645,0.0,15963000
2019-08-13,0.0,137.39805603027344,0.0,138.78784460901883,135.02076332958134,135.63337025937165,0.0,21912600
2019-08-14,0.0,133.55783081054688,0.0,135.30421196499256,133.23780579779913,135.27678284409876,0.0,28235800
2019-08-15,0.0,133.0275115966797,0.0,134.10642755952816,132.38746156937356,134.06070770732913,0.0,24202400
2019-08-16,0.0,135.89862060546875,0.0,136.15463518279225,133.59447545780932,133.62190459454055,0.0,22783400
2019-08-19,0.0,137.27008056640625,0.0,137.96497501648523,137.105491857438,137.4438076668617,0.0,17023400
2019-08-20,0.0,136.37400817871094,0.0,137.16034230589284,136.22772416452554,137.07805493196196,0.0,13324100
2019-08-21,0.0,137.49859619140625,0.0,137.74545820205662,136.95912442889815,137.71802908976213,0.0,13446100
2019-08-22,0.0,137.17861938476562,0.0,138.1386805069537,136.36485621394232,137.76379723848416,0.0,12979100
2019-08-23,0.0,132.97264099121094,0.0,137.2517652864793,132.51547036724048,136.4380021338815,0.0,36974600
2019-08-26,0.0,134.43560791015625,0.0,134.45389864368966,133.22868458004731,134.22531330561867,0.0,19167100
2019-08-27,0.0,132.44229125976562,0.0,135.34075037673895,132.28684102182794,135.28589215240123,0.0,24546200
2019-08-28,0.0,133.98756408691406,0.0,134.76475975012588,131.8937287092557,132.177172271777,0.0,20115500
2019-08-29,0.0,136.33743286132812,0.0,136.50200759977227,135.28594593884742,135.45965906773586,0.0,18786300
2019-08-30,0.0,136.09056091308594,0.0,137.12377108589035,135.35908505495206,137.0506221049028,0.0,18727100
2019-09-03,0.0,134.0972900390625,0.0,135.6150998507726,133.49382147029968,134.81961348222518,0.0,20688000
2019-09-04,0.0,135.17617797851562,0.0,135.6516392327429,134.57270953488916,135.33161428337627,0.0,13107500
2019-09-05,0.0,137.69064331054688,0.0,138.8975804382861,136.575145887057,137.01403972536585,0.0,25666700
2019-09-06,0.0,137.05978393554688,0.0,138.2758597929223,136.99578728607656,137.79125991877757,0.0,14645900
2019-09-09,0.0,138.89759826660156,0.0,139.19933258726573,137.20606118305025,137.67238420214116,0.0,25780100
2019-09-10,0.0,140.67144775390625,0.0,140.76287353441845,137.96499072899837,138.68731438754537,0.0,29576200
2019-09-11,0.0,143.55157470703125,0.0,143.69787265387643,140.40623860856056,141.28401233789148,0.0,42970500
2019-09-12,0.0,143.58816528320312,0.0,144.37449943413384,142.244096279846,143.7161725193201,0.0,38648300
2019-09-13,0.0,143.83499145507812,0.0,145.30708113549613,143.67041675935144,144.32874344573324,0.0,31042800
2019-09-16,0.0,144.37448120117188,0.0,145.1516768627078,143.27727446562866,143.5241505154416,0.0,23242600
2019-09-17,0.0,143.9996337890625,0.0,144.07278277612522,143.04871090898965,143.88076494111772,0.0,22986700
2019-09-18,0.0,143.11270141601562,0.0,144.00875196620683,141.78690934699236,143.99046123407294,0.0,19735700
2019-09-19,0.0,142.41778564453125,0.0,144.30134030681737,142.20749106711085,143.3687083412617,0.0,21531600
2019-09-20,0.0,142.11610412597656,0.0,143.23160196220775,141.2200532900966,142.308121995252,0.0,22707200
2019-09-23,0.0,142.00634765625,0.0,142.59152554083477,141.32059166876434,141.59489685410685,0.0,14944600
2019-09-24,0.0,139.8629608154297,0.544,142.4871697803184,139.32160649769276,142.35871258626582,0.0,27576700
2019-09-25,0.0,141.39524841308594,0.0,141.63380770201556,139.28486885453034,139.72529138823884,0.0,21917500
2019-09-26,0.0,139.8170623779297,0.0,141.2300911904331,139.42250637133907,141.2300911904331,0.0,20641600
2019-09-27,0.0,138.6976318359375,0.0,140.58779309581305,138.0920421116726,140.22077665728992,0.0,20181900
2019-09-30,0.0,138.86276245117188,0.0,139.7069113231233,138.3581044296853,138.89028797954592,0.0,16905400
2019-10-01,0.0,136.1376495361328,0.0,140.70708414322672,135.84403917627938,139.56931074694188,0.0,34093500
2019-10-02,0.0,135.10997009277344,0.0,135.45864546358433,133.83456923732777,135.45864546358433,0.0,24894600
2019-10-03,0.0,135.55960083007812,0.0,135.7431090571182,132.98125913731675,134.59616513714226,0.0,25362800
2019-10-04,0.0,136.8441925048828,0.0,136.94512414468574,134.9907269379484,135.78900954394692,0.0,18640400
2019-10-07,0.0,136.60562133789062,0.0,137.69751425547793,135.90827043212064,136.5138602184637,0.0,15762800
2019-10-08,0.0,134.38514709472656,0.0,135.73394042166487,134.0639971592572,135.26599228786105,0.0,18110600
2019-10-09,0.0,134.9998779296875,0.0,135.51370651353955,134.55027091842754,135.37606485664992,0.0,10929500
2019-10-10,0.0,135.54127502441406,0.0,136.2569670646912,134.97239519772796,135.19259951733122,0.0,16349000
2019-10-11,0.0,137.83509826660156,0.0,139.43164883367507,135.51368548850937,137.4405423790015,0.0,29236300
2019-10-14,0.0,137.3304901123047,0.0,137.770912704148,136.80749090963732,137.55070840861723,0.0,10692600
2019-10-15,0.0,138.90869140625,0.0,139.58768734457672,137.44059737773145,137.78927285968064,0.0,16801200
2019-10-16,0.0,139.05548095703125,0.0,139.71612176216755,138.67927999839918,138.74351557704466,0.0,13119100
2019-10-17,0.0,140.69793701171875,0.0,140.85391974445386,139.51429674530115,139.7345010734995,0.0,13175800
2019-10-18,0.0,140.028076171875,0.0,140.84469960302752,138.96370895801047,140.3216865062776,0.0,14490200
2019-10-21,0.0,141.34024047851562,0.0,142.2027448728904,141.22096778622813,141.4595271715887,0.0,17450300
2019-10-22,0.0,141.49620056152344,0.0,142.2669436075156,141.06494847609835,141.48701604856848,0.0,12471800
2019-10-23,0.0,141.6704864501953,0.0,141.99163630062108,140.8905731003842,141.6154353903002,0.0,8728000
2019-10-24,0.0,141.4686737060547,0.0,142.2761268746907,140.81721726381872,142.17519522861122,0.0,9091400
2019-10-25,0.0,142.22103881835938,0.0,142.70734189554688,141.21172261998177,141.2209071313722,0.0,10531500
2019-10-28,0.0,143.4505615234375,0.0,144.03779622965627,142.2302115556682,142.82663077342121,0.0,15392400
2019-10-29,0.0,143.9185333251953,0.0,144.36812639584127,143.01014867096694,143.14777634549515,0.0,11978300
2019-10-30,0.0,143.44140625,0.0,143.8818288262538,142.47797048881003,143.86347380201536,0.0,14451500
2019-10-31,0.0,142.63394165039062,0.0,143.23036088323474,141.52370778748133,143.23036088323474,0.0,17344200
2019-11-01,0.0,145.0654754638672,0.0,145.14805206754903,143.1844845978016,143.50562050126902,0.0,18421600
2019-11-04,0.0,145.84539794921875,0.0,146.53356435728438,145.40497536827556,146.25829499390184,0.0,16182000
2019-11-05,0.0,146.02886962890625,0.0,147.23087841469493,145.86371645269617,146.25825837416107,0.0,13760200
2019-11-06,0.0,145.18475341796875,0.0,145.882104321065,144.79938191925922,145.882104321065,0.0,16025500
2019-11-07,0.0,145.57009887695312,0.0,146.96478643288145,145.1296763858942,146.5702444931529,0.0,13448900
2019-11-08,0.0,145.9646759033203,0.0,146.13901362309326,144.9278340967426,145.23062897833026,0.0,11967400
2019-11-11,0.0,145.6894073486328,0.0,145.79950948770687,144.86361330401607,145.00124097785866,0.0,10508700
2019-11-12,0.0,145.73529052734375,0.0,146.69872626390747,145.4233251271706,145.8270376446283,0.0,14316900
2019-11-13,0.0,145.11134338378906,0.0,145.4324932910532,144.23049826801545,144.73515640766735,0.0,14514400
2019-11-14,0.0,145.0654754638672,0.0,145.80869289856506,144.78102160543983,144.90947876698291,0.0,13054000
2019-11-15,0.0,145.81787109375,0.0,146.15736203840763,145.294871908758,146.10231096638546,0.0,13119200
2019-11-18,0.0,145.45083618164062,0.0,145.65269942066283,144.91865255156208,145.63434439872094,0.0,10759500
2019-11-19,0.0,145.9921875,0.0,146.53354163019435,145.25814064508972,145.9921875,0.0,15203700
2019-11-20,0.0,145.44166564941406,0.0,146.44181143007293,144.29472168144915,145.47837569682622,0.0,21314300
2019-11-21,0.0,144.72598266601562,0.0,145.79035009416768,144.2672050505137,145.72612850840392,0.0,15388300
2019-11-22,0.0,145.1755828857422,0.0,145.4691932653349,144.37731435287026,145.2581594924294,0.0,13482400
2019-11-25,0.0,148.25856018066406,0.0,148.48794896408492,145.79033463093077,145.91879178961523,0.0,24753000
2019-11-26,0.0,148.35952758789062,0.0,149.13944123915897,147.99249704542586,148.41457866906444,0.0,15496700
2019-11-27,0.0,149.40553283691406,0.0,149.49727996746245,148.7173663542781,148.99263574748906,0.0,13202500
2019-11-29,0.0,148.43292236328125,0.0,149.368818673346,148.34116123447527,149.0201571856049,0.0,9988200
2019-12-02,0.0,146.98313903808594,0.0,148.8366040753017,146.72622475579206,148.78153901414302,0.0,17190900
2019-12-03,0.0,146.5152130126953,0.0,146.58861911149307,145.06548806398038,145.72612895237842,0.0,14884400
2019-12-04,0.0,147.52452087402344,0.0,147.92824739376897,147.0840983073833,147.26760654341828,0.0,10833200
2019-12-05,0.0,147.6713104248047,0.0,148.32276666297625,147.221703414781,148.15761347609742,0.0,11470700
2019-12-06,0.0,149.39634704589844,0.0,149.93770126335525,149.10272265629246,149.18529926557608,0.0,16486200
2019-12-09,0.0,149.11187744140625,0.0,149.70829666959622,149.00177530730718,149.33209571038438,0.0,13476700
2019-12-10,0.0,149.20364379882812,0.0,149.52479370228025,148.58888352719686,149.02013556861857,0.0,13704400
2019-12-11,0.0,149.15774536132812,0.0,149.63487790330282,148.5980362257748,149.45136969509065,0.0,19612200
2019-12-12,0.0,150.44236755371094,0.0,151.48837999678062,148.87334188871526,149.33211952165428,0.0,24857000
2019-12-13,0.0,149.8643035888672,0.0,151.22228146516431,149.14861159995505,150.2313200957208,0.0,23279600
2019-12-16,0.0,150.92059326171875,0.597,151.8138880831205,150.79166483657545,151.08635235741255,0.0,20115300
2019-12-17,0.0,151.67576599121094,0.0,151.67576599121094,150.75484450486218,151.1600522071991,0.0,12980000
2019-12-18,0.0,151.97042846679688,0.0,152.20986293280038,151.32578640283126,152.0072591338193,0.0,15379300
2019-12-19,0.0,152.6243438720703,0.0,152.6243438720703,151.84156888674457,152.20993193252733,0.0,11919800
2019-12-20,0.0,152.84527587890625,0.0,153.25048341068606,152.615045604226,153.01103493164845,0.0,25449500
2019-12-23,0.0,153.14923095703125,0.0,153.20448399244503,152.28356259649433,153.09397792161747,0.0,13372100
2019-12-24,0.0,153.49916076660156,0.0,153.51758312782925,152.90977167661484,153.28735279498844,0.0,4334500
2019-12-26,0.0,153.49916076660156,0.0,153.77543997643943,153.20447324768037,153.63730739759265,0.0,9371200
2019-12-27,0.0,152.74400329589844,0.0,153.90435904410018,152.34799984037227,153.90435904410018,0.0,12261800
2019-12-30,0.0,152.35723876953125,0.0,153.06635218262153,151.5560416476646,152.8545301429306,0.0,14912700
2019-12-31,0.0,152.5690155029297,0.0,153.1952492341921,151.68493900862603,152.02567536037407,0.0,17362400
2020-01-02,0.0,152.67034912109375,0.0,153.5636440065026,151.24291813549178,153.5544398512416,0.0,18297500
2020-01-03,0.0,152.07174682617188,0.0,152.32960367966794,150.75482199025413,150.79166671340764,0.0,19295600
2020-01-06,0.0,152.27435302734375,0.0,152.44931628255165,150.60747355613515,150.89297098253135,0.0,17150900
2020-01-07,0.0,151.76779174804688,0.0,152.2650829317698,151.22445170142703,151.81384061094383,0.0,11817900
2020-01-08,0.0,152.23748779296875,0.0,152.90055220931697,151.69414763439374,151.78624537916437,0.0,13832400
2020-01-09,0.0,152.42166137695312,0.0,153.28732954547942,152.19143107903196,152.98342386596644,0.0,11895400
2020-01-10,0.0,151.8507843017578,0.0,152.5875245000894,151.21534605634872,152.45859601929266,0.0,15353000
2020-01-13,0.0,152.83609008789062,0.0,152.90975141875384,151.0955495642909,151.89674651974622,0.0,17271100
2020-01-14,0.0,153.39784240722656,0.0,154.33717186088862,151.93356710189872,152.08091785813096,0.0,18323000
2020-01-15,0.0,154.1345977783203,0.0,154.66873383345796,153.0018684823641,153.01107263684872,0.0,15437200
2020-01-16,0.0,156.123779296875,0.0,156.43688915118278,155.1107602951226,155.25811106849443,0.0,19976200
2020-01-17,0.0,155.70018005371094,0.0,157.0723438776917,155.33180308085275,156.81448702276333,0.0,18306400
2020-01-21,0.0,154.410888671875,0.0,155.62651165876517,154.04252573459362,155.0463266830089,0.0,17935100
2020-01-22,0.0,154.3095703125,0.0,155.2857446392017,153.95961572287342,154.8897552264296,0.0,14916300
2020-01-23,0.0,154.208251953125,0.0,154.6871349111769,152.36640955523245,153.8859379647792,0.0,15954300
2020-01-24,0.0,152.31114196777344,0.0,154.72395078161637,151.24287010662889,154.72395078161637,0.0,20491400
2020-01-27,0.0,150.57986450195312,0.0,151.4823776601047,149.57606347216142,149.9720670113803,0.0,18539000
2020-01-28,0.0,151.83229064941406,0.0,152.32037781557696,150.56142880739745,151.49155426416854,0.0,16690400
2020-01-29,0.0,150.96665954589844,0.0,152.4677661352728,150.93903302419255,152.04415010101758,0.0,14944400
2020-01-30,0.0,150.96665954589844,0.0,151.16005924998703,149.1248164873865,149.9628584515248,0.0,21889700
2020-01-31,0.0,147.83546447753906,0.0,150.9573864744131,147.37500392312023,150.40484224039508,0.0,30439000
2020-02-03,0.0,149.48397827148438,0.0,150.04572687254722,148.71961177271476,148.82091369549497,0.0,17373200
2020-02-04,0.0,151.74021911621094,0.0,152.2375104764975,151.17845651455008,151.31658910014494,0.0,15994200
2020-02-05,0.0,154.07936096191406,0.0,154.28196479905122,152.5874727540366,153.31499449492313,0.0,17807000
2020-02-06,0.0,153.72940063476562,0.0,154.85292585288892,153.57284568498062,154.6134913506551,0.0,14768900
2020-02-07,0.0,151.84152221679688,0.0,153.20448192985373,151.39946983514727,153.14001068797538,0.0,18029600
2020-02-10,0.0,152.69793701171875,0.0,152.77161239160586,151.45470186299613,151.54678554874863,0.0,11428800
2020-02-11,0.0,153.75701904296875,0.0,154.6779402987188,153.1215811281583,153.60045006360525,0.0,15005600
2020-02-12,0.0,154.8161163330078,0.0,154.98187546055328,154.05174978987154,154.73323676923508,0.0,12123000
2020-02-13,0.0,155.22128295898438,0.0,155.58964584634074,153.89515408107204,153.99645598291656,0.0,12649300
2020-02-14,0.0,154.6226348876953,0.0,155.43304988853444,154.1069213606667,155.35937452008181,0.0,16006200
2020-02-18,0.0,154.2911376953125,0.0,154.77002067262885,153.26891456127464,154.25430702881565,0.0,13412100
2020-02-19,0.0,155.08314514160156,0.0,155.7646319792584,154.28194808743652,154.87133717195394,0.0,11084600
2020-02-20,0.0,155.4607391357422,0.0,155.73701836590485,153.41629250554206,154.62269729003546,0.0,20383800
2020-02-21,0.0,153.885986328125,0.0,155.2949950811652,153.17687284747606,154.85294264920014,0.0,18729900
2020-02-24,0.0,149.25372314453125,0.0,153.8491114784468,148.36042835152827,149.06032348689243,0.0,28239500
2020-02-25,0.0,143.94920349121094,0.0,149.88914295587736,143.62688947346092,149.66813084133875,0.0,45047000
2020-02-26,0.0,142.28236389160156,0.0,145.95684553242913,142.02450701001501,144.63071639732908,0.0,39465000
2020-02-27,0.0,137.27252197265625,0.0,142.75200070734326,137.0515098616872,139.381439545775,0.0,50530300
2020-02-28,0.0,134.7584228515625,0.0,137.33700544237038,132.5297948704923,133.39546318796266,0.0,72036400
2020-03-02,0.0,139.08676147460938,0.0,139.27094294889025,133.8927652078723,136.2687441668892,0.0,33569300
2020-03-03,0.0,136.25027465820312,0.0,142.0060315637722,134.73996460826743,139.14196636547538,0.0,42941300
2020-03-04,0.0,140.12738037109375,0.0,140.39444134988574,136.77522759278233,138.3960439293677,0.0,36195800
2020-03-05,0.0,135.6701202392578,0.0,140.42206303254707,133.98483272830316,137.06991036955137,0.0,32729400
2020-03-06,0.0,132.98104858398438,0.0,134.43610612649985,129.84071719409638,131.42470317444761,0.0,39688300
2020-03-09,0.0,120.05130004882812,0.0,125.4018505008378,119.95920229887679,123.5231772502665,0.0,56320000
2020-03-10,0.0,123.79944610595703,0.0,124.1401965492739,117.89635113376168,124.05731700312012,0.0,54432700
2020-03-11,0.0,115.92554473876953,0.0,121.81023699115201,114.35077051176336,120.56698789387366,0.0,51354800
2020-03-12,0.0,103.11554718017578,0.0,110.41845252707658,102.77480380912972,107.53596469418231,0.0,70114300
2020-03-13,0.0,110.02247619628906,0.0,110.47372569618003,100.88693797532784,108.95420404430116,0.0,57915100
2020-03-16,0.0,95.42584991455078,0.0,102.49852446617912,93.40903039373654,100.03045555946322,0.0,59095700
2020-03-17,0.0,99.80024719238281,0.0,101.7618070984696,92.65389569490954,96.65990208044934,0.0,59344800
2020-03-18,0.0,92.06449890136719,0.0,98.33597039377354,88.63867071176442,94.90093805040082,0.0,62296700
2020-03-19,0.0,95.65609741210938,0.0,98.35439708668628,88.12296094024452,91.77901960446043,0.0,62654700
2020-03-20,0.0,93.38143157958984,0.0,100.15941366123585,92.50655203193777,97.72818172174028,0.0,76203700
2020-03-23,0.0,92.00006103515625,0.0,94.09976097160776,88.32558614636609,93.84190407079072,0.0,63534700
2020-03-24,0.0,100.41727447509766,0.0,100.68434253533272,92.0276796101208,97.03749448280303,0.0,73386700
2020-03-25,0.0,101.6653060913086,0.42,105.39096813456483,98.01359726172002,101.21231179967228,0.0,56043700
2020-03-26,0.0,107.98875427246094,0.0,108.71909599427381,102.80240901056908,103.11673659932192,0.0,51657600
2020-03-27,0.0,104.05970001220703,0.0,107.25840714246715,102.49733010305187,103.7731128262488,0.0,39931500
2020-03-30,0.0,106.35243225097656,0.0,106.55581946180544,102.43262973044328,104.68836148350331,0.0,41552100
2020-03-31,0.0,105.81621551513672,0.0,107.39707898797062,103.50501037007457,105.94564243900112,0.0,52948000
2020-04-01,0.0,98.60528564453125,0.0,102.04435388072632,97.56061612996396,100.4912233323762,0.0,54224200
2020-04-02,0.0,99.53900146484375,0.0,102.0535942956815,96.67310792064238,97.73626391131509,0.0,43774200
2020-04-03,0.0,96.71932983398438,0.0,99.84407711566014,94.85187184922925,98.54055383442855,0.0,42189200
2020-04-06,0.0,104.12440490722656,0.0,104.78078627949147,100.78702432981406,100.85173778755178,0.0,48708100
2020-04-07,0.0,104.39253234863281,0.0,109.68057186465442,103.90255789229509,108.05348115513091,0.0,57546100
2020-04-08,0.0,109.15361022949219,0.0,110.23525268254856,104.73458655708261,106.20450983125063,0.0,52822300
2020-04-09,0.0,114.37694549560547,0.0,115.19973413670279,112.16743347469381,112.71287461853233,0.0,69528600
2020-04-13,0.0,111.2799072265625,0.0,114.1827803078831,110.12430466064703,113.57261876752534,0.0,40198200
2020-04-14,0.0,113.53562927246094,0.0,115.44930668161112,112.13966656633205,114.54331829448991,0.0,35089700
2020-04-15,0.0,108.90401458740234,0.0,110.11508410807012,107.85010536037663,108.95948126674895,0.0,34809900
2020-04-16,0.0,108.08123016357422,0.0,109.47719337225523,105.90869109417211,109.1721125174149,0.0,49501300
2020-04-17,0.0,112.84227752685547,0.0,113.45243906952416,110.99331341438797,112.69436406554202,0.0,46250200
2020-04-20,0.0,111.51104736328125,0.0,113.61886568592345,110.05036377013813,110.5588247566761,0.0,36700500
2020-04-21,0.0,108.84854125976562,0.0,110.23526467451005,107.68369866971312,108.55270721341641,0.0,31608900
2020-04-22,0.0,110.17053985595703,0.0,111.85309714384253,109.80074557277838,111.2336957751309,0.0,24333800
2020-04-23,0.0,111.25218963623047,0.0,113.61886897236846,110.64203502408817,111.03956267034746,0.0,38571200
2020-04-24,0.0,113.1658706665039,0.0,114.0071458095837,111.0210651690497,112.3523218079552,0.0,27147500
2020-04-27,0.0,117.64961242675781,0.0,118.740501757553,114.50637138436153,114.5895714008233,0.0,39021300
2020-04-28,0.0,119.35989379882812,0.0,121.53243254575874,117.66808973118229,121.21809788633496,0.0,47292700
2020-04-29,0.0,125.23037719726562,0.0,126.51540701597317,121.92072890663118,123.40914595763606,0.0,50390500
2020-04-30,0.0,120.46929931640625,0.0,122.90069254307473,120.31213900114568,121.93922294720986,0.0,43727500
2020-05-01,0.0,115.6897201538086,0.0,117.83451891327972,113.9794292252492,117.54793164320625,0.0,43352000
2020-05-04,0.0,116.18892669677734,0.0,116.392313915455,113.01795237261847,114.26600196976632,0.0,28498200
2020-05-05,0.0,117.08566284179688,0.0,120.10871629486492,116.57719485044895,118.3984328231209,0.0,31209400
2020-05-06,0.0,116.22591400146484,0.0,118.51862611850457,115.56028562773069,117.86224454252788,0.0,29836800
2020-05-07,0.0,117.81600952148438,0.0,118.79595836065243,116.99322095779813,117.76978259187716,0.0,27493000
2020-05-08,0.0,122.36446380615234,0.0,122.725011297683,119.43385694289474,120.33060579991589,0.0,32122900
2020-05-11,0.0,121.75428771972656,0.0,122.909890325469,119.5632696933116,120.5617120374503,0.0,33983200
2020-05-12,0.0,117.38150787353516,0.0,122.29974591804701,117.2613206716076,122.27201258013744,0.0,44275300
2020-05-13,0.0,113.45246124267578,0.0,116.55872212296796,111.31690953243982,116.1611944789651,0.0,58719300
2020-05-14,0.0,113.82225799560547,0.0,113.96092469153263,108.33083113321419,110.91013747605737,0.0,55904300
2020-05-15,0.0,115.63423156738281,0.0,116.05024572277063,112.28760357134053,112.7960715863605,0.0,40236600
2020-05-18,0.0,122.66029357910156,0.0,123.31668215894491,120.9500099443465,121.5231844038723,0.0,46981100
2020-05-19,0.0,120.23815155029297,0.0,123.3721456147194,120.23815155029297,122.23503646916966,0.0,30270000
2020-05-20,0.0,123.88058471679688,0.0,124.78657310297226,122.38292843056148,122.70648865810067,0.0,35901300
2020-05-21,0.0,124.10248565673828,0.0,124.86055366459313,122.56784194221942,123.92683179578425,0.0,32716500
2020-05-22,0.0,124.70341491699219,0.0,124.85133546821575,122.97463755731731,124.50002768567983,0.0,24035200
2020-05-26,0.0,128.2996368408203,0.0,129.77881398327446,124.79585555737123,129.51070624929628,0.0,36971000
2020-05-27,0.0,132.2841796875,0.0,132.66322084690387,126.95916628445241,130.8789766338023,0.0,42682000
2020-05-28,0.0,129.15016174316406,0.0,133.80955997496753,127.19026397465572,133.80955997496753,0.0,42105000
2020-05-29,0.0,128.41055297851562,0.0,128.7618606767208,126.10860166852864,127.85587220429757,0.0,41536400
2020-06-01,0.0,129.64012145996094,0.0,130.9713779464067,128.14246496594816,128.74337269079894,0.0,25567500
2020-06-02,0.0,130.71255493164062,0.0,131.13782300657414,129.0207505897541,130.41672792399703,0.0,24666200
2020-06-03,0.0,133.8650360107422,0.0,135.03913244778448,132.30265871164625,132.8203665277178,0.0,36111700
2020-06-04,0.0,133.67088317871094,0.0,134.60461926564406,132.36735983980077,132.9775215013944,0.0,28904700
2020-06-05,0.0,138.8387451171875,0.0,140.81715078246742,138.2563308602825,139.46740041689372,0.0,53513400
2020-06-08,0.0,141.5289764404297,0.0,141.80632392138838,140.17924032969833,140.84486864140763,0.0,33834300
2020-06-09,0.0,138.9126739501953,0.0,140.30865093610112,137.8032982620123,139.46736884752542,0.0,39646000
2020-06-10,0.0,135.14080810546875,0.0,138.9126973662887,134.88195420480773,138.7555370770645,0.0,51774500
2020-06-11,0.0,124.83281707763672,0.0,130.3797096884412,124.59245680950038,129.5661609247838,0.0,72041500
2020-06-12,0.0,127.82818603515625,0.0,130.3705126478321,124.01930893575778,129.7326175316145,0.0,63864900
2020-06-15,0.0,130.78350830078125,0.466,131.77604188982122,123.63164158842044,123.63164158842044,0.0,57354800
2020-06-16,0.0,133.9281005859375,0.0,136.07087364950485,130.82060689413922,136.07087364950485,0.0,48957000
2020-06-17,0.0,131.50706481933594,0.0,134.49396540823295,131.08964381307527,134.12291350497017,0.0,34811400
2020-06-18,0.0,131.46067810058594,0.0,132.93557222248927,129.68894246388865,130.20840096059555,0.0,26974100
2020-06-19,0.0,130.78350830078125,0.0,134.04867955017548,129.7167501899592,133.96519819444117,0.0,50293800
2020-06-22,0.0,132.0914764404297,0.0,132.23989723305462,128.77992066082746,130.0878523567363,0.0,28983200
2020-06-23,0.0,132.64801025390625,0.0,134.18784370001117,132.32334163007357,133.87246021948806,0.0,20344200
2020-06-24,0.0,128.3438720703125,0.0,131.34932775611313,126.44227241536953,130.8855236526723,0.0,42998700
2020-06-25,0.0,130.28262329101562,0.0,130.40321693673636,126.42376816979005,127.74098481979736,0.0,37191200
2020-06-26,0.0,126.77625274658203,0.0,129.70749902092882,126.60929000960175,129.38283038233493,0.0,39100100
2020-06-29,0.0,130.92266845703125,0.0,131.71114137582305,127.17513619221397,128.6685865042177,0.0,33935200
2020-06-30,0.0,132.81494140625,0.0,133.22309129773873,130.41243945447044,130.48664981239372,0.0,32865900
2020-07-01,0.0,131.553466796875,0.0,134.0487221997565,131.01545207622036,133.25097818694923,0.0,26457500
2020-07-02,0.0,132.0914764404297,0.0,134.7629940909353,131.61840108739676,134.0951146783089,0.0,24022400
2020-07-06,0.0,133.04689025878906,0.0,135.15256567360828,132.58308597428513,134.80008404223008,0.0,19858200
2020-07-07,0.0,130.6907196044922,0.0,133.05612336112222,130.31039684294998,131.887327962644,0.0,22661000
2020-07-08,0.0,131.66473388671875,0.0,132.1841923076096,129.03032952124056,130.57014865340122,0.0,27358900
2020-07-09,0.0,129.0025177001953,0.0,132.04507237265184,127.30499248865453,131.73895987671673,0.0,34647800
2020-07-10,0.0,131.0803680419922,0.0,131.25661593937173,128.43669204385085,129.06745909322615,0.0,24008200
2020-07-13,0.0,129.41995239257812,0.0,134.16930376890568,129.29935874844708,132.46250738731092,0.0,34235500
2020-07-14,0.0,131.5626983642578,0.0,131.70183395972344,128.60362536445697,129.3364297575436,0.0,28114000
2020-07-15,0.0,136.3862762451172,0.0,137.08198261819132,134.30842811536345,134.8928259980841,0.0,40770100
2020-07-16,0.0,135.57925415039062,0.0,136.05232936334326,134.39191646934026,135.53287089715644,0.0,30530800
2020-07-17,0.0,135.9781036376953,0.0,136.90571198092948,134.9762849285008,136.06158499158317,0.0,20644100
2020-07-20,0.0,135.39373779296875,0.0,136.21930876073517,134.64236304672977,135.54214439020555,0.0,19663300
2020-07-21,0.0,137.31387329101562,0.0,138.36207533503568,136.54395660385362,136.79441484044395,0.0,24503800
2020-07-22,0.0,137.38809204101562,0.0,137.90755052326375,136.38627318774476,136.44192743167392,0.0,24424800
2020-07-23,0.0,137.52723693847656,0.0,139.32679976935336,136.08016988186557,137.26750767981218,0.0,21704900
2020-07-24,0.0,135.5050506591797,0.0,136.9799447693465,135.0226902785692,136.62744901187932,0.0,20015500
2020-07-27,0.0,136.91505432128906,0.0,136.9985357100525,134.86503279847605,135.6071226139182,0.0,13370700
2020-07-28,0.0,135.55142211914062,0.0,137.32314343338243,135.48648273612878,136.423376293304,0.0,13268000
2020-07-29,0.0,138.53831481933594,0.0,138.6310671632239,136.33987337190433,136.35842950235406,0.0,19864400
2020-07-30,0.0,137.9910430908203,0.0,138.32498273568538,135.73696110361843,136.48832176601906,0.0,23618900
2020-07-31,0.0,136.69236755371094,0.0,137.67563014386565,134.197098817839,137.41590093719006,0.0,29881500
2020-08-03,0.0,138.9186248779297,0.0,139.1134288641453,136.56250583779018,137.55503943696178,0.0,20777100
2020-08-04,0.0,139.8740234375,0.0,140.00388800929397,138.25070921298683,138.57537771956018,0.0,20285000
2020-08-05,0.0,142.6569061279297,0.0,142.74967264034447,140.7924181235258,141.26549336680313,0.0,18190200
2020-08-06,0.0,142.6012725830078,0.0,143.25988094672223,141.84064085668237,142.66621198196165,0.0,18237700
2020-08-07,0.0,144.8645782470703,0.0,144.93878860533766,142.06319737773634,142.3414826826943,0.0,20475200
2020-08-10,0.0,146.36729431152344,0.0,147.33201478340433,145.30982151046277,145.30982151046277,0.0,24000500
2020-08-11,0.0,145.52320861816406,0.0,148.25037954691476,144.8553294456463,147.74019210204972,0.0,30359400
2020-08-12,0.0,146.1168670654297,0.0,147.3876859391527,145.16143162466017,147.18361097566992,0.0,23378300
2020-08-13,0.0,145.810791015625,0.0,147.05378308224007,145.30987446961498,145.62527213547372,0.0,15799900
2020-08-14,0.0,145.718017578125,0.0,146.33951358191692,144.5863340625091,144.96665694897632,0.0,13360900
2020-08-17,0.0,146.4693603515625,0.0,146.5899539726149,145.39334536728745,146.0983226541133,0.0,9744200
2020-08-18,0.0,145.06866455078125,0.0,146.42297892537357,144.43789768739555,146.42297892537357,0.0,14670400
2020-08-19,0.0,145.07794189453125,0.0,146.59921903931144,144.88315206520213,145.56957319317374,0.0,14337300
2020-08-20,0.0,144.48423767089844,0.0,145.16140179885664,143.35255461653674,143.59374178974036,0.0,15413000
2020-08-21,0.0,143.41757202148438,0.0,144.4472181753589,142.48069239304104,143.91847445793314,0.0,20685100
2020-08-24,0.0,144.9202423095703,0.0,144.95735456831122,143.15779218222463,144.57703176420435,0.0,13707100
2020-08-25,0.0,145.07794189453125,0.0,145.4675498615501,143.58449186822665,145.45826471927137,0.0,16269700
2020-08-26,0.0,144.16893005371094,0.0,145.42120735266099,143.94629888935546,145.1707490620341,0.0,13772700
2020-08-27,0.0,144.5214080810547,0.0,145.63453545753694,143.4361078274208,144.81823544283145,0.0,17508400
2020-08-28,0.0,145.745849609375,0.0,145.82005999124698,144.45647430198827,145.2635033584817,0.0,12371400
2020-08-31,0.0,144.17819213867188,0.0,145.97775501538138,144.05761265033865,145.81079226806608,0.0,17051500
2020-09-01,0.0,145.829345703125,0.0,145.9220980651888,143.2691370582142,143.9833996016028,0.0,15638800
2020-09-02,0.0,146.98880004882812,0.0,147.4711461167304,144.87384035330132,146.52499595372214,0.0,16763400
2020-09-03,0.0,142.64759826660156,0.0,146.83110645819042,141.88696684730309,146.6734147511917,0.0,32117600
2020-09-04,0.0,141.73858642578125,0.0,144.60489339074317,138.48267142195854,144.43793064910247,0.0,30618800
2020-09-08,0.0,139.0113983154297,0.0,141.44172784523403,138.21365450847526,140.23583406902182,0.0,26447800
2020-09-09,0.0,141.1171112060547,0.0,141.72005117863998,139.670043948502,140.46777381504285,0.0,20160800
2020-09-10,0.0,139.28041076660156,0.0,142.74040066642056,139.19692939851348,141.76640890951222,0.0,23005500
2020-09-11,0.0,138.35279846191406,0.0,140.1152630579085,136.9892128705673,139.9946694267528,0.0,20851000
2020-09-14,0.0,141.99830627441406,0.0,142.32296074637816,139.4844810930809,139.68855608879866,0.0,21991300
2020-09-15,0.0,142.2672882080078,0.0,143.50100901285793,141.7942130446873,143.20418170082746,0.0,16175500
2020-09-16,0.0,143.61233520507812,0.0,145.495379071287,142.70326880787485,142.9537270319354,0.0,22178400
2020-09-17,0.0,142.56419372558594,0.0,143.22278802409184,140.76463045217008,141.57164555046393,0.0,20002900
2020-09-18,0.0,142.193115234375,0.0,144.04833242352257,140.1987624177149,142.83316742930035,0.0,38352800
2020-09-21,0.0,137.2118377685547,0.0,139.38243810568386,135.73694375646804,138.97430228450463,0.0,40652500
2020-09-22,0.0,138.26930236816406,0.0,138.49193347408016,135.95028142638168,137.8889795367084,0.0,19385800
2020-09-23,0.0,134.1499481201172,0.566,139.14086725860622,134.06613434618149,138.19111042990528,0.0,33403400
2020-09-24,0.0,134.1499481201172,0.0,136.44055483419893,132.3062724236523,134.1220007233836,0.0,31723700
2020-09-25,0.0,136.32882690429688,0.0,136.73853262912138,133.4795279010959,133.56332746986462,0.0,20689300
2020-09-28,0.0,139.69029235839844,0.0,140.08137131679794,136.31953983634008,138.15389551311125,0.0,17600900
2020-09-29,0.0,139.0570526123047,0.0,139.9323303152355,137.80932296299656,139.53194518328644,0.0,18683800
2020-09-30,0.0,139.47605895996094,0.0,141.50596034752886,138.26558307915238,139.57848537228955,0.0,29073700
2020-10-01,0.0,141.70150756835938,0.0,141.72013442932632,139.19674178138425,140.42584465069612,0.0,25872000
2020-10-02,0.0,142.32540893554688,0.0,143.00514028192862,138.7311914450504,139.1222703378235,0.0,29452000
2020-10-05,0.0,146.25482177734375,0.0,146.4782872852072,143.8431475759685,143.85246811088447,0.0,18553600
2020-10-06,0.0,145.8357696533203,0.0,149.92349127078018,145.5750504683261,147.58632493096425,0.0,36348000
2020-10-07,0.0,149.02027893066406,0.0,149.50447778706317,147.54908391952225,147.67012297752467,0.0,27049700
2020-10-08,0.0,150.7149658203125,0.0,151.10604458862147,149.52310265742906,150.58460623087618,0.0,37278600
2020-10-09,0.0,151.4971466064453,0.0,152.43761126782763,150.6684289018217,152.10239881381517,0.0,25038100
2020-10-12,0.0,152.51206970214844,0.0,152.93109586918462,151.40402027557008,152.14892411001236,0.0,20336200
2020-10-13,0.0,151.4971466064453,0.0,151.98134553071483,150.36114963496595,151.329547483505,0.0,20106500
2020-10-14,0.0,149.9980010986328,0.0,152.62383430573695,149.85833516554496,151.78579608281515,0.0,19024900
2020-10-15,0.0,151.543701171875,0.0,151.94408631205744,147.87499117127945,148.32193635774922,0.0,22865100
2020-10-16,0.0,151.17124938964844,0.0,152.42828539204797,151.1339956693237,151.9720338790547,0.0,17637900
2020-10-19,0.0,149.3648681640625,0.0,152.73560615476913,149.01102876547642,151.66479583860155,0.0,18360600
2020-10-20,0.0,149.69070434570312,0.0,151.26433997922078,149.2996255706248,150.43562238743175,0.0,18927700
2020-10-21,0.0,148.40577697753906,0.0,150.25874496513123,148.32196319580365,149.7931728342775,0.0,17504100
2020-10-22,0.0,150.9664306640625,0.0,151.02229704904167,148.21954359875448,149.11344838282466,0.0,20673900
2020-10-23,0.0,151.84169006347656,0.0,152.0837824382362,150.14700081576083,151.84169006347656,0.0,20889800
2020-10-26,0.0,148.5640106201172,0.0,150.25868511316193,146.54343008203818,149.83967320392375,0.0,26509900
2020-10-27,0.0,147.28836059570312,0.0,149.0389159751621,147.06489511449954,148.47091753021834,0.0,20523000
2020-10-28,0.0,142.75369262695312,0.0,144.73703400831812,142.5022797541291,144.01074278294263,0.0,32338700
2020-10-29,0.0,144.45765686035156,0.0,145.06289468186162,141.22658655213044,142.25085047420802,0.0,27203200
2020-10-30,0.0,142.54888916015625,0.0,144.58809761758846,140.96594656204738,143.69420697288172,0.0,31764500
2020-11-02,0.0,145.09088134765625,0.0,145.1560540468168,143.08891299583172,144.11317719519604,0.0,25252100
2020-11-03,0.0,149.20652770996094,0.0,150.12835122639962,147.17662629241963,147.521145044371,0.0,30257400
2020-11-04,0.0,149.3741455078125,0.0,151.17126113766136,146.8507527727655,146.88799228785294,0.0,45226300
2020-11-05,0.0,153.55499267578125,0.0,154.17885758173313,150.7615600895373,150.85466598419904,0.0,31911000
2020-11-06,0.0,152.35382080078125,0.0,154.2999231218578,152.0558620228261,154.21610933943649,0.0,24930400
2020-11-09,0.0,157.87550354003906,0.0,165.83678937176552,157.67065067732736,164.765965006112,0.0,55052700
2020-11-10,0.0,160.80857849121094,0.0,161.39520380353196,158.06170631875568,159.41186238235596,0.0,35492200
2020-11-11,0.0,160.743408203125,0.0,161.53487215179112,159.09527919170196,161.40451254800308,0.0,23972600
2020-11-12,0.0,158.27587890625,0.0,160.75272575938823,156.74880306599414,159.59810189650904,0.0,33986800
2020-11-13,0.0,161.5535430908203,0.0,162.14016857198962,159.5143347116461,159.55158844182498,0.0,25440400
2020-11-16,0.0,165.3991241455078,0.0,165.5387900714422,163.32266265907782,164.33762048401402,0.0,31812300
2020-11-17,0.0,166.17198181152344,0.0,166.48856739456969,162.2797920976167,163.9186005935014,0.0,26154500
2020-11-18,0.0,163.84410095214844,0.0,167.34519720158954,163.7509808709081,166.6189060339296,0.0,24377800
2020-11-19,0.0,165.1011505126953,0.0,165.36186971206695,163.01539691772217,163.55544796775575,0.0,20187600
2020-11-20,0.0,165.27810668945312,0.0,165.6878124384918,163.72309747515376,164.50525524615455,0.0,24898800
2020-11-23,0.0,168.36952209472656,0.0,169.45895923983082,166.42341967546034,166.90761869821824,0.0,24816000
2020-11-24,0.0,171.5353546142578,0.0,172.67135146930298,169.80342614739632,170.76250336316113,0.0,34945400
2020-11-25,0.0,170.94876098632812,0.0,171.6191859497957,169.36581868130364,170.86496141792793,0.0,21082700
2020-11-27,0.0,171.67501831054688,0.0,171.78676525440363,170.60420837148664,171.06978038118766,0.0,10384400
2020-11-30,0.0,168.55569458007812,0.0,171.62847268955272,167.90389660731205,171.16290067927264,0.0,25481600
2020-12-01,0.0,170.1200408935547,0.0,171.53538404248036,168.55572547221539,170.95807919052885,0.0,30265000
2020-12-02,0.0,170.29696655273438,0.0,170.84633823492206,168.3136248090851,169.4216887089054,0.0,20142800
2020-12-03,0.0,171.25601196289062,0.0,172.42924835090787,170.34349477221056,170.7159467089406,0.0,19603600
2020-12-04,0.0,175.24130249023438,0.0,175.47408849625438,171.2560072038223,172.28027131356242,0.0,24415700
2020-12-07,0.0,175.40895080566406,0.0,175.93969561707212,174.53367297506625,175.26927064930072,0.0,14671500
2020-12-08,0.0,177.66233825683594,0.0,177.8299374137381,174.19848026617794,174.2357197872224,0.0,20165600
2020-12-09,0.0,176.3679962158203,0.0,179.53388027196917,174.96195962070632,178.79828273115635,0.0,29507600
2020-12-10,0.0,178.07205200195312,0.0,178.45381039025676,174.41264728959595,174.83165940874676,0.0,21245300
2020-12-11,0.0,177.1967315673828,0.0,178.51895453287767,175.3344432991142,176.90807915910227,0.0,30865000
2020-12-14,0.0,177.4040985107422,0.592,180.38372010389833,177.3574074156538,179.3002330038633,0.0,32237700
2020-12-15,0.0,181.8407745361328,0.0,182.04626659426216,178.15128136011896,179.1133513356944,0.0,26807000
2020-12-16,0.0,181.18702697753906,0.0,182.3359188152084,180.2343061763873,182.2611930999758,0.0,25494600
2020-12-17,0.0,183.3446502685547,0.0,183.42872559219737,181.26172296328943,181.88753469168856,0.0,23834200
2020-12-18,0.0,182.45726013183594,0.0,184.78304895395752,181.95287957831655,183.64350721002327,0.0,37033400
2020-12-21,0.0,182.36390686035156,0.0,182.8682875331998,178.8518701291476,179.24416937524524,0.0,30873000
2020-12-22,0.0,184.43748474121094,0.0,184.68033256485575,182.50399476200707,183.06443035807263,0.0,21919700
2020-12-23,0.0,186.00668334960938,0.0,186.48304363400135,184.84845642470393,185.47428235557945,0.0,18392000
2020-12-24,0.0,185.88523864746094,0.0,186.75391234040802,184.99789422098644,186.74456272117598,0.0,8904900
2020-12-28,0.0,185.19403076171875,0.0,187.91210445046582,185.0632643789353,187.89343371897303,0.0,27168400
2020-12-29,0.0,181.60728454589844,0.0,185.87589870919885,180.68258442264326,185.53964023188752,0.0,33901300
2020-12-30,0.0,183.45675659179688,0.0,184.45618264058606,182.16776308249905,182.18644807244476,0.0,20595700
2020-12-31,0.0,183.12982177734375,0.0,183.85837956178673,181.78478763607353,183.6528874428443,0.0,24747700
2021-01-04,0.0,180.7386474609375,0.0,184.83912576605067,178.34748210567375,184.51220261487504,0.0,33664200
2021-01-05,0.0,183.53146362304688,0.0,184.5869302817981,180.33701478602188,180.35568552159629,0.0,27442900
2021-01-06,0.0,191.0412139892578,0.0,193.14282614415575,186.02537087369166,186.3242594133263,0.0,52952200
2021-01-07,0.0,194.441162109375,0.0,194.76808526886757,192.13405776201697,192.14340738241225,0.0,24031400
2021-01-08,0.0,194.02084350585938,0.0,195.93564862310484,191.16265313442076,195.5153290247998,0.0,29017000
2021-01-11,0.0,193.8526611328125,0.0,194.39441164861233,191.3213945229606,191.56424230488457,0.0,20945100
2021-01-12,0.0,197.32733154296875,0.0,197.44876256294407,194.74002417440056,194.76804452478453,0.0,24892200
2021-01-13,0.0,195.91696166992188,0.0,197.76637643539925,195.3938960192794,197.48615862184934,0.0,22782200
2021-01-14,0.0,199.8306121826172,0.0,200.82070266886873,197.20593458161903,197.30868062750184,0.0,33913700
2021-01-15,0.0,196.85101318359375,0.0,199.84931958430974,194.52522384000153,196.9070538962757,0.0,41043500
2021-01-19,0.0,199.37290954589844,0.0,199.5223609214376,197.75700752372566,199.2701635067737,0.0,19744300
2021-01-20,0.0,200.25091552734375,0.0,201.73605113653343,199.01797732899658,200.22289517641318,0.0,25474200
2021-01-21,0.0,198.51364135742188,0.0,200.97019736868444,197.97189065804787,200.79272559186708,0.0,21180500
2021-01-22,0.0,200.82073974609375,0.0,201.12897794065174,195.7301703565126,196.60817959207697,0.0,24800200
2021-01-25,0.0,200.62461853027344,0.0,203.5388645894785,197.64501062658272,200.7553849766659,0.0,33985000
2021-01-26,0.0,199.2328338623047,0.0,202.39926225202794,198.73778858695485,202.03498338427107,0.0,23969800
2021-01-27,0.0,195.58070373535156,0.0,198.94328900317478,193.619193287043,195.68344979221476,0.0,45830300
2021-01-28,0.0,194.9549102783203,0.0,198.36418695733437,193.9367992347483,196.93509164783237,0.0,32202500
2021-01-29,0.0,192.0032958984375,0.0,197.0751942861332,191.330778827666,195.89828228604787,0.0,40591900
2021-02-01,0.0,196.72024536132812,0.0,197.61693951522955,192.19009775237058,194.44116137877916,0.0,26375100
2021-02-02,0.0,199.52239990234375,0.0,199.93338413913708,196.98178303168544,199.09273067684063,0.0,22773100
2021-02-03,0.0,200.12017822265625,0.0,200.57786777515133,197.63560222763059,199.60644796015552,0.0,23923200
2021-02-04,0.0,204.20199584960938,0.0,204.39815261052462,200.89546529216858,200.90480066079456,0.0,25400800
2021-02-05,0.0,207.03216552734375,0.0,207.20963729807696,204.34211136548205,206.36899804483355,0.0,23338800
2021-02-08,0.0,212.31886291503906,0.0,212.3375479021842,208.66672468773248,209.03100354848243,0.0,20831500
2021-02-09,0.0,213.31829833984375,0.0,214.4765109727344,211.38480840853416,212.1507360873531,0.0,19510900
2021-02-10,0.0,211.91725158691406,0.0,215.1303856099481,210.11452782002092,214.75675708839134,0.0,27955400
2021-02-11,0.0,211.67434692382812,0.0,213.89738985957766,208.6853906147119,213.0941065153338,0.0,25847600
2021-02-12,0.0,212.27218627929688,0.0,212.72054051659705,209.8249799737025,211.02989813682774,0.0,17440200
2021-02-16,0.0,210.9364776611328,0.0,214.48586991344746,209.9650578434621,214.33641851804126,0.0,22999500
2021-02-17,0.0,209.28321838378906,0.0,209.91837972728666,206.38767224430026,208.86289877914217,0.0,25042300
2021-02-18,0.0,206.0420684814453,0.0,208.1997215167656,204.9212114276716,207.67665584183592,0.0,24501500
2021-02-19,0.0,210.3386993408203,0.0,211.37549530031063,207.51786465106343,207.78874710354916,0.0,31238200
2021-02-22,0.0,208.9749755859375,0.0,211.45955168642945,208.2744381761915,208.7694834722144,0.0,23272100
2021-02-23,0.0,207.1348876953125,0.0,208.2744296420034,201.34378152920084,206.3876592241777,0.0,38646800
2021-02-24,0.0,212.02932739257812,0.0,212.4496469972676,207.08820969050768,207.9381842680013,0.0,27584900
2021-02-25,0.0,204.19265747070312,0.0,212.5804219213791,203.63222180703983,211.8331791206517,0.0,49961400
2021-02-26,0.0,203.91238403320312,0.0,207.5738570805879,200.64321014241665,205.04259042081767,0.0,47734200
2021-03-01,0.0,211.16064453125,0.0,211.75843583146417,208.23706410471087,208.7414447242011,0.0,26161000
2021-03-02,0.0,207.09750366210938,0.0,211.05787957909234,206.9387169210762,210.89907858559164,0.0,26895400
2021-03-03,0.0,204.85581970214844,0.0,209.4700139836448,204.75307364867055,207.75136568225972,0.0,33407600
2021-03-04,0.0,199.13006591796875,0.0,206.13543895273494,195.6180297816265,204.0992031126796,0.0,59126500
2021-03-05,0.0,203.3520050048828,0.0,203.76297497871246,193.54448129579797,202.58607726451152,0.0,53204300
2021-03-08,0.0,204.3140869140625,0.0,207.6112820282975,203.31464664731192,204.89319331014102,0.0,40619700
2021-03-09,0.0,208.6107177734375,0.0,210.15190878202685,206.35031854664467,207.74205813880022,0.0,32247300
2021-03-10,0.0,212.2347869873047,0.0,213.86937406252886,210.34800248692625,210.72163094131557,0.0,36812000
2021-03-11,0.0,216.90504455566406,0.0,216.96108526297436,213.70124634722652,214.41113331307386,0.0,25256700
2021-03-12,0.0,218.18467712402344,0.0,218.7077427022911,216.11108554412803,216.69020607932558,0.0,23732200
2021-03-15,0.0,218.95997619628906,0.0,219.06272225555145,216.61551607444602,217.95120059238664,0.0,21497400
2021-03-16,0.0,215.29847717285156,0.0,218.651712507359,214.00948389840198,218.58633643316728,0.0,24675000
2021-03-17,0.0,216.98912048339844,0.0,217.46549503311192,212.36557653142683,213.8693973746508,0.0,29422600
2021-03-18,0.0,210.3853759765625,0.0,217.56820675801072,209.7969200588521,215.57869043343422,0.0,35637200
2021-03-19,0.0,211.9732666015625,0.0,213.52379270997184,208.24640272104176,209.75957310805998,0.0,40855600
2021-03-22,0.0,210.3760528564453,0.0,213.05678573398524,209.3205861718108,212.6644722377831,0.0,26128400
2021-03-23,0.0,202.74484252929688,0.0,209.09638387009696,201.78277239816853,208.4425518760003,0.0,43660700
2021-03-24,0.0,198.05592346191406,0.0,206.73325452959952,198.05592346191406,205.3602001130979,0.0,47270200
2021-03-25,0.0,202.75180053710938,0.398,203.5565945427613,194.6757874333568,195.90169142677829,0.0,59244600
2021-03-26,0.0,206.44827270507812,0.0,206.51377173490926,202.09677818822752,204.90419769052443,0.0,34452600
2021-03-29,0.0,200.6368865966797,0.0,206.74770125085738,200.3374359736799,204.95095467504123,0.0,38078800
2021-03-30,0.0,204.01513671875,0.0,204.64212525818783,199.45776437488024,200.62752230948925,0.0,36205400
2021-03-31,0.0,206.75704956054688,0.0,208.12331878431777,205.05387521286917,205.1006683844824,0.0,34800100
2021-04-01,0.0,209.37734985351562,0.0,209.5270680401254,207.7677615434508,208.1233583008322,0.0,29799200
2021-04-05,0.0,210.5283660888672,0.0,211.99757470563355,209.21824284593714,211.86656238134054,0.0,27826600
2021-04-06,0.0,209.91075134277344,0.0,212.13797535680848,209.47092115043418,210.55646010511293,0.0,24907800
2021-04-07,0.0,206.52308654785156,0.0,209.9668467430041,205.82123185032393,209.8358344373031,0.0,26233700
2021-04-08,0.0,208.27304077148438,0.0,208.51635953995597,205.3065366147234,207.5992591160207,0.0,23989400
2021-04-09,0.0,208.3011474609375,0.0,208.7690506706234,207.03781736234924,208.20757538656397,0.0,23267400
2021-04-12,0.0,207.48696899414062,0.0,208.61928659354865,206.25169785376394,208.4227752716609,0.0,20533900
2021-04-13,0.0,206.9442138671875,0.0,208.2824243612649,204.78250350218022,207.26238459639387,0.0,24608400
2021-04-14,0.0,208.98431396484375,0.0,211.49226852516142,207.56188408984065,207.62738311947112,0.0,27362000
2021-04-15,0.0,209.89199829101562,0.0,210.66871926885713,207.99231255795047,210.64064622092192,0.0,20587300
2021-04-16,0.0,210.22889709472656,0.0,211.19277652167315,208.6941752060597,210.93075187818897,0.0,23943000
2021-04-19,0.0,207.49630737304688,0.0,210.238226999222,205.82122053657076,209.3492139537424,0.0,25285900
2021-04-20,0.0,203.24781799316406,0.0,207.39343397436534,201.42299815630037,206.59800700920636,0.0,35570800
2021-04-21,0.0,208.2169189453125,0.0,208.3292111412193,201.66627430433638,203.08870399600167,0.0,31147800
2021-04-22,0.0,207.3560333251953,0.0,210.86530816292347,206.60738517062478,208.92818159844512,0.0,31943700
2021-04-23,0.0,211.2676544189453,0.0,212.10052157016958,207.7677475107608,208.51639551034143,0.0,27999500
2021-04-26,0.0,213.46681213378906,0.0,214.00958159403072,212.19411477718495,212.4280663921543,0.0,19069200
2021-04-27,0.0,213.7849578857422,0.0,214.6646181397717,212.9052976317127,214.0282766755718,0.0,19648100
2021-04-28,0.0,214.14990234375,0.0,214.7581849838127,212.5216085807126,213.4386947225945,0.0,16222700
2021-04-29,0.0,213.35446166992188,0.0,216.12444003840213,211.29567659693987,216.030867985529,0.0,25500300
2021-04-30,0.0,210.45350646972656,0.0,213.17670659508906,209.75165165056754,211.23022751644197,0.0,27006000
2021-05-03,0.0,211.48287963867188,0.0,212.81172292620957,210.48156000214001,212.62456451431032,0.0,18693400
2021-05-04,0.0,208.95619201660156,0.0,211.6232458054902,206.77577580347307,210.18211032034964,0.0,26892700
2021-05-05,0.0,208.12330627441406,0.0,210.1259310973543,207.15007404800537,209.8826266105697,0.0,25139500
2021-05-06,0.0,208.3011474609375,0.0,208.5070260155411,204.60471496027353,208.35729356141616,0.0,27647300
2021-05-07,0.0,210.92138671875,0.0,211.4267158506475,207.89873629152137,208.3666394533518,0.0,26172700
2021-05-10,0.0,205.55921936035156,0.0,211.18341019431676,205.49370606400268,210.77165312947008,0.0,28109100
2021-05-11,0.0,204.90414428710938,0.0,206.24234038038358,200.65557588452873,201.12347901296366,0.0,39519500
2021-05-12,0.0,198.25054931640625,0.0,204.7263265112938,197.96043739962283,203.1635318697443,0.0,42113400
2021-05-13,0.0,201.9002227783203,0.0,203.48173781616887,198.20379050103742,199.61685296835708,0.0,37739900
2021-05-14,0.0,206.8319091796875,0.0,207.19687305979159,201.83469276383138,203.9496241073885,0.0,25070400
2021-05-17,0.0,207.11264038085938,0.0,207.17813939132893,203.9121705285409,205.6714907992917,0.0,20048500
2021-05-18,0.0,205.54054260253906,0.0,208.90945177184008,205.3814572083324,207.17820400553484,0.0,24564500
2021-05-19,0.0,203.95899963378906,0.0,204.1555252583657,200.30936042827105,202.16225308035925,0.0,31202800
2021-05-20,0.0,205.31591796875,0.0,205.75574811806453,202.44299975268174,204.25846644912508,0.0,24932800
2021-05-21,0.0,205.84933471679688,0.0,208.09526436253978,205.26913931882234,207.12203199052385,0.0,24213700
2021-05-24,0.0,207.18751525878906,0.0,208.17011475881236,205.8773921116056,206.98163672433577,0.0,18324200
2021-05-25,0.0,205.1848907470703,0.0,209.34924033841526,205.11939172920043,207.96423668913013,0.0,20514900
2021-05-26,0.0,209.01234436035156,0.0,209.33051507767635,205.98967970795283,205.9990469097554,0.0,20388200
2021-05-27,0.0,211.16470336914062,0.0,211.82913218003898,209.78906685188704,210.59386090770022,0.0,21225700
2021-05-28,0.0,211.0243377685547,0.0,212.59648562603923,210.6032277552479,212.5029135560111,0.0,20668400
2021-06-01,0.0,213.41998291015625,0.0,213.88788606107013,211.45479824388053,212.85850769662218,0.0,23081500
2021-06-02,0.0,213.67266845703125,0.0,214.22479078386522,212.26895891332137,214.21543786077837,0.0,18927500
2021-06-03,0.0,211.88528442382812,0.0,213.008249253535,209.65806061143084,212.25961555324545,0.0,24811500
2021-06-04,0.0,212.8023681640625,0.0,213.4200038107801,211.68877055041835,212.95210061404356,0.0,19395800
2021-06-07,0.0,215.65658569335938,0.0,215.96540352412634,212.66200801826366,213.26092355328282,0.0,24049900
2021-06-08,0.0,217.93991088867188,0.0,218.49203313368676,215.21671135040089,216.36776328674415,0.0,27770300
2021-06-09,0.0,216.48944091796875,0.0,218.64179841198984,216.15255005560658,218.54821206383906,0.0,18700600
2021-06-10,0.0,214.88400268554688,0.347,217.60191222653597,214.34979919125763,217.13330614700524,0.0,29069000
2021-06-11,0.0,217.1520538330078,0.0,217.2457807689607,215.62440774217833,215.8399625340029,0.0,16707200
2021-06-14,0.0,216.5147705078125,0.0,218.69847669084336,215.69001918011713,217.72376797616275,0.0,19182800
2021-06-15,0.0,215.89617919921875,0.0,216.93648519873582,214.13421588093576,216.60845524455448,0.0,17039900
2021-06-16,0.0,215.4369354248047,0.0,216.19607491856962,213.3469564986447,215.277611087904,0.0,24527000
2021-06-17,0.0,213.01895141601562,0.0,215.74624230883967,210.4228839578964,214.84652661888563,0.0,48292500
2021-06-18,0.0,208.18289184570312,0.0,211.5662275054859,207.2456799100372,209.65430714832465,0.0,54023700
2021-06-21,0.0,212.63465881347656,0.0,213.2157256654333,209.26068996177955,209.98234719131028,0.0,26736400
2021-06-22,0.0,213.6000213623047,0.0,214.06862743033622,210.61031236014796,212.06299403119016,0.0,21188500
2021-06-23,0.0,214.3029327392578,0.0,215.52131138921777,213.67500231751652,213.67500231751652,0.0,22387500
2021-06-24,0.0,217.33013916015625,0.0,217.34888740858946,214.35917816568622,215.67126954154182,0.0,21732500
2021-06-25,0.0,217.6956329345703,0.0,218.75468722024198,217.1989116485365,217.70499990763278,0.0,27619000
2021-06-28,0.0,215.9711456298828,0.0,217.98614580347052,214.40600323305165,217.65813016862091,0.0,25006000
2021-06-29,0.0,214.94024658203125,0.0,217.18018321037707,214.40604305430136,216.71157710151206,0.0,18844300
2021-06-30,0.0,214.9683380126953,0.0,215.85870096157598,213.4594259371212,214.2935441465552,0.0,26039000
2021-07-01,0.0,216.8615264892578,0.0,217.29265038582932,215.28701688589683,216.3179417069385,0.0,18089100
2021-07-02,0.0,214.79965209960938,0.0,217.50819460518082,214.20920387670412,217.43321591808788,0.0,21029700
2021-07-06,0.0,211.67874145507812,0.0,215.05271099002667,209.81368408704782,214.95898405266365,0.0,27771300
2021-07-07,0.0,209.71060180664062,0.0,212.43789280691746,207.87367385852278,211.37883841901697,0.0,28521500
2021-07-08,0.0,207.77993774414062,0.0,210.01050731197412,204.17167942639443,205.54000120275393,0.0,42297900
2021-07-09,0.0,212.1660919189453,0.0,212.2316893333249,209.31695896345238,210.0854797937901,0.0,23976400
2021-07-12,0.0,212.34414672851562,0.0,212.64404715618488,210.45097433253352,211.39755338016388,0.0,16831000
2021-07-13,0.0,208.34225463867188,0.0,211.56626658094004,208.26727595388402,211.08827925300773,0.0,25357500
2021-07-14,0.0,205.12759399414062,0.0,210.27289322633732,204.82769357862838,209.66371112248007,0.0,30594100
2021-07-15,0.0,203.9654541015625,0.0,205.3056604101305,201.4443515091549,204.15289364322456,0.0,45477000
2021-07-16,0.0,201.45372009277344,0.0,206.07418277063624,201.00386232904123,206.0273193096657,0.0,36620200
2021-07-19,0.0,198.43589782714844,0.0,200.98511567635543,195.92417646730306,197.40497318123363,0.0,58571000
2021-07-20,0.0,204.59341430664062,0.0,205.502511232206,197.9954327912121,198.87641449645872,0.0,40794600
2021-07-21,0.0,208.11729431152344,0.0,208.26725166360958,205.58682477313096,205.6711704209093,0.0,28278700
2021-07-22,0.0,204.80899047851562,0.0,207.99550638691204,203.9186417071158,207.5643967632011,0.0,32879000
2021-07-23,0.0,205.7649383544922,0.0,206.13981750870872,203.2906987547831,206.0648388177208,0.0,23660300
2021-07-26,0.0,206.36473083496094,0.0,208.10794588129443,205.39002226027907,206.55217039140854,0.0,22194200
2021-07-27,0.0,203.95608520507812,0.0,205.32442111361047,201.85673932992216,205.25880940465123,0.0,35063600
2021-07-28,0.0,206.95518493652344,0.0,208.61404007423857,203.74990693658683,205.24945203245514,0.0,33043700
2021-07-29,0.0,208.54844665527344,0.0,210.34789222432994,208.19230147052443,208.80148363322675,0.0,22634800
2021-07-30,0.0,207.1707305908203,0.0,209.98236679616764,206.44907329391253,207.73304925145703,0.0,28473000
2021-08-02,0.0,206.13980102539062,0.0,210.45098245776606,205.84926755899596,208.5015795501272,0.0,24192600
2021-08-03,0.0,206.99264526367188,0.0,207.23631523820447,203.4687332515555,206.76770923283536,0.0,27798600
2021-08-04,0.0,204.41537475585938,0.0,207.31135732262192,204.2091869063755,205.34322007853683,0.0,25588500
2021-08-05,0.0,208.08920288085938,0.0,208.4734632767322,204.94953660351317,205.33379699938598,0.0,23915200
2021-08-06,0.0,209.36378479003906,0.0,211.06951746735285,208.19226980860486,209.70118167672092,0.0,24429200
2021-08-09,0.0,208.21107482910156,0.0,209.17640229297862,207.32072606056843,208.92335098378328,0.0,17225600
2021-08-10,0.0,208.6234130859375,0.0,209.2044799947323,207.30194063136742,208.660895276525,0.0,22681600
2021-08-11,0.0,209.64501953125,0.0,209.68250173054778,206.6271948120528,209.01708901275828,0.0,25691300
2021-08-12,0.0,209.14825439453125,0.0,209.7855517543039,207.78929971795117,209.71057307067386,0.0,23269500
2021-08-13,0.0,207.2457275390625,0.0,209.2794761907655,206.84271887773306,208.97956143808105,0.0,20813700
2021-08-16,0.0,205.3150634765625,0.0,206.4303338730881,203.98420969783703,205.9711090923781,0.0,24074400
2021-08-17,0.0,202.8126678466797,0.0,203.78737631954522,200.32906180655888,203.05635211525606,0.0,35161500
2021-08-18,0.0,201.04136657714844,0.0,204.34972421445607,200.91015745246597,202.53154471549067,0.0,29102300
2021-08-19,0.0,198.63272094726562,0.0,200.6289871576568,197.4518246309347,199.09194569186474,0.0,38119900
2021-08-20,0.0,201.98797607421875,0.0,202.45658217126314,198.14540035816543,198.78271208652185,0.0,31759500
2021-08-23,0.0,205.83050537109375,0.0,206.13042009074965,203.78738997114164,203.82487216073815,0.0,25778800
2021-08-24,0.0,207.8549041748047,0.0,207.986113300425,205.89613426350058,206.48658247915307,0.0,18677900
2021-08-25,0.0,208.58590698242188,0.0,209.90737937609492,206.98328242049558,207.84551577148716,0.0,21548000
2021-08-26,0.0,206.3740692138672,0.0,209.14822288737847,205.9429597238412,208.19226269100855,0.0,22380300
2021-08-27,0.0,212.19418334960938,0.0,212.775250243494,206.7208684181155,206.7958327973669,0.0,33998500
2021-08-30,0.0,211.32257080078125,0.0,213.07516707345908,210.8539647718541,212.98144014738523,0.0,20733300
2021-08-31,0.0,211.7349395751953,0.0,212.38161816240316,210.24477588337245,211.0976422607254,0.0,20839800
2021-09-01,0.0,213.1595458984375,0.0,213.90931852154495,210.75090367057234,212.58784588214945,0.0,20451500
2021-09-02,0.0,214.6403350830078,0.0,215.40884162569324,213.30949551828107,213.99365639787715,0.0,22810100
2021-09-03,0.0,213.64691162109375,0.0,214.59349084896076,212.92525418162535,213.91869688231677,0.0,18213100
2021-09-07,0.0,212.17547607421875,0.0,214.62160056535504,212.04426693411168,213.42197005559785,0.0,19153400
2021-09-08,0.0,209.8605499267578,0.0,211.78183775862368,208.6515525051635,211.4444408013169,0.0,25241500
2021-09-09,0.0,209.75743103027344,0.0,212.08171295891452,208.96080935146563,209.50437976725388,0.0,27180500
2021-09-10,0.0,207.70497131347656,0.0,211.14453850595044,207.61125867024435,211.02271063967618,0.0,24366100
2021-09-13,0.0,208.88584899902344,0.0,209.35445507498986,206.42097646320886,209.195130725248,0.0,34693100
2021-09-14,0.0,206.2241668701172,0.0,209.71997868407064,205.31508418980954,209.70123043580682,0.0,30312600
2021-09-15,0.0,208.08920288085938,0.0,208.75462976885186,205.68057520331303,206.20541169488476,0.0,27572000
2021-09-16,0.0,208.2391357421875,0.0,209.31692381762466,206.43030915298726,208.30473314555283,0.0,22369000
2021-09-17,0.0,208.51095581054688,0.0,209.02642535487925,206.7864888810737,207.7049527868788,0.0,39957600
2021-09-20,0.0,203.55313110351562,0.0,205.24011601563205,200.76960957370449,203.79680114053974,0.0,44958500
2021-09-21,0.0,203.8623809814453,0.0,205.52123610994272,202.26912326388964,205.03389611210713,0.0,26711200
2021-09-22,0.0,207.03016662597656,0.0,208.5765753167379,205.12762702823755,205.1370083025811,0.0,32100300
2021-09-23,0.0,210.6946563720703,0.0,211.48191112803167,207.64871695369212,208.2297838972747,0.0,31057800
2021-09-24,0.0,209.67848205566406,0.679,210.90994717928848,208.54101347207492,209.65028165924878,0.0,28866000
2021-09-27,0.0,212.86524963378906,0.0,214.03090423517511,210.12969651026162,210.21429769699836,0.0,29743200
2021-09-28,0.0,208.02398681640625,0.0,212.0756207659924,207.61037621198187,211.8970086887844,0.0,39938200
2021-09-29,0.0,207.58213806152344,0.0,209.31182903687022,206.97109610094097,208.94520959813863,0.0,23628900
2021-09-30,0.0,205.63624572753906,0.0,209.264844740196,205.4952437538015,208.8042143859097,0.0,33153600
2021-10-01,0.0,208.95460510253906,0.0,210.10146885409844,204.68677844480192,206.7642838178083,0.0,32647000
2021-10-04,0.0,207.05572509765625,0.0,208.99224311387016,205.80545496064462,208.8230263956947,0.0,32580200
2021-10-05,0.0,207.7701873779297,0.0,209.68788613422433,206.6985292374023,207.71378658275157,0.0,20407600
2021-10-06,0.0,206.68910217285156,0.0,206.9993208643094,203.76554166807247,205.64564451760126,0.0,32893300
2021-10-07,0.0,209.87588500976562,0.0,211.46457428140286,208.09918831385022,208.24959999089154,0.0,24289300
2021-10-08,0.0,208.29656982421875,0.0,210.6748984776719,208.2213639985547,209.99806039073994,0.0,17989600
2021-10-11,0.0,207.10272216796875,0.0,210.14849387560534,207.04632137887205,208.53160431595154,0.0,15929800
2021-10-12,0.0,208.2401885986328,0.0,209.1332345531948,207.1497255401559,207.61035588659337,0.0,18800600
2021-10-13,0.0,209.22727966308594,0.0,209.34947661022102,206.6515332609145,208.58803715233648,0.0,19676200
2021-10-14,0.0,212.32937622070312,0.0,212.45158747615963,210.87230822430985,211.27652338613663,0.0,18160000
2021-10-15,0.0,211.6619873046875,0.0,214.71715450824,211.56797642234412,214.3129249270195,0.0,27555300
2021-10-18,0.0,211.53977966308594,0.0,212.15080737668208,210.31770989184668,210.458726217786,0.0,19082600
2021-10-19,0.0,212.32937622070312,0.0,213.27883718562992,211.1449167818158,212.43278243438692,0.0,15498400
2021-10-20,0.0,213.739501953125,0.0,214.31293393380673,211.62438610792887,212.42343560928856,0.0,18130500
2021-10-21,0.0,214.2847442626953,0.0,215.28119659348397,213.03447400144506,213.57031026085863,0.0,17851600
2021-10-22,0.0,213.777099609375,0.0,214.69834599646956,212.16020999869266,214.14371909412003,0.0,16887000
2021-10-25,0.0,215.80763244628906,0.0,216.19304266464582,213.65490645162805,214.1343275587827,0.0,16387100
2021-10-26,0.0,214.18130493164062,0.0,216.88865752084752,214.14370918747755,216.24001976767954,0.0,25290200
2021-10-27,0.0,210.2425079345703,0.0,213.82411612526926,210.10150595007505,213.56088851413273,0.0,27088500
2021-10-28,0.0,214.43515014648438,0.0,214.5761521351198,211.29538155112283,211.32358194884992,0.0,22890600
2021-10-29,0.0,214.37876892089844,0.0,215.11200801683268,213.35411612581717,214.14375602235418,0.0,20777700
2021-11-01,0.0,219.93441772460938,0.0,220.1412158228003,215.16835054768677,215.5067696037052,0.0,35500800
2021-11-02,0.0,220.3950653076172,0.0,220.7710945038112,218.70296978486206,220.32926916331272,0.0,24949700
2021-11-03,0.0,224.33387756347656,0.0,225.43373603922652,219.89683356979222,220.11304138706438,0.0,47648500
2021-11-04,0.0,224.24925231933594,0.0,226.49597447115266,223.31859631936135,225.12349318933568,0.0,26514000
2021-11-05,0.0,227.31381225585938,0.0,228.80849044405628,225.80032902452774,226.71217997195367,0.0,42041700
2021-11-08,0.0,228.0188446044922,0.0,229.8049507088953,227.4266076861215,229.12811261477017,0.0,31324500
2021-11-09,0.0,226.69338989257812,0.0,227.99066541764972,225.17990656134327,227.49243932203012,0.0,29895900
2021-11-10,0.0,223.12124633789062,0.0,227.07885542309631,222.1435846704044,225.6875831129568,0.0,32471600
2021-11-11,0.0,224.9167022705078,0.0,225.96956963679122,223.41262857360474,224.02365627171432,0.0,17987500
2021-11-12,0.0,225.142333984375,0.0,225.80977685996845,224.42790000907502,225.53715389262348,0.0,20526700
2021-11-15,0.0,224.24925231933594,0.0,226.32675776931853,223.3092009697215,226.1481600618898,0.0,27390000
2021-11-16,0.0,224.66285705566406,0.0,225.02006678252462,222.74514444180656,223.50658367164493,0.0,21925200
2021-11-17,0.0,221.72052001953125,0.0,223.85444067769353,221.034286525496,223.78863019566694,0.0,26527800
2021-11-18,0.0,220.78045654296875,0.0,222.85797629934532,219.07896592605024,222.71695999303168,0.0,30637300
2021-11-19,0.0,218.76876831054688,0.0,220.36685286085557,218.45854961966782,219.28579946201197,0.0,33994000
2021-11-22,0.0,217.83811950683594,0.0,221.60773501908437,217.7347132730924,220.17885279209568,0.0,31042100
2021-11-23,0.0,217.4621124267578,0.0,219.03199669033418,214.91456658305592,217.5185132209867,0.0,33843800
2021-11-24,0.0,217.69711303710938,0.0,218.08253756802796,214.8393486420627,215.6383980994259,0.0,24099300
2021-11-26,0.0,209.49046325683594,0.0,212.6114264910609,206.47289190782183,211.47397231327918,0.0,62595400
2021-11-29,0.0,209.3588409423828,0.0,213.15664205729388,207.97696432044148,212.6584159929526,0.0,45982400
2021-11-30,0.0,205.09100341796875,0.0,208.55979523019917,202.93829211570392,207.43173646740397,0.0,64908400
2021-12-01,0.0,200.475341796875,0.0,210.76891535229484,200.3719355766456,209.79125393484506,0.0,69120100
2021-12-02,0.0,206.06869506835938,0.0,206.7549286451678,201.0018180708421,201.518834919204,0.0,64315700
2021-12-03,0.0,201.83843994140625,0.0,207.16852959305282,199.95833716435789,207.08391406661082,0.0,64425200
2021-12-06,0.0,205.8900909423828,0.0,207.459975282491,200.898419593118,203.5587528109215,0.0,43878300
2021-12-07,0.0,210.66554260253906,0.0,212.4892304264441,208.67262370912405,208.823035388636,0.0,44679200
2021-12-08,0.0,212.10377502441406,0.0,212.9592107882564,209.6878363482158,211.13552335295364,0.0,36546400
2021-12-09,0.0,207.3001251220703,0.0,212.27299038990938,207.26251503587602,210.52449432704603,0.0,34830300
2021-12-10,0.0,206.72669982910156,0.0,209.49045314673262,205.2320215961935,208.87941115095856,0.0,32924600
2021-12-13,0.0,203.70562744140625,0.666,206.54378679599998,202.48928370916568,205.92146470619343,0.0,33478400
2021-12-14,0.0,201.95187377929688,0.0,205.10119502059095,201.1315490519503,202.32904532285292,0.0,36543500
2021-12-15,0.0,205.15769958496094,0.0,205.70458735227805,199.02880430010063,201.98010771054052,0.0,51261000
2021-12-16,0.0,201.00894165039062,0.0,207.34527892251555,200.1320448968303,206.92097357764374,0.0,52743800
2021-12-17,0.0,202.85702514648438,0.0,204.94085608820012,198.29335841035993,200.08487607667377,0.0,62620900
2021-12-20,0.0,200.00942993164062,0.0,200.78262058425287,196.84126180927615,199.98114387241034,0.0,49993000
2021-12-21,0.0,205.7234344482422,0.0,205.921451241185,199.95284843403684,201.9706687609897,0.0,38545300
2021-12-22,0.0,207.70358276367188,0.0,207.76959316924894,204.7334310403689,205.43117311292,0.0,32442000
2021-12-23,0.0,209.36309814453125,0.0,210.07971678965208,207.76015886024845,208.4296292701448,0.0,22125400
2021-12-27,0.0,211.3242950439453,0.0,211.43745365832038,208.0052730330458,209.64592187149674,0.0,24196700
2021-12-28,0.0,210.0325469970703,0.0,212.84240599906994,209.6553899292279,211.0131640060325,0.0,23120300
2021-12-29,0.0,210.25881958007812,0.0,210.73027304077263,208.6275802469903,210.0042306827701,0.0,19444400
2021-12-30,0.0,210.20225524902344,0.0,212.5595228011147,209.98539066276447,210.2116935273082,0.0,23607700
2021-12-31,0.0,209.74964904785156,0.0,211.324301934578,209.69307693262832,209.78737338307928,0.0,23997400
2022-01-03,0.0,212.45584106445312,0.0,213.74761922624523,210.0137006674511,210.93776001231498,0.0,30618800
2022-01-04,0.0,212.13523864746094,0.0,214.16249757674152,210.62659589643667,213.09700793303767,0.0,22013100
2022-01-05,0.0,204.95030212402344,0.0,213.01216126875346,204.9125921679467,212.03152975930013,0.0,40582100
2022-01-06,0.0,206.11947631835938,0.0,207.8355595798223,203.49819600474856,205.38401000807255,0.0,39105900
2022-01-07,0.0,203.73394775390625,0.0,207.79787512770596,203.60192694535993,206.1195016098159,0.0,31583900
2022-01-10,0.0,203.0267791748047,0.0,203.0927751952794,199.05713365025423,202.50817735269644,0.0,45778100
2022-01-11,0.0,205.1859893798828,0.0,205.39343006738864,200.80147765898548,203.17759289976686,0.0,35209900
2022-01-12,0.0,203.65846252441406,0.0,206.8549162773464,202.38553247928164,206.04401578371315,0.0,35284500
2022-01-13,0.0,201.79153442382812,0.0,205.73289341018975,201.1975127605141,204.43167706533248,0.0,34489600
2022-01-14,0.0,202.0744171142578,0.0,202.15927529973138,198.55737768041126,199.8868801366456,0.0,42020900
2022-01-18,0.0,195.96438598632812,0.0,200.31118832980553,195.68151097639796,200.0848854443373,0.0,49434400
2022-01-19,0.0,192.77731323242188,0.0,197.50128601942018,192.71131723084434,196.88838790056224,0.0,46209100
2022-01-20,0.0,189.28860473632812,0.0,197.05816460093936,188.89258547161344,193.6542693151075,0.0,50466000
2022-01-21,0.0,185.74330139160156,0.0,191.42903086731752,185.74330139160156,188.35514407331434,0.0,85821000
2022-01-24,0.0,190.02401733398438,0.0,190.83491780477559,180.31207385012235,182.98994025286663,0.0,85782000
2022-01-25,0.0,187.4875946044922,0.0,190.18430877104748,183.45195443742574,187.14814756298114,0.0,61088500
2022-01-26,0.0,184.78150939941406,0.0,191.92874709328532,182.65996838007993,190.2597974628753,0.0,71471700
2022-01-27,0.0,180.5855712890625,0.0,188.2136862525837,179.71809848612997,186.34673422861198,0.0,59829000
2022-01-28,0.0,184.1026153564453,0.0,184.1591874816802,177.3513969177459,180.75529219971304,0.0,65870000
2022-01-31,0.0,189.75064086914062,0.0,189.75064086914062,182.78255757590108,183.2917211085577,0.0,53393800
2022-02-01,0.0,191.74957275390625,0.0,191.9475895592693,186.6673044759414,190.14663369248794,0.0,43429400
2022-02-02,0.0,189.84487915039062,0.0,192.25871860591994,187.91191705295537,191.99470581469754,0.0,42777800
2022-02-03,0.0,186.25242614746094,0.0,189.7506175905399,185.79983479755435,187.4876320657678,0.0,39629400
2022-02-04,0.0,187.05392456054688,0.0,188.675726005564,183.79145949902508,185.7904180480652,0.0,34291100
2022-02-07,0.0,187.97793579101562,0.0,189.6751712296746,186.68615783463403,187.10102481953405,0.0,33242600
2022-02-08,0.0,191.1837921142578,0.0,191.52323916355303,187.9779145057274,188.08163483711255,0.0,28341900
2022-02-09,0.0,194.81398010253906,0.0,194.85169004506795,192.63586763418138,192.8904565060047,0.0,27329300
2022-02-10,0.0,191.8249969482422,0.0,197.11470564390675,190.58035283744175,191.3158191255989,0.0,44788100
2022-02-11,0.0,189.8826141357422,0.0,194.29541194022428,188.28909902158404,192.023002642666,0.0,41516600
2022-02-14,0.0,189.22259521484375,0.0,191.9098862800604,187.86482103846558,190.1183684949966,0.0,32262700
2022-02-15,0.0,194.29541015625,0.0,194.53113690144346,191.0612461182525,191.20267641032112,0.0,25847500
2022-02-16,0.0,194.7008514404297,0.0,195.43631767323302,192.4284423528006,193.57878992464532,0.0,30104800
2022-02-17,0.0,189.71287536621094,0.0,193.32421070939264,189.31685617392608,192.8716194021554,0.0,27140200
2022-02-18,0.0,188.0816650390625,0.0,191.1461128639794,187.41219472214354,189.55259769300352,0.0,36255400
2022-02-22,0.0,185.43211364746094,0.0,189.00572522414322,184.19690764909018,187.14819708705082,0.0,31847100
2022-02-23,0.0,181.96218872070312,0.0,187.54419643079098,181.55674561700704,186.92188874576024,0.0,31491500
2022-02-24,0.0,186.7332763671875,0.0,187.14815770569896,177.19106313189405,177.56823452491244,0.0,52221100
2022-02-25,0.0,190.93870544433594,0.0,191.05184970278245,185.75271591374903,187.34623136243977,0.0,33656200
2022-02-28,0.0,191.71188354492188,0.0,192.91880351381062,189.01516859214402,189.0245924838497,0.0,34975900
2022-03-01,0.0,188.1005401611328,0.0,192.15502912936043,186.50702488042347,191.08955390352227,0.0,40638900
2022-03-02,0.0,192.57933044433594,0.0,193.578809560162,189.23200772402907,189.37343801867652,0.0,29978600
2022-03-03,0.0,190.29750061035156,0.0,193.399658358122,188.8548396412695,193.38079618929487,0.0,30142700
2022-03-04,0.0,187.3179473876953,0.0,189.39234034554926,185.7338558136611,188.29856454295685,0.0,31610400
2022-03-07,0.0,182.6599578857422,0.0,188.1948177563728,182.62223354605374,187.8459467461646,0.0,39279800
2022-03-08,0.0,183.66885375976562,0.0,188.17596259282155,182.41480007290565,183.2445484744442,0.0,45715800
2022-03-09,0.0,188.8454132080078,0.0,189.5243074004518,186.33727712967973,186.90302708592273,0.0,29048000
2022-03-10,0.0,188.50595092773438,0.0,188.61909515482165,185.33778308072968,186.13925972291224,0.0,25661000
2022-03-11,0.0,185.4981231689453,0.0,190.24094507391752,185.2246864207245,189.31690007762805,0.0,24990000
2022-03-14,0.0,181.70762634277344,0.0,186.16757271981197,180.92501175439332,185.9789941848382,0.0,34969500
2022-03-15,0.0,184.6023406982422,0.0,184.61176458917865,181.86791601421137,182.4148038285415,0.0,25464300
2022-03-16,0.0,190.41065979003906,0.0,190.41065979003906,184.951219689515,186.26185996727526,0.0,31869700
2022-03-17,0.0,193.39967346191406,0.0,193.49396992579474,188.86429266908848,189.307460151611,0.0,25783100
2022-03-18,0.0,195.43634033203125,0.0,195.60605668807,192.35303037542127,192.551047178419,0.0,37092200
2022-03-21,0.0,193.71084594726562,0.0,196.29440231350645,192.29648523139787,195.3703573410068,0.0,26747500
2022-03-22,0.0,195.65321350097656,0.0,196.86955726881544,194.05027438837203,194.53115180586744,0.0,24699900
2022-03-23,0.0,192.2587432861328,0.0,195.37033945368083,192.11731298254333,194.38028416569466,0.0,19775000
2022-03-24,0.0,194.469482421875,0.4,194.5261657408309,191.53127692349366,193.09014027428123,0.0,19781200
2022-03-25,0.0,194.7340087890625,0.0,195.20638898846613,193.14681823869813,194.70566713037024,0.0,19430400
2022-03-28,0.0,194.80015563964844,0.0,194.8190548847268,191.81470921687293,194.24275044498785,0.0,18999100
2022-03-29,0.0,200.01524353027344,0.0,200.52540783618903,196.39680923493498,196.51017587716052,0.0,29550600
2022-03-30,0.0,196.00003051757812,0.0,200.04360452803493,195.1969782817852,199.69403332088052,0.0,26251500
2022-03-31,0.0,193.93099975585938,0.0,197.36992753903547,193.817618688437,195.6882549339379,0.0,26771600
2022-04-01,0.0,196.10391235351562,0.0,196.24562063935574,193.68531375328644,194.7906816305359,0.0,25948500
2022-04-04,0.0,196.4251251220703,0.0,196.91639011785472,194.50726279126556,196.3873266356877,0.0,20333900
2022-04-05,0.0,191.7769317626953,0.0,197.870633871858,191.3234363605609,196.47239242169508,0.0,26509800
2022-04-06,0.0,189.05599975585938,0.0,190.65264710069664,187.70498491949732,190.15192525379373,0.0,34903900
2022-04-07,0.0,188.44192504882812,0.0,190.1141406601014,185.8154777442755,189.05601357284596,0.0,29291200
2022-04-08,0.0,186.9397430419922,0.0,189.2449608146422,186.59018629341662,188.21517539820601,0.0,25249600
2022-04-11,0.0,185.68319702148438,0.0,188.24350397055383,185.05966613254614,186.23115976671434,0.0,33702300
2022-04-12,0.0,186.2689666748047,0.0,190.53927336642468,185.56983877875547,187.7238913692965,0.0,33699800
2022-04-13,0.0,189.81182861328125,0.0,190.32199292173522,186.69411619346067,186.76024192978772,0.0,22303600
2022-04-14,0.0,187.96957397460938,0.0,191.19119664148178,187.88453456513153,190.00080348372063,0.0,27107000
2022-04-18,0.0,186.7035369873047,0.0,188.17736083649717,185.67375165881748,187.49714664263055,0.0,22246400
2022-04-19,0.0,190.42591857910156,0.0,191.06836319683376,186.76970016268274,186.9303077131406,0.0,22786700
2022-04-20,0.0,191.1533966064453,0.0,192.60832145560934,190.70935801140988,191.83362533007826,0.0,20516200
2022-04-21,0.0,186.87364196777344,0.0,193.48696589897742,186.13672988299714,192.9484454592321,0.0,31547700
2022-04-22,0.0,182.03639221191406,0.0,186.46731994884445,181.66793630286745,185.9949398389951,0.0,35686900
2022-04-25,0.0,183.14181518554688,0.0,183.38744770770825,178.75812736545848,180.43979977817125,0.0,35556500
2022-04-26,0.0,177.36935424804688,0.0,182.0648154248615,177.123707274159,181.6963593799319,0.0,40513600
2022-04-27,0.0,176.63243103027344,0.0,179.29664816824803,175.97108714153455,177.3032029184725,0.0,37808000
2022-04-28,0.0,179.92962646484375,0.0,180.82714601737183,174.50671065842542,178.72033423105637,0.0,37405200
2022-04-29,0.0,174.73342895507812,0.0,181.1389031619759,174.31773208238752,179.1171165305347,0.0,41193400
2022-05-02,0.0,176.56626892089844,0.0,177.44490358091335,172.3054047466441,174.68619055283392,0.0,38002100
2022-05-03,0.0,178.07789611816406,0.0,179.0415413636671,175.42310723810988,176.5946153444409,0.0,30246300
2022-05-04,0.0,182.8300323486328,0.0,183.21737314744803,175.43255686053774,178.60695230658737,0.0,38834700
2022-05-05,0.0,175.4136505126953,0.0,180.97828833595668,173.25015567814154,180.94994667904234,0.0,41468700
2022-05-06,0.0,172.49436950683594,0.0,175.17748579993065,170.57650689306251,174.74290405370166,0.0,45457900
2022-05-09,0.0,165.23861694335938,0.0,172.56051131728924,164.48282002457867,169.92463568567143,0.0,53682200
2022-05-10,0.0,165.2858123779297,0.0,169.02706952649214,161.742961236294,167.76109417836324,0.0,53650800
2022-05-11,0.0,161.17611694335938,0.0,168.3468443383704,160.89268596315097,165.4558800552212,0.0,64377800
2022-05-12,0.0,163.06568908691406,0.0,164.70956334264667,159.57006325357725,160.44869812810936,0.0,52967400
2022-05-13,0.0,168.23350524902344,0.0,169.49948082981703,165.3425260767817,165.37086773785165,0.0,36517000
2022-05-16,0.0,167.43043518066406,0.0,169.52780437106958,166.410092243502,167.69496693297654,0.0,28225500
2022-05-17,0.0,172.55105590820312,0.0,172.74000512367036,169.10268587424784,170.4442440447365,0.0,31833700
2022-05-18,0.0,166.5045928955078,0.0,171.38900286804466,165.42756652034748,170.50092570651051,0.0,36093800
2022-05-19,0.0,166.77853393554688,0.0,168.93258625761922,165.22912762640894,165.22912762640894,0.0,33627700
2022-05-20,0.0,166.35340881347656,0.0,169.08376572475242,162.30037872564503,168.63972719455364,0.0,42243700
2022-05-23,0.0,168.36573791503906,0.0,169.07430813376433,165.80543118171659,168.05396528889216,0.0,24644100
2022-05-24,0.0,165.8716278076172,0.0,167.15648840252285,162.81059823059894,166.81638842097928,0.0,26861800
2022-05-25,0.0,168.85704040527344,0.0,169.8490418150794,165.15358096911228,165.21972112385325,0.0,27950100
2022-05-26,0.0,172.6266326904297,0.0,173.64697571882797,169.7734520600512,169.91517477882633,0.0,25702700
2022-05-27,0.0,177.2748565673828,0.0,177.28429898249453,173.26906692716477,173.60918127789932,0.0,24952100
2022-05-31,0.0,175.07351684570312,0.0,177.31259398962226,173.9209082057024,176.58513898809994,0.0,29794500
2022-06-01,0.0,174.08152770996094,0.0,176.61349281054336,171.7290837888427,175.9805051393723,0.0,28352100
2022-06-02,0.0,178.33299255371094,0.0,178.33299255371094,173.99654517838022,174.39334287129594,0.0,24876000
2022-06-03,0.0,176.72686767578125,0.0,177.5771606350826,175.5270180022209,176.944158518491,0.0,18972100
2022-06-06,0.0,177.4921417236328,0.0,178.85259908273918,176.509597195334,178.8336998372237,0.0,24678700
2022-06-07,0.0,180.354736328125,0.0,180.39253481320077,175.63093480653035,176.11277178790783,0.0,21661600
2022-06-08,0.0,177.56771850585938,0.0,180.16580966744417,176.7268823065643,179.46669618104826,0.0,21521700
2022-06-09,0.0,173.88674926757812,0.494,177.2021254083091,173.84885116036116,176.70955119173902,0.0,21697200
2022-06-10,0.0,169.1693878173828,0.0,171.97325440559223,168.27897043219693,170.98810623113118,0.0,37153600
2022-06-13,0.0,161.22198486328125,0.0,165.73090516964317,160.35998369248955,164.4710606401533,0.0,39712700
2022-06-14,0.0,160.4452362060547,0.0,162.20712207610018,158.89174652684503,161.66718254878268,0.0,30282400
2022-06-15,0.0,162.79441833496094,0.0,164.87836586350647,159.7632206158137,162.17871149262618,0.0,32150500
2022-06-16,0.0,155.25428771972656,0.0,159.53586227704017,154.19337221854394,158.98645547710214,0.0,43810600
2022-06-17,0.0,156.4667510986328,0.0,158.683327126604,155.06482511851473,155.8036789765424,0.0,40327300
2022-06-21,0.0,159.2706298828125,0.0,161.10829737382352,158.01078552604835,159.1190663991666,0.0,34665400
2022-06-22,0.0,158.967529296875,0.0,160.33155739036434,156.64675483434917,157.20564341549118,0.0,29303500
2022-06-23,0.0,160.87147521972656,0.0,161.25036945226822,157.76449626044172,159.31798574008414,0.0,27089800
2022-06-24,0.0,165.85401916503906,0.0,165.8635009166784,161.88503887059966,162.1881658452642,0.0,37138500
2022-06-27,0.0,166.46975708007812,0.0,167.65381984237382,164.99203461146453,166.40344262752183,0.0,24745400
2022-06-28,0.0,163.34384155273438,0.0,168.75263258904087,163.25859249596908,167.5969860843594,0.0,25909200
2022-06-29,0.0,161.68609619140625,0.0,163.59006338648572,160.0568251219691,163.4479816756168,0.0,21292500
2022-06-30,0.0,160.42626953125,0.0,162.2734042435576,157.9634136122474,159.32745600099415,0.0,31466300
2022-07-01,0.0,162.36814880371094,0.0,162.7754594231272,158.81596080414604,160.1326379111625,0.0,24598600
2022-07-05,0.0,163.71327209472656,0.0,163.779572100112,157.93503944747732,159.7821746531086,0.0,25151100
2022-07-06,0.0,162.50076293945312,0.0,164.5468266922989,160.79570981208164,163.3532822761939,0.0,25697600
2022-07-07,0.0,166.34661865234375,0.0,166.6970966231205,163.7322131394715,163.7416804386656,0.0,24822500
2022-07-08,0.0,166.32765197753906,0.0,167.65381087269384,164.48998435615098,165.83509230157821,0.0,20547000
2022-07-11,0.0,162.98388671875,0.0,165.7403886015009,162.5481596684778,165.06783451882941,0.0,22031500
2022-07-12,0.0,162.4250030517578,0.0,164.2153054629437,161.56300184721488,162.4913030538578,0.0,23864200
2022-07-13,0.0,162.2828826904297,0.0,163.19223462848691,159.88632680790028,160.22733739814385,0.0,25535600
2022-07-14,0.0,160.61573791503906,0.0,161.0325303061009,158.20972882194215,159.78215313291543,0.0,25102200
2022-07-15,0.0,163.95953369140625,0.0,164.2058279939601,160.3789290907929,162.4912929902489,0.0,34935900
2022-07-18,0.0,163.4954071044922,0.0,166.99074856045098,162.9838838497424,165.89194920048106,0.0,23031500
2022-07-19,0.0,169.26412963867188,0.0,169.4535767756806,165.44671273508058,165.53196177865098,0.0,24234600
2022-07-20,0.0,171.9164276123047,0.0,172.21954013138512,168.98941378838492,169.22622631580919,0.0,26049300
2022-07-21,0.0,172.79739379882812,0.0,172.87317555545647,169.4157178259042,170.93130959679485,0.0,21709900
2022-07-22,0.0,170.04087829589844,0.0,173.58359924932637,168.65790109728604,173.23312130037095,0.0,25116100
2022-07-25,0.0,170.92181396484375,0.0,171.37648997535308,169.01783197316075,170.5523869962006,0.0,19267200
2022-07-26,0.0,169.870361328125,0.0,170.70394603725083,169.12202565864447,170.29662098024093,0.0,19391200
2022-07-27,0.0,173.73512268066406,0.0,174.53080919667107,170.50499677286726,170.95967271717302,0.0,21670700
2022-07-28,0.0,176.12222290039062,0.0,176.32115180227464,172.17219129744274,174.59716395280756,0.0,22838500
2022-07-29,0.0,177.37257385253906,0.0,177.82724983455148,175.27914485884074,176.22639491946845,0.0,21760600
2022-08-01,0.0,177.30630493164062,0.0,178.38618415373523,174.50245212650566,175.98962758748294,0.0,23905600
2022-08-02,0.0,177.13575744628906,0.0,179.0492065738137,175.69593333867428,176.6337160814957,0.0,17492600
2022-08-03,0.0,179.74070739746094,0.0,180.1196016578497,177.7420090980477,178.36719763618973,0.0,19157700
2022-08-04,0.0,179.3618621826172,0.0,180.01545279242524,178.4998608825501,179.82600561042753,0.0,14838900
2022-08-05,0.0,180.73532104492188,0.0,180.94371722216547,177.29679857429184,177.58097649361395,0.0,18540300
2022-08-08,0.0,182.64877319335938,0.0,184.3632935802622,181.76782307481832,182.01410290007914,0.0,22188700
2022-08-09,0.0,180.15750122070312,0.0,182.03305239648589,179.1818347610759,181.9099052566082,0.0,18247300
2022-08-10,0.0,185.30105590820312,0.0,185.61365016887387,182.9234634122936,183.41603750067378,0.0,20796400
2022-08-11,0.0,185.9925537109375,0.0,189.00480194198067,185.6988940532049,187.00610375174978,0.0,23727600
2022-08-12,0.0,189.79104614257812,0.0,189.85734613898018,186.2104416279295,186.9398283116959,0.0,21726600
2022-08-15,0.0,190.46359252929688,0.0,190.54884157293714,187.7639238495682,188.31333066506664,0.0,17414800
2022-08-16,0.0,190.38780212402344,0.0,191.33505222064827,188.53118557492743,189.92364437327709,0.0,18833100
2022-08-17,0.0,187.18609619140625,0.0,188.81536754889547,186.0209825946297,188.23754439939185,0.0,22428000
2022-08-18,0.0,188.42701721191406,0.0,188.73961152758108,186.51356766778193,187.44188331572337,0.0,18368100
2022-08-19,0.0,184.3822479248047,0.0,186.7124898052856,183.83285552144602,186.4472609023224,0.0,27416400
2022-08-22,0.0,180.5837860107422,0.0,182.20359028834696,179.98701373153648,181.86257962221393,0.0,22937000
2022-08-23,0.0,180.8773956298828,0.0,182.75294669706946,180.3469379101847,180.86792833270565,0.0,20069800
2022-08-24,0.0,182.2604217529297,0.0,183.1034738865497,180.12910871754175,180.7258665388041,0.0,16038300
2022-08-25,0.0,185.09268188476562,0.0,185.14004728518205,182.80033815274072,183.17924690218135,0.0,14795000
2022-08-26,0.0,179.01132202148438,0.0,185.13056410139365,178.70820950183156,185.0358333086892,0.0,24177200
2022-08-29,0.0,177.36312866210938,0.0,179.02081647482427,176.68110737713826,177.08841801610927,0.0,19753300
2022-08-30,0.0,174.88131713867188,0.0,178.0924945519564,173.85828524764005,177.9125291656803,0.0,22548900
2022-08-31,0.0,173.8203887939453,0.0,175.94223416572922,173.52674358326445,175.1844312148143,0.0,22412500
2022-09-01,0.0,171.9259033203125,0.0,172.29533030301045,169.46304713306594,172.191132207691,0.0,30706600
2022-09-02,0.0,170.5902557373047,0.0,174.2466414591999,169.69037109270604,173.91511261849962,0.0,27468200
2022-09-06,0.0,168.90415954589844,0.0,171.52804631604334,168.13688929329496,171.17756841149338,0.0,23837100
2022-09-07,0.0,172.5795135498047,0.0,172.84474244534266,168.5442185104656,168.5821166120515,0.0,24781200
2022-09-08,0.0,174.0193328857422,0.0,174.09510017895863,170.14506875456885,171.15863336149536,0.0,25273200
2022-09-09,0.0,177.5146942138672,0.0,177.73257218202988,175.33603016337634,175.56336097691374,0.0,23208800
2022-09-12,0.0,179.6649169921875,0.0,179.8448968160559,178.05459478234147,178.6513669448759,0.0,23134600
2022-09-13,0.0,172.6363525390625,0.0,176.10329181207305,171.96379852336824,175.10867619061708,0.0,34144700
2022-09-14,0.0,173.3088836669922,0.0,173.64989427920233,171.04495651906336,172.93945670825534,0.0,25278300
2022-09-15,0.0,172.04904174804688,0.0,174.94762476601846,171.31965511776912,172.32373791966626,0.0,25378700
2022-09-16,0.0,169.54827880859375,0.0,170.20186915231383,167.57799711938785,169.6429951340852,0.0,41155900
2022-09-19,0.0,170.9976043701172,0.0,171.21546786166232,167.6253960847451,167.6727470300315,0.0,25412200
2022-09-20,0.0,168.66732788085938,0.0,169.5009124823488,167.38854908963353,169.33988172140428,0.0,22247500
2022-09-21,0.0,166.0908660888672,0.0,171.54703713160748,166.08139878915702,169.90828368650776,0.0,29357100
2022-09-22,0.0,162.34918212890625,0.0,166.3181620688263,161.73347539071372,165.76875531673852,0.0,33468600
2022-09-23,0.0,158.48440551757812,0.0,160.26524025889918,156.29626018757432,160.0852604345458,0.0,40336900
2022-09-26,0.0,156.31446838378906,0.861,160.88479142481117,155.75270335403712,157.55226632616163,0.0,30597800
2022-09-27,0.0,156.8477020263672,0.0,159.60894638779118,155.4670871099849,158.3521011207997,0.0,42406600
2022-09-28,0.0,161.80836486816406,0.0,162.80812522164584,157.17139925967086,157.8283705212652,0.0,35186500
2022-09-29,0.0,158.1807098388672,0.0,159.8945684942855,155.96219823512604,159.7517517825534,0.0,31464000
2022-09-30,0.0,157.02859497070312,0.0,161.40849130414688,156.98098455929787,157.8474446494371,0.0,40643800
2022-10-03,0.0,161.18946838378906,0.0,162.15114918974407,157.34278874593733,159.33277877481785,0.0,33611600
2022-10-04,0.0,167.57843017578125,0.0,167.65460393293657,164.2744679185456,164.3506416757009,0.0,37537300
2022-10-05,0.0,166.34059143066406,0.0,166.94045054137877,163.2175407931661,165.1123244020133,0.0,25281400
2022-10-06,0.0,165.40748596191406,0.0,167.74025037001613,164.63624684804793,165.53127010120537,0.0,22635900
2022-10-07,0.0,160.5420379638672,0.0,164.21733813754838,159.8850520333624,163.70316891860622,0.0,26536100
2022-10-10,0.0,159.64703369140625,0.0,161.45612791779422,158.61870965853163,161.1895124763881,0.0,23386400
2022-10-11,0.0,159.69461059570312,0.0,161.97024867748226,156.91433414008665,158.97098177421074,0.0,28009100
2022-10-12,0.0,159.25662231445312,0.0,160.39921407042797,157.56179627939017,159.8659978042661,0.0,26796700
2022-10-13,0.0,163.1985321044922,0.0,163.96025514052005,154.72440146641063,156.15262671071596,0.0,45376500
2022-10-14,0.0,158.82814025878906,0.0,165.59792738611233,158.73293397533325,164.47439735220357,0.0,29608600
2022-10-17,0.0,163.89361572265625,0.0,164.3601600141944,161.97026828410694,162.0750053854304,0.0,28199200
2022-10-18,0.0,165.8359375,0.0,168.80664038048303,164.42675979113673,167.44507306981288,0.0,34523100
2022-10-19,0.0,163.01760864257812,0.0,165.10280494810013,161.22756198517303,164.23635948589256,0.0,27146900
2022-10-20,0.0,160.94195556640625,0.0,165.24567876366083,160.40875375108726,163.21759408235263,0.0,26710700
2022-10-21,0.0,164.43629455566406,0.0,164.91236953383833,160.142103482848,161.29419679398276,0.0,45402700
2022-10-24,0.0,165.1409149169922,0.0,165.67411664598026,162.86527676949544,165.0266615546826,0.0,27284500
2022-10-25,0.0,169.64456176757812,0.0,170.3396271914052,165.25514973789515,165.26468053612325,0.0,33105700
2022-10-26,0.0,170.48245239257812,0.0,173.643582689095,169.79690326250838,170.57765867090956,0.0,37084700
2022-10-27,0.0,170.5205535888672,0.0,173.29131379633466,170.31107940989773,171.94877870257324,0.0,28651800
2022-10-28,0.0,174.3957977294922,0.0,174.63383522982335,170.18729646707615,171.22513648164252,0.0,33221600
2022-10-31,0.0,174.55764770507812,0.0,175.42410762475458,172.86282199881808,173.54837110794068,0.0,25699400
2022-11-01,0.0,174.7957305908203,0.0,176.7190780092735,174.12922837511633,176.3763033656745,0.0,27446700
2022-11-02,0.0,168.99713134765625,0.0,176.14777357432976,168.93999013593785,174.0911258122056,0.0,38139600
2022-11-03,0.0,167.86407470703125,0.0,169.42560037519934,165.77886354951997,166.90239375514872,0.0,29093200
2022-11-04,0.0,170.130126953125,0.0,171.32984505349972,167.07373409350683,170.35864814573296,0.0,25842400
2022-11-07,0.0,170.9014129638672,0.0,171.94876927261856,169.17800921710418,171.13945046976383,0.0,20689900
2022-11-08,0.0,170.9680633544922,0.0,173.2437014287981,168.87333611712953,171.606002154632,0.0,20265200
2022-11-09,0.0,166.27398681640625,0.0,170.12066706386773,165.94072844949116,169.48272820115633,0.0,27277000
2022-11-10,0.0,176.50958251953125,0.0,176.57622546873435,172.48197731085844,173.14849397483073,0.0,38572800
2022-11-11,0.0,177.95681762695312,0.0,179.80399083153003,176.80472433785025,176.87136727861943,0.0,28765400
2022-11-14,0.0,175.96685791015625,0.0,178.80426114422363,175.79547786566474,176.89996094147764,0.0,26499600
2022-11-15,0.0,178.5757293701172,0.0,180.48954557511667,177.20463109187347,178.85184646817618,0.0,26128800
2022-11-16,0.0,175.43362426757812,0.0,177.7092620147875,174.91946969896787,177.67118241026836,0.0,24802000
2022-11-17,0.0,173.80543518066406,0.0,174.19582012390705,171.87257205899814,172.92945902201313,0.0,20835700
2022-11-18,0.0,174.9290008544922,0.0,176.44291588225983,173.83403415536227,175.75736671333559,0.0,27269100
2022-11-21,0.0,174.0149688720703,0.0,174.42440102132656,172.74860733679392,174.03401594448346,0.0,19038900
2022-11-22,0.0,175.87168884277344,0.0,176.09067934441734,173.60556647268066,174.94810188665969,0.0,16869700
2022-11-23,0.0,176.3286590576172,0.0,176.89042406511038,174.76713365441128,175.4717153490109,0.0,19758800
2022-11-25,0.0,176.70001220703125,0.0,177.4522043717356,175.8240358837253,176.2334534411658,0.0,13393400
2022-11-28,0.0,173.138916015625,0.0,176.0715391408699,172.6152307202861,175.3193471920398,0.0,17465600
2022-11-29,0.0,173.64358520507812,0.0,174.8242563970066,173.25321475954897,173.25321475954897,0.0,14020600
2022-11-30,0.0,178.40432739257812,0.0,178.46145406368373,172.14870991938304,173.9292256358967,0.0,28030100
2022-12-01,0.0,178.01397705078125,0.0,180.18487796968594,177.22369077778382,179.147023389089,0.0,21996400
2022-12-02,0.0,179.0518035888672,0.0,179.8230427349196,175.50980456142577,175.54788416736736,0.0,22574800
2022-12-05,0.0,174.1196746826172,0.0,178.10918570956017,173.46268882470824,177.91875860563243,0.0,25449300
2022-12-06,0.0,171.45364379882812,0.0,174.22438903605843,170.51101014369524,174.12918276084557,0.0,18502100
2022-12-07,0.0,170.94898986816406,0.0,172.81521009986716,170.53957237721895,171.14894774353235,0.0,17177800
2022-12-08,0.0,172.1868133544922,0.0,173.89117009785068,170.92045203131977,172.12017040519729,0.0,20971400
2022-12-09,0.0,170.07302856445312,0.0,172.15823939165725,170.01590188896634,171.16800978302211,0.0,22046500
2022-12-12,0.0,172.07257080078125,0.0,172.42486169591265,169.48272131280973,170.29205472604752,0.0,22765400
2022-12-13,0.0,173.497802734375,0.83,178.5292144929122,172.31168396355724,177.65875671583683,0.0,38445300
2022-12-14,0.0,172.35955810546875,0.0,174.96135732903653,171.05865849368485,173.43088204610464,0.0,32406900
2022-12-15,0.0,168.0455322265625,0.0,170.83865171102147,167.4333450536234,170.29341498421812,0.0,33546700
2022-12-16,0.0,166.79244995117188,0.0,167.5002972450782,165.16632926615225,166.24722786189068,0.0,38502400
2022-12-19,0.0,164.53501892089844,0.0,167.44291892340985,164.0184919260238,167.02203750759688,0.0,25614000
2022-12-20,0.0,165.4054718017578,0.0,166.45767530894875,163.74108114375386,164.20979263253764,0.0,18050800
2022-12-21,0.0,168.25592041015625,0.0,169.11681793177422,166.62980010801869,166.86893587585328,0.0,22997200
2022-12-22,0.0,166.05589294433594,0.0,166.90721574486545,163.25321398809822,166.75416534134132,0.0,21297600
2022-12-23,0.0,166.81155395507812,0.0,166.86894420691345,164.85063764179628,165.94109621373653,0.0,11647700
2022-12-27,0.0,165.6923828125,0.0,166.98372172559652,165.0801958645604,166.78284126963266,0.0,13553800
2022-12-28,0.0,163.11932373046875,0.0,166.53419023259693,162.93757817267138,165.65415757424216,0.0,19648000
2022-12-29,0.0,167.2515869140625,0.0,167.63419836163285,163.95150114708085,164.25760198169004,0.0,22311300
2022-12-30,0.0,166.78289794921875,0.0,167.12725413669145,165.1089470981667,165.8072196520972,0.0,21275600
2023-01-03,0.0,165.8645782470703,0.0,169.61424028167318,164.42976350584757,168.2846312762774,0.0,22503800
2023-01-04,0.0,167.9307403564453,0.0,168.99250400924004,166.70636609321983,167.03158731408135,0.0,22973500
2023-01-05,0.0,166.13241577148438,0.0,167.16548417773242,164.89848146706333,167.0028735854097,0.0,17032600
2023-01-06,0.0,169.86294555664062,0.0,170.3029472611388,166.31416381345795,167.68202819813442,0.0,21986900
2023-01-09,0.0,170.14990234375,0.0,172.29254968559684,169.92988690757153,171.23078619184582,0.0,18366500
2023-01-10,0.0,172.66561889648438,0.0,172.77083923908776,169.5951232003444,169.9394793583471,0.0,18751100
2023-01-11,0.0,174.81787109375,0.0,174.84656622884367,172.82825901832132,173.3830559562894,0.0,18222700
2023-01-12,0.0,177.7544403076172,0.0,177.86922083113407,174.0143525623087,175.5926577391268,0.0,29650800
2023-01-13,0.0,178.92140197753906,0.0,179.1987930733553,176.31960340042727,176.48221398703546,0.0,22120000
2023-01-17,0.0,178.70140075683594,0.0,179.67706427441314,178.14660397069125,178.87357152028238,0.0,22422600
2023-01-18,0.0,175.8126220703125,0.0,180.74838789547627,175.7169619234671,179.3039984948322,0.0,23507800
2023-01-19,0.0,174.12913513183594,0.0,175.14308328568697,172.92389583367057,174.78915234119756,0.0,24624500
2023-01-20,0.0,176.99876403808594,0.0,177.10398438386036,173.39260634208318,174.77003101560555,0.0,36070300
2023-01-23,0.0,179.18923950195312,0.0,179.94490220824753,176.5587457005663,177.37179866358042,0.0,20329900
2023-01-24,0.0,178.80661010742188,0.0,179.6675077291278,177.80225144230093,178.48138892832193,0.0,19263500
2023-01-25,0.0,179.30401611328125,0.0,179.361406368752,175.8795897785172,177.35267444882265,0.0,18174600
2023-01-26,0.0,180.36573791503906,0.0,181.5996865050587,178.19438131250473,180.76748420611676,0.0,18369100
2023-01-27,0.0,181.3414764404297,0.0,182.03018876841864,179.62925579879055,179.8110013569671,0.0,20019900
2023-01-30,0.0,178.81617736816406,0.0,181.37014580678354,178.71095703867684,179.67706035801243,0.0,18395100
2023-01-31,0.0,183.15890502929688,0.0,183.25456519654605,179.23708629884942,179.27534160833372,0.0,21567900
2023-02-01,0.0,186.03807067871094,0.0,187.6641910112634,181.86754222584236,182.88147556511547,0.0,27007300
2023-02-02,0.0,189.70162963867188,0.0,190.60076786878713,185.90415246329195,187.49200287505778,0.0,31020400
2023-02-03,0.0,188.42947387695312,0.0,190.47647599809602,187.19552482046234,187.5877110846613,0.0,24981500
2023-02-06,0.0,185.7032928466797,0.0,187.84595482969706,184.9667505094408,187.14766779765017,0.0,18160100
2023-02-07,0.0,187.08070373535156,0.0,187.57811024075397,183.32148171264174,185.00500693225308,0.0,27074100
2023-02-08,0.0,184.34503173828125,0.0,186.87986572468319,183.84762511985207,185.91376221576436,0.0,17933500
2023-02-09,0.0,181.6762237548828,0.0,186.64068477312168,181.19795220546774,185.78936199899042,0.0,20516600
2023-02-10,0.0,182.03973388671875,0.0,182.34583471636458,180.3370881599638,181.05449555929394,0.0,15248700
2023-02-13,0.0,184.230224609375,0.0,184.47892058483538,181.08318933424655,182.2310382454579,0.0,15754400
2023-02-14,0.0,184.14414978027344,0.0,185.52157450013576,181.8197565122754,182.96760558026307,0.0,21889600
2023-02-15,0.0,186.00936889648438,0.0,186.09545426846864,182.2501471005948,182.68058855620492,0.0,18721200
2023-02-16,0.0,184.230224609375,0.0,186.40156714622216,182.93888546195546,183.4649871366705,0.0,21366300
2023-02-17,0.0,184.7371826171875,0.0,184.96674363118416,182.67104591707704,183.5415036836546,0.0,23892200
2023-02-21,0.0,179.284912109375,0.0,183.02500009049774,179.1031811342458,182.46064302003384,0.0,26004000
2023-02-22,0.0,179.772705078125,0.0,180.9301140074381,178.6344165011209,179.66748475767028,0.0,24651700
2023-02-23,0.0,181.05450439453125,0.0,182.0301825920256,178.58662106892294,181.12146942766816,0.0,21311700
2023-02-24,0.0,179.36143493652344,0.0,179.61970572296846,177.70661905888684,178.5388070871406,0.0,24280700
2023-02-27,0.0,179.99270629882812,0.0,181.93448754782887,179.44748434302284,180.91099406082756,0.0,17562900
2023-02-28,0.0,180.0023193359375,0.0,181.7623701803331,179.89711358004007,179.94492907065052,0.0,19542600
2023-03-01,0.0,180.23187255859375,0.0,181.2553808144554,179.0553284795801,180.0118717038136,0.0,22532800
2023-03-02,0.0,180.66232299804688,0.0,181.07364419450724,178.03182900170634,178.73967627698892,0.0,18104400
2023-03-03,0.0,183.17800903320312,0.0,183.58931557235962,180.2318544471393,181.42753335727772,0.0,22774300
2023-03-06,0.0,180.4997100830078,0.0,183.40760976441996,179.73447255654716,183.2354243880127,0.0,23266700
2023-03-07,0.0,178.4048614501953,0.0,180.8536242267079,178.12747035289348,180.45186325094727,0.0,25865700
2023-03-08,0.0,178.490966796875,0.0,179.45707017355267,177.0752723532577,178.6726977443303,0.0,22505900
2023-03-09,0.0,173.52650451660156,0.0,179.13184822340978,173.40214923062427,178.61530672449706,0.0,33546900
2023-03-10,0.0,168.52378845214844,0.0,172.55084209231703,166.68722710180657,172.55084209231703,0.0,69274200
2023-03-13,0.0,165.7784881591797,0.0,168.7342029392213,163.63584088102442,165.0228255056924,0.0,74171500
2023-03-14,0.0,168.84901428222656,0.0,171.46993337932247,167.02201321822915,170.83862594310506,0.0,48946200
2023-03-15,0.0,166.0654754638672,0.0,166.35244136016132,162.97584482995052,164.4584752020352,0.0,54405800
2023-03-16,0.0,168.33245849609375,0.0,169.6716276559174,163.09060615059795,164.01845416849412,0.0,52392300
2023-03-17,0.0,163.7888946533203,0.0,167.1654911178124,163.43497832567118,166.47677881838763,0.0,70239900
2023-03-20,0.0,165.9123992919922,0.0,167.74896030929222,165.0323813834332,165.5297878867716,0.0,46103200
2023-03-21,0.0,168.97332763671875,0.0,170.43683736754505,168.31332517817447,168.87768208704182,0.0,34465900
2023-03-22,0.0,164.18106079101562,0.0,169.6429284369035,164.07584046382266,168.84899589457294,0.0,56098200
2023-03-23,0.0,163.45240783691406,0.631,167.4271089745434,161.97390204736288,165.4013546115518,0.0,47720900
2023-03-24,0.0,164.930908203125,0.0,165.23813854643808,160.77380566059435,162.01229318939613,0.0,47519700
2023-03-27,0.0,166.76461791992188,0.0,167.75349158661868,165.47812407289544,166.89902750618515,0.0,33880600
2023-03-28,0.0,166.52459716796875,0.0,167.54227182665744,165.7949472323825,166.18858053230426,0.0,28555100
2023-03-29,0.0,168.4159393310547,0.0,168.54075346105716,166.63981375175553,168.3391317625567,0.0,25564800
2023-03-30,0.0,168.18551635742188,0.0,170.2304757479766,167.48466743912047,169.81765154869706,0.0,26728600
2023-03-31,0.0,171.27694702148438,0.0,171.50736972072156,169.3280008035991,169.35680180981058,0.0,39602900
2023-04-03,0.0,171.35377502441406,0.0,172.60187249076552,169.4432396866476,171.80501037493764,0.0,27609000
2023-04-04,0.0,168.3487548828125,0.0,171.94902753086626,167.35988116744414,171.77620682599527,0.0,33487200
2023-04-05,0.0,166.69741821289062,0.0,167.84950245818183,165.64133244247188,167.2926585655561,0.0,28247300
2023-04-06,0.0,166.94705200195312,0.0,167.49430050808834,165.78535751410598,166.78384139035518,0.0,26366300
2023-04-10,0.0,168.73277282714844,0.0,168.8575869628982,166.1213739761529,166.1597850869435,0.0,22237800
2023-04-11,0.0,170.0673065185547,0.0,170.86416875350616,169.08802809554152,169.52007260391892,0.0,21876200
2023-04-12,0.0,168.81918334960938,0.0,171.83381110051144,168.56956971657058,171.68021059916677,0.0,27018100
2023-04-13,0.0,171.05613708496094,0.0,171.555378949635,168.90556914059576,169.49121402524835,0.0,23259900
2023-04-14,0.0,169.46241760253906,0.0,172.06422092100928,168.3391343637968,171.20975685139103,0.0,29600400
2023-04-17,0.0,171.64178466796875,0.0,171.71859223678345,169.69283838912662,169.90405554098055,0.0,22177300
2023-04-18,0.0,170.91213989257812,0.0,172.4578574689152,169.87525965663033,172.4194463585766,0.0,22873100
2023-04-19,0.0,171.13296508789062,0.0,171.6513979192144,169.5296453776917,170.00968174539966,0.0,19306800
2023-04-20,0.0,170.2496795654297,0.0,171.30575065834054,169.47202308668705,170.07685887596153,0.0,20336300
2023-04-21,0.0,170.47052001953125,0.0,170.8545579202388,168.83839922778125,170.71053821389296,0.0,25972800
2023-04-24,0.0,170.3553009033203,0.0,171.32496904892096,169.45283022843122,170.29769888569703,0.0,17781000
2023-04-25,0.0,166.15016174316406,0.0,168.9151755178718,166.10215518327493,168.6175553559225,0.0,28857900
2023-04-26,0.0,164.54681396484375,0.0,166.4765542843753,164.1723863013662,165.35327129394267,0.0,30309800
2023-04-27,0.0,166.74542236328125,0.0,166.91824307000883,164.11483249588636,165.1613082409383,0.0,33424100
2023-04-28,0.0,168.2047576904297,0.0,168.80960826407764,166.26540646268222,166.3710150604692,0.0,31911900
2023-05-01,0.0,168.30076599121094,0.0,170.25930807162214,167.78231847170167,168.01274121921116,0.0,27420100
2023-05-02,0.0,164.844482421875,0.0,167.4846823911086,163.13555415920757,167.43667582539493,0.0,40851100
2023-05-03,0.0,165.4493408203125,0.0,168.68478134014117,165.31493121962504,165.34373223051895,0.0,43261400
2023-05-04,0.0,163.5963897705078,0.0,164.71007766979815,162.04107661258175,164.47966958687428,0.0,42382100
2023-05-05,0.0,167.4846649169922,0.0,168.1087209070662,166.18857567523017,166.37097716663635,0.0,35456800
2023-05-08,0.0,167.10064697265625,0.0,168.5407559417118,166.21738189624767,168.26232667061532,0.0,22109900
2023-05-09,0.0,166.60140991210938,0.0,167.3118689645562,165.2861150368617,166.0733670116115,0.0,21465500
2023-05-10,0.0,167.44630432128906,0.0,168.992022149956,165.82377890895282,168.93442012459118,0.0,27281900
2023-05-11,0.0,166.15975952148438,0.0,166.84140281290163,165.23808344842362,166.30376454092627,0.0,25884600
2023-05-12,0.0,165.82374572753906,0.0,167.2542592192299,164.79646098226436,166.7166062411293,0.0,20406400
2023-05-15,0.0,167.8494873046875,0.0,168.69435584474755,165.9197467342809,166.39017291264142,0.0,24310000
2023-05-16,0.0,165.4013214111328,0.0,167.83030413825912,165.35331484685412,166.6782198433036,0.0,24212900
2023-05-17,0.0,169.08798217773438,0.0,169.45281445478332,165.2861028730325,166.50538453135178,0.0,38231600
2023-05-18,0.0,170.1152801513672,0.0,170.48011245684623,168.03192419814314,168.5503569984402,0.0,30446600
2023-05-19,0.0,169.0784149169922,0.0,171.7474160267853,168.25275175463943,171.38258368890567,0.0,34316300
2023-05-22,0.0,171.14259338378906,0.0,171.87225817843867,169.01123033019186,169.56807438153754,0.0,28207200
2023-05-23,0.0,170.33609008789062,0.0,173.32191665538838,170.2976936271763,170.80653096653202,0.0,32708900
2023-05-24,0.0,168.53115844726562,0.0,169.68325742833474,167.69589987058288,169.50084126801391,0.0,28744200
2023-05-25,0.0,167.21583557128906,0.0,168.52153483538854,165.80452773988944,168.25271569126906,0.0,36202600
2023-05-26,0.0,169.1167755126953,0.0,169.33760274907414,167.07183092245012,167.3406500671729,0.0,29841300
2023-05-30,0.0,168.49276733398438,0.0,170.46091939799456,167.78230822637434,169.65446180527888,0.0,25572600
2023-05-31,0.0,166.8318634033203,0.0,168.982417213632,165.47815716765504,167.71512866820535,0.0,34598800
2023-06-01,0.0,168.6367645263672,0.0,169.20321855514294,166.02536560062933,166.91824083273556,0.0,27800900
2023-06-02,0.0,174.75244140625,0.0,174.81963887919696,170.36490202373116,170.90254040549556,0.0,50212400
2023-06-05,0.0,172.40985107421875,0.0,174.02276612090483,171.31536882123996,174.02276612090483,0.0,34465800
2023-06-06,0.0,176.9510040283203,0.0,177.57506009785973,171.7858080091066,171.7858080091066,0.0,58584500
2023-06-07,0.0,180.26182556152344,0.509,180.772072008322,178.06679923073696,178.06679923073696,0.0,60685600
2023-06-08,0.0,179.58790588378906,0.0,180.39661141072884,178.01866371735636,179.79008593805278,0.0,34185000
2023-06-09,0.0,178.13418579101562,0.0,179.65530313187966,177.5757998286644,179.37611749576155,0.0,30242200
2023-06-12,0.0,178.87551879882812,0.0,179.7227125445189,177.3544012391353,178.32675478287513,0.0,26580500
2023-06-13,0.0,180.9261016845703,0.0,181.9369725743446,179.32797875390816,179.49164132613978,0.0,35758200
2023-06-14,0.0,178.98141479492188,0.0,182.1873124187802,177.672099381185,181.30160121097535,0.0,37114100
2023-06-15,0.0,180.45437622070312,0.0,180.57953600371638,178.0186669504801,178.18232952589688,0.0,36488400
2023-06-16,0.0,179.0102996826172,0.0,181.5230295164144,178.19197202141186,180.94538473319687,0.0,50684500
2023-06-20,0.0,178.23048400878906,0.0,178.65408821139536,176.9115318888346,178.25936477804706,0.0,33269300
2023-06-21,0.0,177.81649780273438,0.0,178.9814093335015,176.74786529405642,177.56619291146538,0.0,30730200
2023-06-22,0.0,176.49752807617188,0.0,177.38323909472675,175.6888373231583,177.33509959249923,0.0,27063700
2023-06-23,0.0,173.8404083251953,0.0,175.61183049787897,173.33978390591872,174.03295165872794,0.0,50610100
2023-06-26,0.0,174.0137176513672,0.0,175.92955861408987,173.64787498257675,173.71527323845575,0.0,31507900
2023-06-27,0.0,176.5264434814453,0.0,177.13296901028826,173.67675185764045,174.44693997408365,0.0,28818800
2023-06-28,0.0,177.39291381835938,0.0,177.54695439520384,175.33266884594806,176.1702553012161,0.0,23187600
2023-06-29,0.0,179.43386840820312,0.0,180.10777739525358,177.55653057912198,177.83573088883054,0.0,32084100
2023-06-30,0.0,180.29074096679688,0.0,181.40749839711785,179.94415702218205,181.24383579689942,0.0,30287300
2023-07-03,0.0,180.6565399169922,0.0,181.80219262442483,179.78046551435125,179.94412808825373,0.0,14011900
2023-07-05,0.0,178.85626220703125,0.0,180.23297593178205,178.52893701293738,180.1559556466804,0.0,24092100
2023-07-06,0.0,175.96807861328125,0.0,176.8634266296638,173.9848538909116,176.786406339751,0.0,39080800
2023-07-07,0.0,177.8261260986328,0.0,179.53978684183767,176.11245066531237,176.16059017407747,0.0,31706700
2023-07-10,0.0,180.8683624267578,0.0,181.04166173583187,177.29663678382752,177.70098225151114,0.0,29725100
2023-07-11,0.0,182.72645568847656,0.0,182.99601935399488,180.69509147967344,181.4556429595034,0.0,26738800
2023-07-12,0.0,184.7193145751953,0.0,185.85534554623896,184.23794875647422,185.5761451449141,0.0,40127300
2023-07-13,0.0,186.21148681640625,0.0,186.47142838138245,184.65186680677667,185.33539780527022,0.0,23523000
2023-07-14,0.0,184.39195251464844,0.0,186.27891261079634,183.19816023421885,186.13449407995398,0.0,32198600
2023-07-17,0.0,186.3655548095703,0.0,187.1164841611534,184.01648773431404,184.20903108521196,0.0,23283700
2023-07-18,0.0,188.66648864746094,0.0,189.07083410482528,186.27891869868822,186.48108408231212,0.0,28489800
2023-07-19,0.0,189.46554565429688,0.0,190.29349525986893,188.6279593328884,189.3692666366265,0.0,23679000
2023-07-20,0.0,187.80966186523438,0.0,189.60034303409034,187.02985170446297,189.60034303409034,0.0,27278100
2023-07-21,0.0,187.21278381347656,0.0,189.29227279850696,186.85656315043622,189.07084865507807,0.0,28982400
2023-07-24,0.0,187.6748809814453,0.0,188.94567892272693,186.76028899436622,187.30903831056693,0.0,16929800
2023-07-25,0.0,187.65560913085938,0.0,188.89754090571765,187.17424341442782,187.32828396931373,0.0,18961100
2023-07-26,0.0,189.13824462890625,0.0,189.81215376823022,187.45346443553765,187.51122597746294,0.0,20377900
2023-07-27,0.0,186.69290161132812,0.0,190.52456909168575,185.98047497131364,190.26464214840232,0.0,31159300
2023-07-28,0.0,189.10934448242188,0.0,189.60996898356646,188.21401122452815,188.71463572567274,0.0,21612200
2023-07-31,0.0,191.3043670654297,0.0,191.34286985860567,189.58106959596162,189.5906916217267,0.0,24203900
2023-08-01,0.0,190.4282684326172,0.0,190.56305023717258,188.48354694679108,190.07204783548767,0.0,27444300
2023-08-02,0.0,187.83853149414062,0.0,188.7820041903408,186.85654131394764,188.3006384712425,0.0,28079700
2023-08-03,0.0,187.30902099609375,0.0,188.3487726829117,185.8649238794214,187.05871611764547,0.0,24279300
2023-08-04,0.0,186.93356323242188,0.0,188.99380794063947,186.49071499342978,187.55934748681136,0.0,24950400
2023-08-07,0.0,187.0587158203125,0.0,187.79038640315522,185.49908094750688,187.4052997153676,0.0,20185000
2023-08-08,0.0,185.88418579101562,0.0,186.08635116433285,183.41959568694796,184.97921589871547,0.0,25578200
2023-08-09,0.0,184.4304656982422,0.0,185.69164151156306,183.64101888037118,185.68200479566198,0.0,22293200
2023-08-10,0.0,183.61216735839844,0.0,186.8854488409022,182.81309838746742,185.075523467219,0.0,29378800
2023-08-11,0.0,183.87210083007812,0.0,184.54600996535243,182.66868641347492,182.84197103820944,0.0,21789000
2023-08-14,0.0,183.5543670654297,0.0,183.5928698566915,181.6096455791229,182.86119930179788,0.0,20354900
2023-08-15,0.0,181.12826538085938,0.0,182.57236232437322,181.03198637524628,182.45683926972853,0.0,25491300
2023-08-16,0.0,178.91403198242188,0.0,182.01402882237474,178.88515121044426,180.9839136782313,0.0,27018400
2023-08-17,0.0,176.8056182861328,0.0,179.78046951956227,176.78637423473808,179.39536813993416,0.0,26715100
2023-08-18,0.0,177.76834106445312,0.0,178.34598576077687,175.15934728599595,175.41928886835314,0.0,33375200
2023-08-21,0.0,177.50843811035156,0.0,178.374890581569,176.24726219975244,177.81650455051806,0.0,22678100
2023-08-22,0.0,176.9789276123047,0.0,178.6348269132885,176.39166082893118,178.1438244626925,0.0,21299200
2023-08-23,0.0,178.86585998535156,0.0,179.17394108399202,176.5938132982817,177.14257724644182,0.0,21231100
2023-08-24,0.0,176.39166259765625,0.0,179.3953801085755,176.37240385486106,178.34600632304492,0.0,26582300
2023-08-25,0.0,177.14259338378906,0.0,178.10532486957052,174.84166572037603,177.20035492251728,0.0,29340400
2023-08-28,0.0,178.72145080566406,0.0,179.79008321317022,177.93201872171363,177.95126277221652,0.0,23002000
2023-08-29,0.0,181.21490478515625,0.0,181.34968657679931,177.69131946359835,178.62515529062364,0.0,22986000
2023-08-30,0.0,181.8985137939453,0.0,182.54354221355493,180.3485153052922,180.73360207546793,0.0,19869900
2023-08-31,0.0,181.58079528808594,0.0,183.16929644377535,181.503775002521,182.1488033677453,0.0,17953400
2023-09-01,0.0,183.7373046875,0.0,184.70965817191416,182.77457322922672,182.98637532525615,0.0,25094600
2023-09-05,0.0,179.86709594726562,0.0,182.82267348822884,179.80933441794795,182.58199065599575,0.0,27160100
2023-09-06,0.0,179.19322204589844,0.0,181.08016759365685,178.19197304127314,180.08855530588116,0.0,26406200
2023-09-07,0.0,177.46031188964844,0.0,178.47118297519643,176.74788524009352,178.24012211017697,0.0,23894800
2023-09-08,0.0,177.06556701660156,0.0,177.94165616418064,176.61308205862625,177.68171455872084,0.0,19399100
2023-09-11,0.0,177.48916625976562,0.0,178.79848158654437,177.3351257059997,178.3556186669963,0.0,17424700
2023-09-12,0.0,177.3158721923828,0.0,178.4326442049399,176.8922826922107,177.18109037639255,0.0,16826300
2023-09-13,0.0,176.15097045898438,0.0,177.98979101107557,175.59258446823918,177.62394836780078,0.0,24415700
2023-09-14,0.0,178.63482666015625,0.0,179.13545113628567,177.37365078866168,177.65283645047217,0.0,27952500
2023-09-15,0.0,176.7671356201172,0.0,178.17273010810007,175.97768871957896,177.90315176660812,0.0,39695500
2023-09-18,0.0,175.59259033203125,0.0,176.91152773087,175.57333158960634,176.85376619371158,0.0,19287800
2023-09-19,0.0,174.90904235839844,0.0,176.46867729287575,174.32179027784136,175.68886717069515,0.0,24085900
2023-09-20,0.0,173.15687561035156,0.0,176.67083945427092,173.11837281679743,175.60220697922466,0.0,27642900
2023-09-21,0.0,170.4708709716797,0.0,172.097874840405,170.4708709716797,171.84756994293573,0.0,31625600
2023-09-22,0.0,170.08575439453125,0.0,171.72239483380758,169.9798533531014,170.9425847515128,0.0,23164700
2023-09-25,0.0,170.8463134765625,0.0,171.23140014421753,168.99785633949713,169.14227485745383,0.0,22416200
2023-09-26,0.0,168.6497039794922,0.829,171.22259242081327,168.58198939779595,169.7523683459065,0.0,30476000
2023-09-27,0.0,170.22634887695312,0.0,171.135551565138,168.7464574180258,169.70402556258753,0.0,37293000
2023-09-28,0.0,171.76425170898438,0.0,172.72183449402618,170.20697866451658,170.3230439381956,0.0,31372400
2023-09-29,0.0,170.9517364501953,0.0,173.29247921544035,170.38104784635203,173.1086993903943,0.0,36689000
2023-10-02,0.0,168.36920166015625,0.0,170.94207524577138,167.4793187404885,170.55518117909526,0.0,42139300
2023-10-03,0.0,165.53514099121094,0.0,167.81785125863613,164.7903544640388,167.28586088208462,0.0,42733600
2023-10-04,0.0,165.61253356933594,0.0,165.9897604502476,163.5522865033233,165.40940459081617,0.0,42491900
2023-10-05,0.0,165.73826599121094,0.0,166.27024159597343,164.37444017460672,165.20627562738716,0.0,33365100
2023-10-06,0.0,167.33424377441406,0.0,168.19509565202395,163.9585360867426,164.79037164615715,0.0,42160900
2023-10-09,0.0,168.30149841308594,0.0,168.83348885988255,166.14453506596178,166.2122348906103,0.0,26658400
2023-10-10,0.0,170.2069549560547,0.0,171.24190460668012,168.57230037047404,168.60131668485204,0.0,31585000
2023-10-11,0.0,169.91676330566406,0.0,171.42567056748385,168.66901761117774,170.35202274517977,0.0,27427200
2023-10-12,0.0,166.0768280029297,0.0,170.11994082261003,165.19662692919448,170.11994082261003,0.0,38693800
2023-10-13,0.0,164.69366455078125,0.0,167.04407500807812,164.132657769753,166.70554635751787,0.0,33955600
2023-10-16,0.0,167.3535919189453,0.0,167.711469680619,165.4190920023298,166.11551315303643,0.0,31140300
2023-10-17,0.0,169.22036743164062,0.0,170.64222596854552,166.2702522782304,166.3089505393918,0.0,39823200
2023-10-18,0.0,165.73826599121094,0.0,167.97261076020948,165.3997226435791,167.9532616308719,0.0,38501400
2023-10-19,0.0,163.09765625,0.0,166.51204685692986,162.8461766157292,165.26430111123537,0.0,51397300
2023-10-20,0.0,160.98907470703125,0.0,163.49424839013307,160.9793927622922,163.1363706522791,0.0,54421900
2023-10-23,0.0,159.62522888183594,0.0,161.97565350529612,159.25766924514053,160.23460096181824,0.0,45590900
2023-10-24,0.0,161.01809692382812,0.0,162.13042843898464,159.99281436014036,160.99874779270309,0.0,32666300
2023-10-25,0.0,158.35818481445312,0.0,160.23465233745637,158.04865770345404,159.60593092788883,0.0,36832900
2023-10-26,0.0,158.764404296875,0.0,160.34102641934984,157.85518699333892,158.7740714829963,0.0,50525600
2023-10-27,0.0,156.89759826660156,0.0,159.4317880473964,156.37527510381952,159.1319429675693,0.0,46017100
2023-10-30,0.0,157.76812744140625,0.0,159.4124492743819,156.63644686061014,158.4258502709718,0.0,35156300
2023-10-31,0.0,159.1319580078125,0.0,159.58656664247243,157.49730331200067,158.0486280814222,0.0,31533200
2023-11-01,0.0,160.0411834716797,0.0,160.1765978745293,157.7584729957415,159.0739335201646,0.0,44367100
2023-11-02,0.0,164.3067169189453,0.0,164.43246411440273,161.84990894910496,162.25615208935918,0.0,50458100
2023-11-03,0.0,168.7754364013672,0.0,169.89743504213507,167.1214326172163,167.1407817472994,0.0,57060700
2023-11-06,0.0,166.66683959960938,0.0,169.05594820093577,165.77697140027055,168.7754522042457,0.0,35294400
2023-11-07,0.0,166.0768280029297,0.0,166.86029816957108,164.98384549990374,165.9414135884369,0.0,31168900
2023-11-08,0.0,164.3067169189453,0.0,166.49271088767668,163.75539221397906,166.07678580373468,0.0,44938600
2023-11-09,0.0,161.76287841796875,0.0,165.4287490410995,161.51138399843524,165.4287490410995,0.0,38577400
2023-11-10,0.0,163.5716552734375,0.0,164.1520112025487,161.32762809054285,162.71080332599664,0.0,36121300
2023-11-13,0.0,163.6296844482422,0.0,164.21004036505926,162.03372781559133,162.7301490121462,0.0,27610300
2023-11-14,0.0,172.61544799804688,0.0,172.6251151851482,168.51430253025495,168.52396971735627,0.0,77611000
2023-11-15,0.0,172.91525268554688,0.0,175.80732017197093,172.276864268701,172.50900953638882,0.0,59641400
2023-11-16,0.0,170.1199188232422,0.0,172.77985607464055,169.42349770760563,172.3058983056744,0.0,46616700
2023-11-17,0.0,172.4510040283203,0.0,172.78954744769462,171.30965605957613,171.63851753269927,0.0,43418700
2023-11-20,0.0,173.45692443847656,0.0,173.7664367283746,171.91900065649403,172.67345438950667,0.0,26665100
2023-11-21,0.0,171.22256469726562,0.0,172.66375746162066,171.11616662830124,172.40261064066684,0.0,30457000
2023-11-22,0.0,172.29624938964844,0.0,173.5149790917119,171.60949538702397,172.3446000830055,0.0,28940900
2023-11-24,0.0,173.45692443847656,0.0,173.8438184906146,171.97703328840853,172.21884576076033,0.0,13846900
2023-11-27,0.0,172.87657165527344,0.0,173.2441313426414,171.42569679553128,172.65410830931708,0.0,30665800
2023-11-28,0.0,172.2091522216797,0.0,173.3505146890475,171.3966659114551,172.702459077864,0.0,28350200
2023-11-29,0.0,173.1183624267578,0.0,175.79764846436373,172.8475336676201,173.66970188868422,0.0,31590200
2023-11-30,0.0,173.77613830566406,0.0,174.7240391718361,172.90560445141062,174.1533652147881,0.0,32216800
2023-12-01,0.0,178.85418701171875,0.0,179.11533386470686,172.37361547190864,173.33118345099015,0.0,64221300
2023-12-04,0.0,180.76934814453125,0.0,180.866079046142,177.99334542525088,178.19645965594466,0.0,44862600
2023-12-05,0.0,178.3511962890625,0.0,179.95683455557062,177.95462031497414,179.95683455557062,0.0,36873500
2023-12-06,0.0,178.03199768066406,0.0,181.7655825379099,177.7708360994072,179.61828677882204,0.0,43637900
2023-12-07,0.0,179.31846618652344,0.0,179.48289690560296,177.38396630220512,178.2931836092848,0.0,32662300
2023-12-08,0.0,180.6823272705078,0.0,181.60121194237112,178.80585965649698,179.08635570026195,0.0,36087100
2023-12-11,0.0,181.05950927734375,0.0,181.47541964570956,179.80208146848415,180.56620238762554,0.0,29302100
2023-12-12,0.0,180.875732421875,0.0,181.51412090200952,179.27009403574118,180.84671610542,0.0,32024000
2023-12-13,0.0,186.99839782714844,0.0,187.2982428912271,179.58926112514663,180.97243595632696,0.0,69484800
2023-12-14,0.0,192.2022247314453,0.0,193.48865404761202,190.04524693331655,190.4224737855217,0.0,83649300
2023-12-15,0.0,190.58689880371094,0.0,193.01470530745368,189.53260003785428,192.4343495095001,0.0,74160700
2023-12-18,0.0,190.6546630859375,0.0,192.2603017544012,190.23873787851056,191.47683155422908,0.0,44451100
2023-12-19,0.0,194.34950256347656,0.0,194.707395039143,191.53481675614984,191.97974341586527,0.0,52156200
2023-12-20,0.0,190.54786682128906,0.734,196.26585554278984,190.43137602369762,194.02331881011256,0.0,62360300
2023-12-21,0.0,193.79031372070312,0.0,193.9844847922223,191.75165078830872,192.70302682342611,0.0,38613400
2023-12-22,0.0,195.5960235595703,0.0,196.8871843447484,194.34370291962287,195.01355469968726,0.0,39173800
2023-12-26,0.0,198.1395263671875,0.0,198.58608435991928,195.79990378083954,196.3047219933489,0.0,26879000
2023-12-27,0.0,198.83848571777344,0.0,199.48891739721324,197.45994207177768,198.4695784198443,0.0,35806400
2023-12-28,0.0,198.08126831054688,0.0,199.17827285744823,197.34346846357275,197.8385692382714,0.0,28930100
2023-12-29,0.0,194.8485107421875,0.0,198.0715464055118,194.8485107421875,197.53760553582987,0.0,41496800
2024-01-02,0.0,193.69326782226562,0.0,195.73193101593955,192.64480611701552,193.57676220178791,0.0,44341500
2024-01-03,0.0,188.5286407470703,0.0,191.89730513332253,188.12090807378596,191.6351859815054,0.0,57532500
2024-01-04,0.0,188.1597442626953,0.0,189.78097229134917,188.03353600462842,188.39272589214085,0.0,43114200
2024-01-05,0.0,187.6063690185547,0.0,189.75183517687424,186.67439813202398,187.06272550690124,0.0,40964900
2024-01-08,0.0,190.9847412109375,0.0,191.21773764257787,186.64528080892083,187.6451997566345,0.0,31545400
2024-01-09,0.0,189.27613830566406,0.0,190.0527782365325,187.67433048395228,188.67424939549898,0.0,28998700
2024-01-10,0.0,189.3829345703125,0.0,189.6741764084746,187.44134206679874,189.05286739987721,0.0,35075200
2024-01-11,0.0,187.89761352539062,0.0,189.05286341071266,185.71332200502792,188.81986698246433,0.0,48939200
2024-01-12,0.0,187.58694458007812,0.0,191.34393592704413,187.01417838028792,190.16926601349832,0.0,42992100
2024-01-16,0.0,185.26673889160156,0.0,187.6160638627168,184.55806182997287,186.12104426770676,0.0,42213000
2024-01-17,0.0,183.9464569091797,0.0,184.38331222961213,182.05340731185626,182.63589094788233,0.0,37787700
2024-01-18,0.0,185.03375244140625,0.0,185.58709854503124,182.71355023134365,185.1405406106214,0.0,41760000
2024-01-19,0.0,186.81031799316406,0.0,187.21806545968636,183.70377291063383,185.70361084460092,0.0,63338300
2024-01-22,0.0,190.80027770996094,0.0,191.07211427277034,188.42182999406725,188.48007539567843,0.0,42379500
2024-01-23,0.0,190.24693298339844,0.0,192.79041429365802,189.28583941020884,192.4312244389594,0.0,42471200
2024-01-24,0.0,188.68394470214844,0.0,192.66421493514312,188.45094828797798,192.586549463753,0.0,41120100
2024-01-25,0.0,190.24693298339844,0.0,191.88758093568325,188.73249327765078,191.3439374324071,0.0,37659500
2024-01-26,0.0,190.2566375732422,0.0,192.11086189423213,189.6741687336617,191.1400656817567,0.0,33478600
2024-01-29,0.0,193.5864715576172,0.0,193.5864715576172,189.39262491181083,190.43138394411744,0.0,29234400
2024-01-30,0.0,191.93614196777344,0.0,193.1204998193389,191.34395563540278,192.59627633793045,0.0,33121200
2024-01-31,0.0,187.2471923828125,0.0,193.13021550583034,187.08215879177456,191.45074207874927,0.0,68126700
2024-02-01,0.0,189.73240661621094,0.0,190.02364843104505,185.9365900207183,188.6354021993779,0.0,59479000
2024-02-02,0.0,188.73251342773438,0.0,189.7906778462417,186.77150074168492,187.5966835271564,0.0,52839300
2024-02-05,0.0,186.33460998535156,0.0,187.4704396702582,184.50950853618198,186.84913074484328,0.0,39751900
2024-02-06,0.0,188.0141143798828,0.0,188.1403226369084,185.44151015480827,186.10164451702525,0.0,34689100
2024-02-07,0.0,187.57723999023438,0.0,188.48007333166947,186.4316927894534,188.40242267248783,0.0,31713900
2024-02-08,0.0,190.42169189453125,0.0,190.6352682695948,187.08216500290584,187.71317668448148,0.0,35370800
2024-02-09,0.0,193.51849365234375,0.0,193.72236735391428,190.71289347769053,191.16916883595363,0.0,46107100
2024-02-12,0.0,197.03280639648438,0.0,197.60557260841168,194.00391213146065,194.03303483286882,0.0,43291000
2024-02-13,0.0,188.9266357421875,0.0,191.85844420698194,187.4218987757402,190.48961810641657,0.0,86247400
2024-02-14,0.0,193.3146514892578,0.0,193.95536572139926,190.49933362946433,191.90698515277387,0.0,43808000
2024-02-15,0.0,198.46957397460938,0.0,198.78993849250276,194.85821098966917,195.12033010670453,0.0,44931900
2024-02-16,0.0,195.770751953125,0.0,197.75116954884572,195.21739104637788,196.21730987942328,0.0,48346200
2024-02-20,0.0,193.0719451904297,0.0,193.88741041029903,192.22734245761785,193.33404948834735,0.0,30547500
2024-02-21,0.0,192.15940856933594,0.0,192.55743857969486,190.65467144681006,191.88758680937738,0.0,28669100
2024-02-22,0.0,193.6156005859375,0.0,194.24661220399034,192.03319800631223,192.84866327636738,0.0,38184700
2024-02-23,0.0,194.0524444580078,0.0,195.26593966193582,192.77100122551025,193.77092008849303,0.0,37667700
2024-02-26,0.0,195.275634765625,0.0,195.75133019997583,193.33404251416198,193.85828071743404,0.0,29118200
2024-02-27,0.0,198.0424346923828,0.0,198.25601105210507,196.6250656517873,197.14930392135113,0.0,32268600
2024-02-28,0.0,196.41151428222656,0.0,197.90653406457116,195.97464409722875,196.5280050978655,0.0,30143900
2024-02-29,0.0,197.78030395507812,0.0,200.0228407874313,196.60564885869042,199.18795547017857,0.0,40404100
2024-03-01,0.0,199.87721252441406,0.0,200.30436518725796,197.2075231948129,198.55692920888438,0.0,35156900
2024-03-04,0.0,199.6927490234375,0.0,201.70230400255548,199.45005000546706,200.9839095766209,0.0,24785400
2024-03-05,0.0,197.78030395507812,0.0,199.89664735548942,197.08132951211425,198.3336648945805,0.0,34163500
2024-03-06,0.0,199.25592041015625,0.0,200.0616830351936,198.12009063168415,200.01314026247096,0.0,34255200
2024-03-07,0.0,200.91600036621094,0.0,202.0227075094164,200.37234201787157,200.66358385833098,0.0,28020200
2024-03-08,0.0,200.789794921875,0.0,204.26524735679092,199.7898759457405,202.6440193584644,0.0,41447800
2024-03-11,0.0,199.19769287109375,0.0,200.79950082236041,198.7705401339091,199.9452101611669,0.0,24435800
2024-03-12,0.0,198.9258575439453,0.0,199.90635639610636,197.45024313778706,199.158839156956,0.0,34958900
2024-03-13,0.0,199.7024688720703,0.0,200.54705672457405,198.78991818339279,198.88698890384768,0.0,25140700
2024-03-14,0.0,196.12994384765625,0.0,199.28503131662774,194.32426242673333,199.06175235112758,0.0,47509100
2024-03-15,0.0,196.49887084960938,0.0,197.1493025540069,195.2562528452118,195.37274365400685,0.0,53217000
2024-03-18,0.0,195.37274169921875,0.0,197.2463713167432,195.04267453548516,196.98426699957676,0.0,32405100
2024-03-19,0.0,196.19793701171875,0.0,196.82894867777048,193.82919168341698,193.94568249852168,0.0,29864100
2024-03-20,0.0,200.0811004638672,0.0,200.94510847948845,195.23682214836072,195.6348521409841,0.0,49609600
2024-03-21,0.0,202.37997436523438,0.522,203.36296301581922,201.30938090357554,201.4651062890514,0.0,43067300
2024-03-22,0.0,199.5867156982422,0.0,202.67195245014295,199.5867156982422,202.29238111097004,0.0,28437300
2024-03-25,0.0,200.04409790039062,0.0,201.47479303376383,200.01490125283502,200.2192926365114,0.0,20107800
2024-03-26,0.0,199.68402099609375,0.0,202.08797761751518,199.50884108884313,201.5137570093639,0.0,23434800
2024-03-27,0.0,204.03451538085938,0.0,204.10265080592936,200.64756993217057,201.2704566221684,0.0,35028400
2024-03-28,0.0,204.6768341064453,0.0,206.2145885903721,204.22912741840085,204.46271545357024,0.0,37675100
2024-04-01,0.0,202.74977111816406,0.0,205.16345462648886,202.3993965080212,205.13425797987585,0.0,25684200
2024-04-02,0.0,199.02218627929688,0.0,200.3750187406563,197.96132029458627,200.24849003358366,0.0,36632100
2024-04-03,0.0,200.3263397216797,0.0,200.8810908421293,197.84452087557653,197.94185292867323,0.0,27362800
2024-04-04,0.0,198.32144165039062,0.0,202.97362906326285,197.77641774690915,202.48699845647047,0.0,32265200
2024-04-05,0.0,198.98326110839844,0.0,200.19983768016755,197.45524865666633,197.70829123731053,0.0,27569400
2024-04-08,0.0,200.07334899902344,0.0,200.90061226148342,199.10981488661585,200.47237487819115,0.0,21331000
2024-04-09,0.0,200.8616943359375,0.0,201.43591500304137,199.00276148061084,200.70596894631223,0.0,23289100
2024-04-10,0.0,195.557373046875,0.0,197.50389551913153,194.20454052268823,195.80068835590708,0.0,57130500
2024-04-11,0.0,196.88101196289062,0.0,197.484444037146,194.74958229751138,196.5695760849291,0.0,37184000
2024-04-12,0.0,193.3772735595703,0.0,196.51117586601217,192.39427022600952,195.84935051611888,0.0,35388700
2024-04-15,0.0,190.5450897216797,0.0,194.87609939095583,189.76647773769122,194.0390941070562,0.0,41119300
2024-04-16,0.0,189.84432983398438,0.0,190.992785787748,188.18978874202156,189.21171598584164,0.0,43267500
2024-04-17,0.0,187.83941650390625,0.0,191.36261738763417,187.82968923793575,191.21663414413794,0.0,38589500
2024-04-18,0.0,187.68370056152344,0.0,190.42830448327732,187.01214790616714,188.52070585140706,0.0,40238200
2024-04-19,0.0,187.9757080078125,0.0,189.1922847694999,186.22383450082452,186.8077972867507,0.0,42666500
2024-04-22,0.0,190.07794189453125,0.0,191.05120323054953,187.7421057776137,189.01709060246077,0.0,31553000
2024-04-23,0.0,193.260498046875,0.0,193.99044400139417,189.91247689268758,190.0389907596014,0.0,31838300
2024-04-24,0.0,192.394287109375,0.0,193.59140920376635,191.20692198330042,192.87119049378376,0.0,28791700
2024-04-25,0.0,191.22633361816406,0.0,191.56698093786414,188.58880439707343,190.2141486251917,0.0,31915600
2024-04-26,0.0,193.0561065673828,0.0,193.57193385363854,191.16797732299543,191.73247064302382,0.0,24613600
2024-04-29,0.0,194.6133575439453,0.0,195.05132220708546,193.56223344193464,193.92233541039357,0.0,20494600
2024-04-30,0.0,190.66188049316406,0.0,193.33834903676828,190.51589724019203,192.8127944752803,0.0,30606800
2024-05-01,0.0,191.06089782714844,0.0,194.96368462172964,189.81512471812928,190.6424026526001,0.0,38782100
2024-05-02,0.0,194.57440185546875,0.0,194.76905114985428,191.28477383243305,193.46488454160306,0.0,27201000
2024-05-03,0.0,196.50144958496094,0.0,198.70102961689085,195.74230696267378,197.97108364540023,0.0,30880600
2024-05-06,0.0,199.04165649414062,0.0,199.30444119461808,197.94188136026912,198.0294713101655,0.0,23129800
2024-05-07,0.0,199.48936462402344,0.0,200.63780579956472,199.03193063694147,199.2947153392795,0.0,20116900
2024-05-08,0.0,198.33119201660156,0.0,198.50638677786193,197.14381200966665,197.29953738616712,0.0,18349400
2024-05-09,0.0,200.3555908203125,0.0,200.48211955356905,197.97110337924744,198.51612738282913,0.0,22914300
2024-05-10,0.0,198.84701538085938,0.0,201.09524662530305,198.2338560048151,200.8324767648175,0.0,21520200
2024-05-13,0.0,199.26551818847656,0.0,201.02711871478456,199.1292622044193,200.56968472885185,0.0,18585300
2024-05-14,0.0,201.32879638671875,0.0,202.18527092673773,200.40420129053618,201.59158104800386,0.0,33169000
2024-05-15,0.0,203.83982849121094,0.0,204.16100646991532,202.16581803596907,203.61598257300633,0.0,33412300
2024-05-16,0.0,202.3701934814453,0.0,203.7522374493155,202.3701934814453,203.31425803021395,0.0,26731100
2024-05-17,0.0,202.51620483398438,0.0,202.9444421646608,201.80572827215568,202.4480694173821,0.0,35219800
2024-05-20,0.0,202.9639129638672,0.0,203.87878099803666,202.2242396930101,202.45782776049683,0.0,15695900
2024-05-21,0.0,202.76925659179688,0.0,203.1099039886479,202.03931061350661,202.27289867284352,0.0,13466800
2024-05-22,0.0,201.0563201904297,0.0,202.6524681208907,200.29717756806343,201.9809154509231,0.0,20853100
2024-05-23,0.0,197.75694274902344,0.0,202.06848267439796,196.93940691701553,201.9614233499121,0.0,34039800
2024-05-24,0.0,199.94679260253906,0.0,200.18036579689735,198.50637011777349,199.3141638826466,0.0,19946100
2024-05-28,0.0,199.67428588867188,0.0,201.55267301300475,198.51610260025222,201.43588641275684,0.0,18475900
2024-05-29,0.0,196.72531127929688,0.0,197.58177112457778,196.384663884054,197.11460985889832,0.0,25654800
2024-05-30,0.0,198.59396362304688,0.0,199.46016555281378,197.6498990101698,198.07813634188167,0.0,20428200
2024-05-31,0.0,200.26797485351562,0.0,200.7643327528682,197.649899671974,199.46989348705517,0.0,25784900
2024-06-03,0.0,199.13897705078125,0.0,202.01009465414123,197.71800914784643,201.98089800586337,0.0,23902900
2024-06-04,0.0,196.56956481933594,0.0,199.03191445558903,196.25811410843585,197.71800590150863,0.0,27098900
2024-06-05,0.0,199.57696533203125,0.0,199.57696533203125,196.3943966346233,197.86403074285087,0.0,20707600
2024-06-06,0.0,198.146240234375,0.0,199.33362006301093,197.56229243636872,198.72046076685663,0.0,17335500
2024-06-07,0.0,195.82015991210938,0.0,197.73748575662404,195.31405990548524,196.14133790569076,0.0,26036000
2024-06-10,0.0,196.49172973632812,0.0,196.72531780230761,193.6887323477318,194.18510513158952,0.0,25075300
2024-06-11,0.0,195.82025146484375,0.562,196.19112791987055,193.6535788242298,194.84427333455798,0.0,23768400
2024-06-12,0.0,198.82626342773438,0.0,202.29098872573485,198.2211617599787,200.92461042493133,0.0,43668700
2024-06-13,0.0,197.08901977539062,0.0,198.65057579908265,195.69336334928323,198.38707243466055,0.0,28021100
2024-06-14,0.0,193.95611572265625,0.0,195.2346445986864,193.1850996077293,194.76617929964527,0.0,33453700
2024-06-17,0.0,195.58602905273438,0.0,196.12282005141952,192.66786371012495,193.3607999056811,0.0,25538100
2024-06-18,0.0,195.9276123046875,0.0,196.84503414232287,195.22490684999846,195.64458519566438,0.0,25446900
2024-06-20,0.0,195.0980224609375,0.0,197.01094615058835,194.4343644800296,195.5079463811976,0.0,27999700
2024-06-21,0.0,195.53721618652344,0.0,195.5957724891339,193.69261819307422,195.12729228376244,0.0,37511300
2024-06-24,0.0,196.38633728027344,0.0,197.8210264452674,195.7129099303074,195.86907001858125,0.0,22289600
2024-06-25,0.0,195.74217224121094,0.0,196.32776507871495,195.01995795283307,196.2984869260642,0.0,15925400
2024-06-26,0.0,195.22488403320312,0.0,195.76167492783188,194.0341896459331,194.54170239105875,0.0,19313500
2024-06-27,0.0,197.20614624023438,0.0,197.29398070121422,195.15660102281345,195.81050460829383,0.0,17432600
2024-06-28,0.0,198.01620483398438,0.0,199.72416658420337,196.4839268934694,198.9824285567449,0.0,35026000
2024-07-01,0.0,196.3570556640625,0.0,198.9238830854279,195.66410459221547,198.63108664813694,0.0,21886200
2024-07-02,0.0,197.0304718017578,0.0,197.41110268092504,196.0740025014959,196.6791190754308,0.0,17219100
2024-07-03,0.0,196.98167419433594,0.0,198.39683955057723,196.78648154041386,197.3915832352458,0.0,15167200
2024-07-05,0.0,196.04470825195312,0.0,196.78646110898717,195.07849950307005,196.37655211063628,0.0,17282500
2024-07-08,0.0,197.4208526611328,0.0,198.80673980263066,196.99141990614166,197.64532345860755,0.0,20823800
2024-07-09,0.0,196.56198120117188,0.0,197.6550867877638,195.7128850291153,197.06949397736656,0.0,17864200
2024-07-10,0.0,198.48468017578125,0.0,198.69939656943794,196.6498513012314,197.43062194116987,0.0,19286100
2024-07-11,0.0,205.61904907226562,0.0,206.1558399799021,201.96890068482384,202.9058312761137,0.0,65443600
2024-07-12,0.0,208.01995849609375,0.0,209.77672194355432,207.5514932075186,207.80524213627953,0.0,50810700
2024-07-15,0.0,211.97271728515625,0.0,212.9974974202311,209.15214075451465,209.63036056323574,0.0,48925300
2024-07-16,0.0,219.2047119140625,0.0,219.45846088744386,213.75875171541256,213.87586433508923,0.0,67945700
2024-07-17,0.0,216.9111328125,0.0,221.1956760775386,216.33530930740628,217.01849099923308,0.0,66092100
2024-07-18,0.0,212.71441650390625,0.0,219.38034848168198,211.76771658851723,216.09130716481616,0.0,53180000
2024-07-19,0.0,211.63108825683594,0.0,213.39760624031035,210.66487946600958,212.40211929777678,0.0,37933500
2024-07-22,0.0,214.99822998046875,0.0,215.34958272628748,210.20618836209465,212.45092629634425,0.0,36185900
2024-07-23,0.0,217.28201293945312,0.0,218.37510366490568,213.77824018153964,213.94416956659404,0.0,44884600
2024-07-24,0.0,212.61685180664062,0.0,218.48247528893458,212.489969878118,215.75950272781677,0.0,42443000
2024-07-25,0.0,215.271484375,0.0,218.63860564931556,212.95840628333232,213.2024007944022,0.0,45053100
2024-07-26,0.0,218.8338165283203,0.0,219.97570914828077,216.37434748181232,218.52149637982976,0.0,40822600
2024-07-29,0.0,216.40362548828125,0.0,220.0049871523213,215.46669482793004,219.31205102322218,0.0,33869700
2024-07-30,0.0,217.22348022460938,0.0,219.06807847024706,215.79854546655125,217.36987100114973,0.0,26876800
2024-07-31,0.0,218.4824676513672,0.0,223.13788756253214,216.64762397731377,218.33607688683935,0.0,52387700
2024-08-01,0.0,211.37733459472656,0.0,219.48771006602442,209.89384374160514,218.3946193806948,0.0,71508100
2024-08-02,0.0,203.9013671875,0.0,206.11684190860333,202.0177363780864,203.83305645631836,0.0,66850200
2024-08-05,0.0,197.34275817871094,0.0,199.8217507584224,191.97487891874863,193.14604959701904,0.0,65683100
2024-08-06,0.0,199.48992919921875,0.0,202.27147290168875,196.36680207737626,198.13332015759445,0.0,37072500
2024-08-07,0.0,197.12803649902344,0.0,202.96439578664138,196.71812751729902,202.8570376086486,0.0,30594500
2024-08-08,0.0,201.92013549804688,0.0,202.02749369908403,198.28949528946626,199.5094680775042,0.0,26550300
2024-08-09,0.0,201.5004425048828,0.0,202.14457672455006,200.01695164200268,202.07626600238945,0.0,20954500
2024-08-12,0.0,199.6851348876953,0.0,202.00795275146402,198.92387312420672,201.64684560249358,0.0,20357900
2024-08-13,0.0,202.97415161132812,0.0,203.3743061768218,199.93885934950367,201.13930815374184,0.0,25458300
2024-08-14,0.0,201.71514892578125,0.0,203.73543076475565,200.79774201050526,203.61831815690002,0.0,25345600
2024-08-15,0.0,206.94638061523438,0.0,207.9809298649465,204.86755748093614,206.18511892229532,0.0,42561600
2024-08-16,0.0,207.49298095703125,0.0,208.8398208091382,206.20468252465065,206.29251699260945,0.0,30427400
2024-08-19,0.0,210.03045654296875,0.0,210.04022585372118,207.70763909691928,207.84427541727513,0.0,17246200
2024-08-20,0.0,207.58079528808594,0.0,209.78650054780988,206.9561698672286,209.72794424151775,0.0,21703900
2024-08-21,0.0,210.2842559814453,0.0,210.47944863042505,207.70767429507725,209.13259403564928,0.0,19623100
2024-08-22,0.0,208.4298858642578,0.0,211.17238201106474,208.01022241904278,210.39161142533962,0.0,18084300
2024-08-23,0.0,215.08607482910156,0.0,215.7692565726986,209.63034551637043,210.0109764086777,0.0,40003100
2024-08-26,0.0,215.15435791015625,0.0,217.10631400803427,214.79325079756663,216.5988012527579,0.0,24865500
2024-08-27,0.0,213.48545837402344,0.0,214.10031446014403,212.4802021063045,213.65137286661115,0.0,19577900
2024-08-28,0.0,212.041015625,0.0,213.85633564918263,211.07480675054887,212.63636291498048,0.0,19685000
2024-08-29,0.0,213.5537567138672,0.0,215.67162731489577,211.93362956173692,213.5244785634757,0.0,24599500
2024-08-30,0.0,214.7932891845703,0.0,215.20319825131284,212.1776598019924,214.43218200744505,0.0,23010500
2024-09-03,0.0,208.2249298095703,0.0,214.10030714243064,207.79549707061176,212.89010385144968,0.0,31338500
2024-09-04,0.0,207.87356567382812,0.0,210.19638325518335,206.61454567727142,207.64908000483408,0.0,23706300
2024-09-05,0.0,206.8390350341797,0.0,208.8885950352578,205.85330249794845,208.41036039707444,0.0,23910500
2024-09-06,0.0,202.90585327148438,0.0,208.0687860715462,202.16411523195384,206.8390440603375,0.0,34561300
2024-09-09,0.0,203.471923828125,0.0,205.20916377180083,202.53499312865114,203.1498492463543,0.0,23584100
2024-09-10,0.0,203.30601501464844,0.0,203.84280599928337,200.8465457982955,203.70616964794405,0.0,23025700
2024-09-11,0.0,203.9013671875,0.0,204.22344178598826,199.3045181278171,202.48620175213944,0.0,27175600
2024-09-12,0.0,206.52674865722656,0.0,207.66864137056822,203.403621378141,204.86758868636036,0.0,27611700
2024-09-13,0.0,211.621337890625,0.0,212.03124691462193,208.8007617149304,208.88859617173452,0.0,37388100
2024-09-16,0.0,212.3826141357422,0.0,213.04627215545872,210.94792500766903,212.4021378693354,0.0,23289000
2024-09-17,0.0,214.13937377929688,0.0,216.4719610090951,213.22195191705703,214.30528828106972,0.0,35563500
2024-09-18,0.0,214.17837524414062,0.0,219.5364999785174,213.00720458910956,213.96365888662325,0.0,54085200
2024-09-19,0.0,218.58981323242188,0.0,219.2827493342046,216.17914616730314,219.2632404948894,0.0,35369500
2024-09-20,0.0,216.24745178222656,0.0,218.09204959949062,215.97416424240745,218.0822802884928,0.0,34587500
2024-09-23,0.0,215.4569091796875,0.0,217.7504635564575,214.73469495297599,217.34055456210262,0.0,20157700
2024-09-24,0.0,215.8180389404297,0.0,216.59880949549884,214.227189894601,216.3060279834698,0.0,20939800
2024-09-25,0.0,213.1856689453125,0.752,216.04524796127237,213.03876370503397,215.76125507229938,0.0,23242300
2024-09-26,0.0,214.32168579101562,0.0,216.554508127558,213.86140956923987,215.92775124261738,0.0,24974700
2024-09-27,0.0,215.77105712890625,0.0,217.99409174736732,214.9876072911647,216.29008947100917,0.0,23959600
2024-09-30,0.0,216.3194580078125,0.0,217.00497098200452,214.05725772144774,214.87987329047817,0.0,21938200
2024-10-01,0.0,213.3815155029297,0.0,215.7808181935437,211.8244186688685,215.6143375518259,0.0,30016000
2024-10-02,0.0,213.0877227783203,0.0,214.2237241705422,211.73628727397744,212.50014667214637,0.0,14455400
2024-10-03,0.0,211.65794372558594,0.0,212.73517407330203,210.6296668467641,211.75586560643578,0.0,21353000
2024-10-04,0.0,214.61544799804688,0.0,215.42827583182333,212.793933622574,214.75255058789702,0.0,27901500
2024-10-07,0.0,212.93104553222656,0.0,214.1356057776271,211.40332662329754,214.11601542305917,0.0,14891800
2024-10-08,0.0,213.07794189453125,0.0,213.8515890224984,212.2161456462142,213.12691030737867,0.0,18118600
2024-10-09,0.0,213.54800415039062,0.0,215.0659352786846,212.43159308408914,213.02897185291215,0.0,18230700
2024-10-10,0.0,212.36305236816406,0.0,212.3924304274654,210.15960826219398,211.43269734674956,0.0,24571400
2024-10-11,0.0,216.68182373046875,0.0,217.02458773078249,212.22598138477358,212.28473751212704,0.0,19950900
2024-10-14,0.0,218.278076171875,0.0,218.4935252424571,215.86897062948537,216.86786950736033,0.0,19263300
2024-10-15,0.0,218.454345703125,0.0,220.83405809215824,217.3868881232479,217.964691472322,0.0,25998800
2024-10-16,0.0,222.04840087890625,0.0,222.4694963350839,219.74702006961166,220.2366742892011,0.0,27656700
2024-10-17,0.0,221.4412384033203,0.0,222.2638689192351,220.25628345879596,222.21490050448054,0.0,18003600
2024-10-18,0.0,220.98094177246094,0.0,222.33239219082165,220.72632695956344,221.97005285264817,0.0,20047400
2024-10-21,0.0,217.50442504882812,0.0,221.02013899723914,216.94621202802327,220.96138287779902,0.0,24243800
2024-10-22,0.0,216.68182373046875,0.0,217.24003682645446,215.74169580668553,216.88748511926977,0.0,15813900
2024-10-23,0.0,214.70361328125,0.0,216.23133223831988,212.87229611952827,215.47726046584623,0.0,23263500
2024-10-24,0.0,215.1736602783203,0.0,216.4663397006709,214.00828079700347,215.8689609305447,0.0,18381900
2024-10-25,0.0,214.36080932617188,0.0,217.37708091040122,213.99847000967412,216.73073379741066,0.0,23807800
2024-10-28,0.0,217.8569793701172,0.0,218.35642133452177,215.9179377465326,216.22152099605668,0.0,19877700
2024-10-29,0.0,217.15188598632812,0.0,217.30856399957017,215.4185056469802,216.1725774240172,0.0,20282200
2024-10-30,0.0,216.85806274414062,0.0,219.83515381855204,216.32922781989052,216.4957234041232,0.0,19754800
2024-10-31,0.0,213.2541961669922,0.0,217.18123249488528,213.12689623366904,216.64260987525475,0.0,24078400
2024-11-01,0.0,214.44898986816406,0.0,216.39781933280662,213.82223297116823,214.9582345166804,0.0,21222200
2024-11-04,0.0,215.53602600097656,0.0,217.151894155415,213.3325816528851,213.97892891466046,0.0,20463700
2024-11-05,0.0,219.59034729003906,0.0,219.6491034108935,214.5273239878978,214.80152918059332,0.0,26404600
2024-11-06,0.0,232.3115692138672,0.0,232.6641208801616,227.93405891698748,231.6946000620864,0.0,75554600
2024-11-07,0.0,231.4889373779297,0.0,233.55527881573113,230.5292043330122,231.98837931048467,0.0,34970300
2024-11-08,0.0,233.19293212890625,0.0,233.53569607656067,230.77403897071397,231.04824415161286,0.0,26597800
2024-11-11,0.0,236.69886779785156,0.0,237.3745930718307,234.88715599018886,235.54329090958626,0.0,29207700
2024-11-12,0.0,232.5465850830078,0.0,236.78697741167883,231.66519853502177,234.99485614453462,0.0,35314300
2024-11-13,0.0,230.2451934814453,0.0,234.9164986312431,229.97098833089274,234.0057340687892,0.0,25947700
2024-11-14,0.0,227.14080810546875,0.0,231.53789355638938,226.42591710899802,231.06782967653777,0.0,29272100
2024-11-15,0.0,223.75238037109375,0.0,227.48354300626818,223.09624553238095,227.4149991882542,0.0,37930000
2024-11-18,0.0,224.19308471679688,0.0,225.82854303969336,223.40964988178402,224.47709254609143,0.0,29368500
2024-11-19,0.0,225.85794067382812,0.0,226.04401169334193,221.71545465651573,221.90152567602954,0.0,26009400
2024-11-20,0.0,226.15171813964844,0.0,226.15171813964844,223.3215170045835,225.46620513762042,0.0,24222700
2024-11-21,0.0,229.58909606933594,0.0,230.69571949919919,226.3279968442062,227.35627379785183,0.0,28679400
2024-11-22,0.0,233.82948303222656,0.0,234.28975919964716,230.46065956985504,230.764242798779,0.0,22693100
2024-11-25,0.0,237.38438415527344,0.0,239.9110019820294,236.39528790922384,236.49322474046386,0.0,33534000
2024-11-26,0.0,235.6411895751953,0.0,236.61071030011072,234.47581015294995,236.18959990494355,0.0,22581400
2024-11-27,0.0,235.96435546875,0.0,238.64766585830844,235.46491356535793,237.00241997956115,0.0,19472800
2024-11-29,0.0,236.86534118652344,0.0,238.44202846307738,236.5421675896204,237.35499543460776,0.0,16782700
2024-12-02,0.0,236.74781799316406,0.0,237.6389922697729,235.0438159091818,237.22768451358291,0.0,25274800
2024-12-03,0.0,235.0634307861328,0.0,237.12977243072916,234.41708355480407,236.54218132169166,0.0,21376700
2024-12-04,0.0,235.90562438964844,0.0,236.66948382557112,234.26039327937247,235.3082456058564,0.0,19903000
2024-12-05,0.0,233.15374755859375,0.0,235.876223737258,232.82078628622426,235.5432624648885,0.0,20227000
2024-12-06,0.0,233.9861602783203,0.0,234.92630296322804,233.44755258643738,234.82836614121604,0.0,20760900
2024-12-09,0.0,232.8109893798828,0.0,236.38547412289668,232.73264291214724,235.57264633108358,0.0,16684300
2024-12-10,0.0,231.80230712890625,0.0,233.87845120421034,231.03844773334285,232.66410334669516,0.0,19946500
2024-12-11,0.0,232.85018920898438,0.0,234.3387273890296,231.9296368163136,233.77074160165515,0.0,23156900
2024-12-12,0.0,229.82412719726562,0.0,232.7326748350096,229.50096852023884,232.2528232010188,0.0,21454500
2024-12-13,0.0,228.2474365234375,0.0,230.00039214241443,227.08205703155903,229.52052560368162,0.0,23972900
2024-12-16,0.0,229.58909606933594,0.0,230.7544756205968,227.5423448109859,228.0907552014469,0.0,32293500
2024-12-17,0.0,226.96066284179688,0.694,229.28851001226053,226.44990631512786,228.53219948069275,0.0,33064300
2024-12-18,0.0,216.91261291503906,0.0,228.93494409437133,215.0267596886117,228.10988611795233,0.0,52267500
2024-12-19,0.0,215.95004272460938,0.0,220.43876272388604,215.42946936558354,219.27975486414672,0.0,51871700
2024-12-20,0.0,217.973388671875,0.0,220.66466610181553,214.191865791085,214.71243910970657,0.0,53882200
2024-12-23,0.0,217.47247314453125,0.0,218.44485750430493,215.47857563442693,217.79660626026532,0.0,29606800
2024-12-24,0.0,219.41726684570312,0.0,219.65300411900046,216.55901423011798,218.07163550577496,0.0,13399600
2024-12-26,0.0,221.6665496826172,0.0,222.1183757389937,217.53142778290518,218.46453019587977,0.0,20024800
2024-12-27,0.0,218.43505859375,0.0,221.4308209803245,216.28400273277637,220.30126336575134,0.0,26956000
2024-12-30,0.0,216.7554473876953,0.0,217.86535640551986,213.9757889413865,216.74563062191436,0.0,25706100
2024-12-31,0.0,217.03048706054688,0.0,219.3092207346856,216.2348793897455,218.16984640390172,0.0,26208300
2025-01-02,0.0,217.207275390625,0.0,220.37982930867912,215.69466913791638,218.96543567696628,0.0,29363000
2025-01-03,0.0,220.4387664794922,0.0,220.82184517136156,217.4430191694131,218.1207507205216,0.0,24525300
2025-01-06,0.0,220.52716064453125,0.0,223.13002728713053,220.15391373448753,221.74509900374233,0.0,23541900
2025-01-07,0.0,218.75918579101562,0.0,222.49161022101623,217.44301972495398,221.56832462656337,0.0,28835200
2025-01-08,0.0,217.76715087890625,0.0,218.3564715809626,215.11515526365065,216.97154320187207,0.0,26795900
2025-01-10,0.0,212.9739227294922,0.0,214.82049382787343,211.4809500331961,214.42759838809627,0.0,37379400
2025-01-13,0.0,213.38645935058594,0.0,213.65166190851446,210.16479156605934,210.68536492842662,0.0,28603800
2025-01-14,0.0,215.8125457763672,0.0,216.3134706454767,213.3570052636991,215.28214063267015,0.0,25447500
2025-01-15,0.0,220.05567932128906,0.0,221.5683004455031,219.0341812141308,221.43079079670434,0.0,30124700
2025-01-16,0.0,220.49769592285156,0.0,221.22452623909058,218.74935247781386,220.1637310610742,0.0,21029800
2025-01-17,0.0,221.45046997070312,0.0,222.93361103002357,220.6745107835119,222.89431398925376,0.0,26754900
2025-01-21,0.0,225.70343017578125,0.0,225.80165778038318,222.95323709606586,223.473810428114,0.0,26086300
2025-01-22,0.0,224.23013305664062,0.0,225.76240294099503,223.778321990845,225.27129483365107,0.0,21307300
2025-01-23,0.0,225.2516326904297,0.0,225.2712812100156,222.52107297772653,222.89430492528373,0.0,20850700
2025-01-24,0.0,224.6230010986328,0.0,226.1356072900273,223.98455164461038,224.75069398692293,0.0,19074500
2025-01-27,0.0,222.47195434570312,0.0,225.53646388773294,221.20490212734197,222.6782263283069,0.0,27461700
2025-01-28,0.0,222.71751403808594,0.0,223.5131067288331,221.17542747459493,222.7076972719711,0.0,16847400
2025-01-29,0.0,222.2067413330078,0.0,224.16135674308512,220.58609078320754,222.6487355750053,0.0,20280500
2025-01-30,0.0,224.46585083007812,0.0,225.95882354309512,222.88448226240698,224.45603406425948,0.0,25575100
2025-01-31,0.0,222.4523162841797,0.0,226.224037806407,221.52903067684878,224.68195120960334,0.0,35330700
2025-02-03,0.0,219.8494110107422,0.0,221.53882374458453,216.74560482648047,217.57066267674946,0.0,34023300
2025-02-04,0.0,222.894287109375,0.0,223.09074231467304,219.24045709219277,219.62352076263926,0.0,17985500
2025-02-05,0.0,225.32037353515625,0.0,225.41860114282613,222.85501645190075,224.0042075219806,0.0,15197300
2025-02-06,0.0,224.5836944580078,0.0,226.59724036355632,223.2577117793009,226.4106169155523,0.0,18809400
2025-02-07,0.0,221.98085021972656,0.0,225.1730527118244,221.56832123462388,224.78017224623014,0.0,28914400
2025-02-10,0.0,222.98269653320312,0.0,223.47380456847915,221.84332229438007,223.32646316543963,0.0,14574700
2025-02-11,0.0,221.68618774414062,0.0,222.39338458927574,220.81201594771377,221.0477532252353,0.0,18215700
2025-02-12,0.0,219.64317321777344,0.0,220.4878797160803,217.84571584390778,218.30735863876325,0.0,25572800
2025-02-13,0.0,222.11834716796875,0.0,222.31478738952217,219.7708512999491,221.03790346828265,0.0,21419400
2025-02-14,0.0,221.95138549804688,0.0,223.9256345719316,221.5977870831421,223.22826949561576,0.0,13574500
2025-02-18,0.0,223.16932678222656,0.0,223.62113779548287,221.49954742148518,222.12816512628874,0.0,15166500
2025-02-19,0.0,222.40318298339844,0.0,223.11037977011387,221.0772002488782,221.40133335840844,0.0,16194800
2025-02-20,0.0,220.27178955078125,0.0,222.16747452361776,219.04401935688657,221.9906678222338,0.0,18507700
2025-02-21,0.0,213.92666625976562,0.0,222.33443354738372,213.59271638792754,221.98083515737045,0.0,45036900
2025-02-24,0.0,212.38458251953125,0.0,214.89905333059323,211.32378733597167,214.89905333059323,0.0,30246200
2025-02-25,0.0,211.57919311523438,0.0,213.40611582839364,209.69333982865538,212.522112264809,0.0,33665100
2025-02-26,0.0,211.8443603515625,0.0,214.52582108408765,211.0193024280601,212.2176072639495,0.0,25464200
2025-02-27,0.0,208.6128692626953,0.0,212.63996112063072,208.44589433028324,211.80507147114264,0.0,29378500
2025-02-28,0.0,210.83270263671875,0.0,210.84253439073453,207.2083374257828,207.87623725194013,0.0,32015400
2025-03-03,0.0,205.06707763671875,0.0,212.11939707900046,203.73126313159574,211.56934346959702,0.0,36330000
2025-03-04,0.0,202.74905395507812,0.0,206.03948402123686,199.57650001724937,202.2677626506838,0.0,56427100
2025-03-05,0.0,204.76258850097656,0.0,205.12600365655967,201.1775057846117,202.7785078121956,0.0,35778500
2025-03-06,0.0,201.6293182373047,0.0,204.41880834257782,200.27385523389347,202.1204262834765,0.0,39206300
2025-03-07,0.0,202.2873992919922,0.0,203.42677354523028,198.14244622282752,201.32483172715283,0.0,43514000
2025-03-10,0.0,197.19955444335938,0.0,201.0989540309582,195.21547348491902,199.82206994904251,0.0,39442800
2025-03-11,0.0,197.17987060546875,0.0,199.60594543034344,194.99934979131072,197.54328574535262,0.0,51509700
2025-03-12,0.0,197.52366638183594,0.0,200.126533087139,196.00122840871802,199.43898480530692,0.0,36881700
2025-03-13,0.0,194.57704162597656,0.0,198.4371442251945,193.49659777540572,197.69066528407393,0.0,31336900
2025-03-14,0.0,199.28184509277344,0.0,199.4586518030126,195.7949745699902,196.6789781463263,0.0,34089400
2025-03-17,0.0,201.79627990722656,0.0,202.35615023701874,198.99697322054718,199.10501758309863,0.0,26947600
2025-03-18,0.0,200.04403686523438,0.46,200.7429668003809,199.19743488640796,200.6740651968452,0.0,22888000
2025-03-19,0.0,203.15480041503906,0.0,204.4443885279291,199.73886097562792,200.18186210111543,0.0,31595600
2025-03-20,0.0,201.86520385742188,0.0,204.07031051353653,201.01860188437485,201.13674252272432,0.0,25665900
2025-03-21,0.0,200.61497497558594,0.0,201.23516447440235,198.61660328057678,199.56165323015134,0.0,39470200
2025-03-24,0.0,205.6060028076172,0.0,205.9702334735223,203.46981278409487,203.73561044300249,0.0,25774700
2025-03-25,0.0,204.46409606933594,0.0,206.00964317133526,203.86359907737713,205.43867758709067,0.0,17836900
2025-03-26,0.0,202.386962890625,0.0,205.5666512279501,201.49113682576643,204.72004918157876,0.0,19344600
2025-03-27,0.0,201.42221069335938,0.0,203.13510718916223,200.5854475441377,202.13099441430816,0.0,23960000
2025-03-28,0.0,197.3270263671875,0.0,201.3926866057246,196.27370456263668,201.35330138587474,0.0,26656200
2025-03-31,0.0,196.38198852539062,0.0,197.5140657320926,192.44430777712637,194.40329433590944,0.0,32250800
2025-04-01,0.0,196.40167236328125,0.0,198.0948763405958,193.59608375350783,195.8897846648823,0.0,26054100
2025-04-02,0.0,199.5026092529297,0.0,200.1621690105725,193.4779471755619,193.71421344051814,0.0,36603000
2025-04-03,0.0,186.69528198242188,0.0,192.02099878563328,186.25229590360786,190.10138243006594,0.0,60551500
2025-04-04,0.0,178.36708068847656,0.0,181.18252278109773,173.91749762144715,179.76495543081873,0.0,92612800
2025-04-07,0.0,176.75265502929688,0.0,187.28594846991018,169.05448163240882,171.60414144019973,0.0,96706200
2025-04-08,0.0,172.0963592529297,0.0,183.02341526532038,169.65498616190357,182.7970028085368,0.0,61090600
2025-04-09,0.0,186.72482299804688,0.0,189.11697198047577,169.06433659668306,170.02906422125838,0.0,123015100
2025-04-10,0.0,178.87901306152344,0.0,182.5902666474656,174.2226943903296,181.64523160433626,0.0,67503000
2025-04-11,0.0,181.48773193359375,0.0,181.97010330099954,175.79778365001454,178.3178972816405,0.0,44954400
2025-04-14,0.0,183.6239013671875,0.0,185.04146887911438,180.1981232274045,184.88395803977573,0.0,35214600
2025-04-15,0.0,183.85032653808594,0.0,186.10465739663329,182.94466168078245,183.43687182199486,0.0,30715500
2025-04-16,0.0,182.0882110595703,0.0,183.82078525597765,179.71575470132603,182.80683362123705,0.0,35063300
2025-04-17,0.0,183.57467651367188,0.0,184.50987270874975,181.58615850508195,182.10790001457994,0.0,42359200
2025-04-21,0.0,179.89295959472656,0.0,182.40321918331313,177.95365052531338,182.11774392372644,0.0,26019000
2025-04-22,0.0,184.5492706298828,0.0,185.16946021146518,181.67476522202804,182.2654083759081,0.0,34477100
2025-04-23,0.0,187.2859649658203,0.0,192.46401041616292,186.88234903153557,189.91436540486313,0.0,44866100
2025-04-24,0.0,191.0365753173828,0.0,191.34174316596335,186.93154502109755,187.78798576015384,0.0,29820100
2025-04-25,0.0,191.09564208984375,0.0,191.2334603153228,188.56569001760815,189.71745983505315,0.0,25029000
2025-04-28,0.0,191.9028778076172,0.0,193.09401784785553,189.5304215005814,191.46973051259948,0.0,22482300
2025-04-29,0.0,193.03494262695312,0.0,193.79295034449564,190.0029267778424,191.44018679880074,0.0,20118200
2025-04-30,0.0,191.8241424560547,0.0,192.43447824230591,187.74864296821514,190.13093831897527,0.0,29046100
2025-05-01,0.0,193.01528930664062,0.0,194.59035272402608,190.72158827789346,192.66089740904317,0.0,33169700
2025-05-02,0.0,197.35655212402344,0.0,198.07518966564717,195.09238272137367,195.2400547599946,0.0,30201800
2025-05-05,0.0,195.84056091308594,0.0,197.37625405246862,194.99395892329028,195.47633023853146,0.0,20834200
2025-05-06,0.0,193.70437622070312,0.0,195.49601325940813,192.59197653478117,193.52717276527991,0.0,24642100
2025-05-07,0.0,194.34425354003906,0.0,195.4664920795599,192.98574872128057,195.01366715401485,0.0,23623300
2025-05-08,0.0,198.045654296875,0.0,199.58136247054014,195.17114903309152,196.65763319113512,0.0,32646300
2025-05-09,0.0,197.68142700195312,0.0,199.1285259638383,196.84467880631055,198.40004957493107,0.0,17203000
2025-05-12,0.0,204.6314239501953,0.0,206.46244613899125,202.61337453946038,205.58631275419998,0.0,38207200
2025-05-13,0.0,205.37960815429688,0.0,206.34433582435523,204.72004836816075,205.6749222219239,0.0,28295800
2025-05-14,0.0,203.5584259033203,0.0,205.29100020221273,203.31232083137792,204.7987900583279,0.0,26316100
2025-05-15,0.0,204.88739013671875,0.0,204.9464529479735,202.1900732612843,203.3615357547068,0.0,21563700
2025-05-16,0.0,206.58059692382812,0.0,206.8562333940818,204.5428397818871,205.17286814547572,0.0,28906400
2025-05-19,0.0,205.7142791748047,0.0,205.83240478562215,203.0464939690551,203.57808925985242,0.0,25859600
2025-05-20,0.0,205.8225860595703,0.0,206.49198461421523,204.7200401949501,205.40913136033774,0.0,22053100
2025-05-21,0.0,200.04403686523438,0.0,204.37547976742619,199.67979117433887,203.41075217050405,0.0,36704400
2025-05-22,0.0,200.0341796875,0.0,201.1859495077548,198.3901997720392,199.1383537091707,0.0,31831300
2025-05-23,0.0,199.40415954589844,0.0,200.09325070324084,196.53949306923857,196.66747250598098,0.0,29114600
2025-05-27,0.0,204.46409606933594,0.0,204.5133200892136,200.97925476950178,202.43619262729655,0.0,31655900
2025-05-28,0.0,202.3081817626953,0.0,204.78892477287937,202.00301391633107,204.47391813249226,0.0,26046700
2025-05-29,0.0,202.90867614746094,0.0,203.83403349017135,201.28438891129693,203.7257466730231,0.0,32749500
2025-05-30,0.0,201.87506103515625,0.0,203.03666968067486,200.36888428433127,201.94396263936918,0.0,37768900
2025-06-02,0.0,202.5050811767578,0.0,202.63304558541984,199.5124354275224,202.12115790865207,0.0,30334300
2025-06-03,0.0,205.7733612060547,0.0,206.3443267467846,202.34758298273613,203.24340900462582,0.0,37702200
2025-06-04,0.0,205.1925506591797,0.0,206.73808257554373,204.89722159242328,205.92101199997714,0.0,27225300
2025-06-05,0.0,205.28115844726562,0.0,206.5609078071276,203.77499663037818,205.4485080912463,0.0,35728700
2025-06-06,0.0,208.5986328125,0.0,208.82506027197098,207.31889857891292,208.20487074386705,0.0,32144500
2025-06-09,0.0,210.035888671875,0.0,210.9415534283343,209.23851073526737,210.53793755242728,0.0,33984400
2025-06-10,0.0,211.16796875,0.0,212.07363351884467,210.47887762382038,211.1187597575343,0.0,30182200
2025-06-11,0.0,210.3016815185547,0.0,212.56583584743188,209.97682106642355,212.22129780745726,0.0,31113400
2025-06-12,0.0,209.46493530273438,0.0,209.94730662293563,208.3328580468477,208.86443836169224,0.0,25367000
2025-06-13,0.0,205.63555908203125,0.0,208.14583389050102,204.97599927324399,206.57075537744416,0.0,60580000
2025-06-16,0.0,208.05996704101562,0.576,209.22478761441334,206.94449152785754,207.77368736613334,0.0,28974000
2025-06-17,0.0,205.86849975585938,0.0,207.74406382821977,205.69080633513596,206.37193683315343,0.0,32843200
2025-06-18,0.0,206.95437622070312,0.0,208.67200923735928,205.10842494820088,205.7599424782356,0.0,42850500
2025-06-20,0.0,206.52003479003906,0.0,208.53379833338525,205.7796781095655,208.39559902220066,0.0,36978100
2025-06-23,0.0,209.047119140625,0.0,209.0569851406209,204.15088693807917,205.79941269311942,0.0,35516400
2025-06-24,0.0,211.71238708496094,0.0,212.16646405814592,209.62951645771383,210.54755146606246,0.0,31772500
2025-06-25,0.0,209.24453735351562,0.0,211.96904445525323,209.1655641684891,211.89995233247683,0.0,27725600
2025-06-26,0.0,212.6403045654297,0.0,212.7785038706974,209.96514258031135,210.09347588612943,0.0,26261200
2025-06-27,0.0,212.7093963623047,0.0,214.61458863479757,211.37676343409765,213.27207464456143,0.0,47717300
2025-06-30,0.0,213.01541137695312,0.0,213.92359546740488,212.6205605170483,213.89396734344697,0.0,25558000
2025-07-01,0.0,215.20687866210938,0.0,217.69448137462857,211.39650893632347,211.8604670034924,0.0,43864800
2025-07-02,0.0,218.18804931640625,0.0,218.2571565036365,214.56523908295677,215.56224732837083,0.0,35735200
2025-07-03,0.0,220.21168518066406,0.0,220.4584707322298,218.91853130047468,219.1554357899172,0.0,23515700
2025-07-07,0.0,216.90475463867188,0.0,219.95503552995055,215.60173474769604,218.72110776146081,0.0,41551200
2025-07-08,0.0,218.40521240234375,0.0,219.43183366586848,217.49704338314254,217.74382893387966,0.0,36339300
2025-07-09,0.0,220.77435302734375,0.0,220.81384715147405,218.27688439822424,219.70825267734543,0.0,32425200
2025-07-10,0.0,221.90956115722656,0.0,223.14348886043334,219.9945029518346,220.51768709298673,0.0,33865900
2025-07-11,0.0,218.84942626953125,0.0,220.66576433190576,218.72110802401878,220.3005265320247,0.0,31579600
2025-07-14,0.0,220.3202667236328,0.0,220.46833202637427,218.21764904913778,218.52366071653304,0.0,24632200
2025-07-15,0.0,216.00645446777344,0.0,221.34688210052425,215.97682634541624,221.18895080265176,0.0,44215400
2025-07-16,0.0,218.17816162109375,0.0,218.52365233510406,214.12100679305084,217.38844489070848,0.0,48199800
2025-07-17,0.0,221.04086303710938,0.0,221.31726162737027,217.87214524783502,218.23738301440974,0.0,43548000
2025-07-18,0.0,219.47132873535156,0.0,222.46236841817446,219.12582293779198,222.39326123362468,0.0,49009900
2025-07-21,0.0,218.5828857421875,0.0,221.52458028439332,218.40520737978818,220.66575634501376,0.0,28191400
2025-07-22,0.0,220.3992462158203,0.0,220.93229638354478,217.8228044361967,218.77045252606123,0.0,30873300
2025-07-23,0.0,223.76536560058594,0.0,223.79499372138375,221.18893916122266,221.92929574152515,0.0,37478100
2025-07-24,0.0,220.67562866210938,0.0,222.9460585992269,220.6065214821853,222.62029988514277,0.0,29446700
2025-07-25,0.0,221.49497985839844,0.0,221.7121523554483,219.67862669556362,221.5344589203188,0.0,24555500
2025-07-28,0.0,221.23831176757812,0.0,222.5413467412238,220.5571812188629,222.4228944936542,0.0,24934900
2025-07-29,0.0,219.8267059326172,0.0,222.78813262698068,219.20480150677042,222.7091594409529,0.0,28685900
2025-07-30,0.0,218.7112274169922,0.0,222.0378918717272,217.28974021301198,220.7842320998958,0.0,48924400
2025-07-31,0.0,216.5691375732422,0.0,219.16532651015228,216.06570044839683,217.62538701053555,0.0,42913900
2025-08-01,0.0,212.15660095214844,0.0,213.7755135663106,209.6097722550041,213.4398888315367,0.0,63854100
2025-08-04,0.0,216.90475463867188,0.0,216.9146357008805,213.3016915797198,213.76564962567952,0.0,34989600
2025-08-05,0.0,218.0103759765625,0.0,218.4150928589881,215.43393405382557,217.72409628370525,0.0,31337100
2025-08-06,0.0,217.72406005859375,0.0,218.14853899588238,216.55923960586298,218.10904487666835,0.0,23142100
2025-08-07,0.0,217.01333618164062,0.0,219.97476276183528,215.70043525690966,219.89578957885206,0.0,37088000
2025-08-08,0.0,217.48716735839844,0.0,218.7210950552051,216.91462309956887,218.22752397648242,0.0,28318100
2025-08-11,0.0,217.43783569335938,0.0,218.82969486993377,216.9837436139677,217.93140683667403,0.0,25212800
2025-08-12,0.0,223.8937225341797,0.0,224.06153490258876,218.30649400321786,218.99750560120134,0.0,43815500
2025-08-13,0.0,228.24700927734375,0.0,228.48392881603255,224.90059798915803,225.3250618838907,0.0,41705800
2025-08-14,0.0,225.3053436279297,0.0,225.85814085599296,223.2619520214157,225.5027690575816,0.0,55945500
2025-08-15,0.0,224.20962524414062,0.0,225.83840394018634,223.13362873839753,225.7002046269618,0.0,33571400
2025-08-18,0.0,225.02896118164062,0.0,225.5225323225296,224.0220718367003,224.28860447030718,0.0,20144100
2025-08-19,0.0,223.30145263671875,0.0,226.03582579521068,222.78813445462478,225.0881776802936,0.0,25000700
2025-08-20,0.0,222.51173400878906,0.0,223.46926317831446,220.81384816566745,223.02503712408065,0.0,29229700
2025-08-21,0.0,223.06454467773438,0.0,223.41005050458477,220.9027006506669,221.52460511395918,0.0,24539400
2025-08-22,0.0,231.81060791015625,0.0,232.39301820136592,224.2589609358569,224.44652036652317,0.0,58205500
2025-08-25,0.0,229.37237548828125,0.0,231.28743387728778,229.37237548828125,231.12948750111096,0.0,28453700
2025-08-26,0.0,231.26766967773438,0.0,231.85007995131008,229.59939697664947,229.83631652335905,0.0,25121500
2025-08-27,0.0,232.9063262939453,0.0,233.0840046547245,230.5569231063482,230.73461652972154,0.0,25395400
2025-08-28,0.0,233.1827392578125,0.0,233.9230959318435,232.32393033596696,233.9132299320573,0.0,25011200
2025-08-29,0.0,232.146240234375,0.0,233.97245941490698,231.35652342488564,233.696060790975,0.0,29254800
2025-09-02,0.0,230.89254760742188,0.0,231.38611869257034,228.49379936364545,229.0071175097262,0.0,33108600
2025-09-03,0.0,230.66549682617188,0.0,232.23504917822936,229.4710632988552,230.2706460041451,0.0,33252400
2025-09-04,0.0,233.54795837402344,0.0,233.62693155377835,230.57666591589012,231.2183022903322,0.0,30323800
2025-09-05,0.0,234.7128143310547,0.0,236.59824455954256,231.92906598766356,234.66345420659692,0.0,47542500
2025-09-08,0.0,235.18663024902344,0.0,235.49264192243828,233.35054514593966,235.4432817996887,0.0,31487700
2025-09-09,0.0,233.8046417236328,0.0,234.90037019451506,232.39302051110036,234.84112900850943,0.0,35395800
2025-09-10,0.0,233.3900146484375,0.0,235.20636767811112,232.43250060676365,234.25870457295122,0.0,33910200
2025-09-11,0.0,237.703857421875,0.0,237.8321756721391,233.20249116035097,233.80464853689844,0.0,43629800
2025-09-12,0.0,235.2754669189453,0.0,237.23001930826635,235.1372676142797,237.11155200241402,0.0,46097600
2025-09-15,0.0,236.27249145507812,0.0,236.95360692009518,235.482774683027,236.15402414858397,0.0,33014000
2025-09-16,0.0,235.8834228515625,0.677,236.5268792302801,234.37870649948132,236.05171121052987,0.0,37059300
2025-09-17,0.0,236.4873046875,0.0,241.82309283761904,234.6361175043934,236.41801658441796,0.0,79955600
2025-09-18,0.0,242.37744140625,0.0,242.68432106732647,237.7148221651041,238.378081617664,0.0,49167700
2025-09-19,0.0,240.53616333007812,0.0,243.1001252339392,240.0708892648207,243.1001252339392,0.0,56092000
2025-09-22,0.0,241.93197631835938,0.0,242.32794716059283,238.68496707502325,239.8036066070458,0.0,53572900
2025-09-23,0.0,241.3875274658203,0.0,244.6939311315713,240.99155658686743,242.54575814734432,0.0,41854500
2025-09-24,0.0,239.1700439453125,0.0,242.1497645590887,239.1304377979391,241.44689894374463,0.0,36002200
2025-09-25,0.0,236.88328552246094,0.0,237.5762572143825,235.1607955936703,236.57640582734632,0.0,37209500
2025-09-26,0.0,238.91265869140625,0.0,239.24923543070918,236.92288020930596,237.20995681510672,0.0,28942800
2025-09-29,0.0,239.18984985351562,0.0,240.48667182885148,238.38799902023592,240.3975806485583,0.0,26391500
2025-09-30,0.0,239.5264129638672,0.0,239.69470131933102,236.9921483322152,238.6849560812293,0.0,33447700
2025-10-01,0.0,240.05108642578125,0.0,240.59554254451717,238.1305961656523,238.15039923888673,0.0,28520000
2025-10-02,0.0,241.56570434570312,0.0,241.63499244621988,239.04134866790474,240.55595905351987,0.0,28687400
2025-10-03,0.0,243.3574981689453,0.0,245.5947621520336,242.56554137053507,242.882330132027,0.0,34579600
2025-10-06,0.0,244.32765197753906,0.0,245.9808537743112,243.59510435694185,245.23839706349807,0.0,31507400
2025-10-07,0.0,241.7042999267578,0.0,245.14929467797418,240.74405474957226,244.87211206036596,0.0,31766600
2025-10-08,0.0,244.23854064941406,0.0,244.47613221518986,241.34791123974495,242.8130214653977,0.0,25825000
2025-10-09,0.0,242.66455078125,0.0,244.76322353661786,241.55580517955747,243.83267539631095,0.0,26243100
2025-10-10,0.0,235.3983612060547,0.0,244.40684173178923,235.17067871782675,243.27830816992383,0.0,70569400
2025-10-13,0.0,241.95179748535156,0.0,242.1695859964621,238.97206154030303,239.39774457759017,0.0,36298600
2025-10-14,0.0,245.40667724609375,0.0,247.0895911520116,237.94251934224013,238.8037642643294,0.0,45320800
2025-10-15,0.0,247.812255859375,0.0,250.22771746958722,244.57514033386468,247.8419529197202,0.0,45369000
2025-10-16,0.0,242.59524536132812,0.0,248.73288429009156,241.54590899320883,248.44580768394042,0.0,52740400
2025-10-17,0.0,240.9618377685547,0.0,242.6942366418579,239.0413474578703,240.8727465946329,0.0,55379500
2025-10-20,0.0,245.6640625,0.0,245.83235086308986,243.66437500597584,244.13954303736594,0.0,32545000
2025-10-21,0.0,244.50582885742188,0.0,245.87193881868438,243.04070352893865,244.94139073595883,0.0,26337900
2025-10-22,0.0,240.8925323486328,0.0,244.37713313696236,238.34838873856384,243.5554792948248,0.0,46578400
2025-10-23,0.0,243.94155883789062,0.0,244.63451536741263,241.2291117305395,241.83297708597712,0.0,28591000
2025-10-24,0.0,246.92127990722656,0.0,248.58439068636054,246.4659149464381,247.2875687990915,0.0,26627000
2025-10-27,0.0,247.78253173828125,0.0,249.67332493547104,246.99057496981922,249.24764194147863,0.0,31798100
2025-10-28,0.0,246.45602416992188,0.0,248.3764994072075,245.61456723248935,247.04008646020955,0.0,28075900
2025-10-29,0.0,244.35733032226562,0.0,248.61408482596775,242.2289606230742,246.33721473279505,0.0,56235300
2025-10-30,0.0,242.3873748779297,0.0,245.64427835398925,242.16958636648639,242.8031488255977,0.0,44538700
2025-10-31,0.0,243.7534637451172,0.0,244.30782896042214,241.23901720274992,242.525945084176,0.0,37214700
2025-11-03,0.0,242.97142028808594,0.0,243.78316505169664,240.05109376742826,243.69407387739537,0.0,28887900
2025-11-04,0.0,238.77406311035156,0.0,241.6052984953929,238.5760776852037,239.3581254013996,0.0,34468700
2025-11-05,0.0,242.2190704345703,0.0,243.2585128522724,239.20965254207377,239.52644132303155,0.0,38229200
2025-11-06,0.0,237.9326171875,0.0,242.32794792938515,237.58613137045697,241.8032797643676,0.0,40601200
2025-11-07,0.0,239.17994689941406,0.0,239.22944703282755,233.8936589257654,236.01213473011074,0.0,54978900
2025-11-10,0.0,241.5756072998047,0.0,242.77344407479757,239.8135112941802,242.5457464802977,0.0,31238000
2025-11-11,0.0,241.7834930419922,0.0,242.2784641515649,240.0807912166365,240.9222330397184,0.0,27357900
2025-11-12,0.0,241.1895294189453,0.0,243.90197662448261,240.88264973799986,242.3774570990297,0.0,34543200
2025-11-13,0.0,234.40841674804688,0.0,240.23917594700544,233.46797463956707,239.40762808931717,0.0,65710000
2025-11-14,0.0,235.0914764404297,0.0,236.32890422734818,230.9238281130673,230.99311621436848,0.0,58344400
2025-11-17,0.0,230.4189453125,0.0,235.44785359451498,229.42900309411877,234.08174360476613,0.0,55765900
2025-11-18,0.0,231.12181091308594,0.0,232.71561848874902,228.63706138308774,228.9835320962983,0.0,63092500
2025-11-19,0.0,231.08221435546875,0.0,233.99264701488394,230.09227209609327,231.44850326305536,0.0,57280500
2025-11-20,0.0,226.8056640625,0.0,236.6951923407463,226.5977695486449,234.85389919569107,0.0,95483000
2025-11-21,0.0,233.2303924560547,0.0,234.72519976637832,227.2709360779581,227.64711895426345,0.0,99504100
2025-11-24,0.0,237.4871368408203,0.0,237.97221397532837,233.11159396174287,233.5867771117866,0.0,36135300
2025-11-25,0.0,242.66455078125,0.0,243.0803247173897,237.62573320292003,238.3187048684729,0.0,46160800
2025-11-26,0.0,244.81271362304688,0.0,246.32732400872175,242.30816101900572,242.58534363172274,0.0,34636600
2025-11-28,0.0,246.24813842773438,0.0,246.3075325467853,244.58504267302737,245.51557571369236,0.0,18911800
2025-12-01,0.0,243.1496124267578,0.0,245.19880015011154,242.87242980311385,243.10012739814434,0.0,36920000
2025-12-02,0.0,242.70413208007812,0.0,244.88200194135698,242.65463194805187,244.88200194135698,0.0,31918500
2025-12-03,0.0,247.11927795410156,0.0,247.3271573585818,243.01100873207628,243.4960858513957,0.0,32846300
2025-12-04,0.0,249.28726196289062,0.0,250.11880981866526,246.04023752093855,246.465920538624,0.0,40245800
2025-12-05,0.0,248.24783325195312,0.0,250.11882358306931,247.7627560900635,248.96059291193268,0.0,36956600
2025-12-08,0.0,248.3468017578125,0.0,250.22770105309212,247.66373920404524,250.15839784661966,0.0,29100000
2025-12-09,0.0,248.861572265625,0.0,250.40587970070493,247.58455345748408,247.7330387472728,0.0,30170100
2025-12-10,0.0,252.24717712402344,0.0,253.98948511563796,248.02011957386546,248.37649938075754,0.0,51105200
2025-12-11,0.0,255.2070770263672,0.0,255.41498663183992,251.76209764082992,252.07887127759022,0.0,41345200
2025-12-12,0.0,251.29684448242188,0.0,255.60309928253793,250.89096453742667,255.35561372173402,0.0,57657700
2025-12-15,0.0,249.39613342285156,0.0,253.1183257954995,249.20805709163997,252.97973449047447,0.0,43120100
2025-12-16,0.0,248.2161407470703,0.842,250.46092232280134,246.79578351638534,248.65317840450373,0.0,43115300
2025-12-17,0.0,245.57406616210938,0.0,250.4609126635403,245.0376962737726,248.68296545809284,0.0,38132400
2025-12-18,0.0,247.0341796875,0.0,249.66631772265367,246.53754872569937,248.4942607716976,0.0,39068000
2025-12-19,0.0,249.1001434326172,0.0,249.70603379347858,247.38180460170489,247.600323430604,0.0,43610400
2025-12-22,0.0,251.87135314941406,0.0,253.40096979906494,250.50064688442097,250.58010965473676,0.0,40497300
2025-12-23,0.0,250.3814697265625,0.0,251.51378772320732,249.76565217841468,250.7191751461291,0.0,24973500
2025-12-24,0.0,251.00723266601562,0.0,251.1562158953025,249.42793465570244,250.27221337092664,0.0,12103000
2025-12-26,0.0,249.7259063720703,0.0,251.04694652462595,248.71277498515283,250.8780938194687,0.0,17429900
2025-12-29,0.0,248.19630432128906,0.0,249.80538385245455,247.6698766930442,248.57373356140485,0.0,25218800
2025-12-30,0.0,246.3587646484375,0.0,248.46447517015454,246.27930187230055,248.28569529082756,0.0,22123600
2025-12-31,0.0,244.50135803222656,0.0,246.6070684541582,244.35235965053997,246.50773619970047,0.0,35352000
