Date,Capital Gains,Close,Dividends,High,Low,Open,Stock Splits,Volume
2015-01-02,0.0,94.56114959716797,0.0,95.71858622264641,94.10184734656333,95.31440500782371,0.0,31314600
2015-01-05,0.0,93.174072265625,0.0,94.25802606013463,92.90767606943902,94.1477909763481,0.0,36521300
2015-01-06,0.0,91.92474365234375,0.0,93.46799935195509,91.51137446839601,93.31183828321,0.0,66205500
2015-01-07,0.0,93.10978698730469,0.0,93.33025018618422,92.31059825481813,92.53106846209639,0.0,37577400
2015-01-08,0.0,94.8918685913086,0.0,95.07558672848766,93.7987267524194,93.89977383038719,0.0,40212600
2015-01-09,0.0,94.26720428466797,0.0,95.21336587833613,93.71603593134185,95.18580886234918,0.0,41410100
2015-01-12,0.0,93.28428649902344,0.0,94.55195814143683,93.0454473750687,94.45091108931737,0.0,34129800
2015-01-13,0.0,93.25670623779297,0.0,95.18578089075696,92.50345098578421,94.193686556386,0.0,56162300
2015-01-14,0.0,92.7423095703125,0.0,93.2199878354847,91.92475212517918,92.31975234090396,0.0,51354200
2015-01-15,0.0,91.5389404296875,0.0,93.32102840571753,91.42870536593871,93.17405532911535,0.0,51005400
2015-01-16,0.0,92.61372375488281,0.0,92.73313984051453,91.27256176022875,91.41953486497566,0.0,35362200
2015-01-20,0.0,93.34859466552734,0.0,93.58742679678025,92.12684896117871,93.17405756250714,0.0,30964100
2015-01-21,0.0,93.82626342773438,0.0,94.26719667311299,92.74230983325793,93.07300801519287,0.0,40128800
2015-01-22,0.0,95.56243896484375,0.0,95.66348603526734,93.36697444999896,94.19372002237502,0.0,40887200
2015-01-23,0.0,95.773681640625,0.0,96.06763472204875,95.27763450164849,95.55321157326148,0.0,34783000
2015-01-26,0.0,95.66345977783203,0.0,95.83799685309307,95.17660057673041,95.66345977783203,0.0,19960900
2015-01-27,0.0,93.18325805664062,0.0,94.21209078056867,92.87092883087868,94.15697674418604,0.0,45253200
2015-01-28,0.0,92.70557403564453,0.0,94.78162238247754,92.6872050274411,94.6805753163664,0.0,43591700
2015-01-29,0.0,93.59662628173828,0.0,93.77116340616116,91.82371904482324,92.63208860562908,0.0,46539700
2015-01-30,0.0,92.87090301513672,0.0,94.2304406046357,92.74229896039436,93.51393029724387,0.0,42927600
2015-02-02,0.0,93.67927551269531,0.0,93.76194654088582,91.63078471065795,93.08218127831528,0.0,43624700
2015-02-03,0.0,94.5794906616211,0.0,94.64379267737297,93.40367836879005,94.01914152075723,0.0,30750400
2015-02-04,0.0,94.49684143066406,0.0,95.12149273128955,93.98241817765764,94.1937002829203,0.0,34073200
2015-02-05,0.0,95.31438446044922,0.0,95.37868648133613,94.49682719128937,94.73565926407238,0.0,23605500
2015-02-06,0.0,94.7356948852539,0.0,95.69104456078702,94.39581565065278,95.46139339864148,0.0,34169300
2015-02-09,0.0,94.43254852294922,0.0,94.88266278046788,94.20289739036266,94.36824648616084,0.0,22604700
2015-02-10,0.0,95.90233612060547,0.0,96.03094022334982,94.80919423888055,94.9561743611015,0.0,23686500
2015-02-11,0.0,96.25138854980469,0.0,96.4718516907278,95.82883127620335,96.01254939223979,0.0,20303600
2015-02-12,0.0,97.3720703125,0.0,97.4088153309839,96.72905001002101,96.87602307556092,0.0,22520300
2015-02-13,0.0,98.20803833007812,0.0,98.22640734159687,97.46396370820334,97.6476888653815,0.0,29030200
2015-02-17,0.0,98.29988098144531,0.0,98.36418302361514,97.95999475374934,98.20802192240225,0.0,17675300
2015-02-18,0.0,98.43766021728516,0.0,98.49277424383317,98.05184100626094,98.18044507380367,0.0,15149600
2015-02-19,0.0,98.92451477050781,0.0,98.98881680122173,98.34578948568681,98.37334649765053,0.0,19828100
2015-02-20,0.0,99.58592987060547,0.0,99.64104390492602,98.5479021682548,98.86023138233102,0.0,28336700
2015-02-23,0.0,99.68697357177734,0.0,99.71453759834144,99.31034930950236,99.53081246323399,0.0,17868000
2015-02-24,0.0,99.76045227050781,0.0,99.87987534683354,99.25522397536429,99.5583581490918,0.0,19745000
2015-02-25,0.0,99.51241302490234,0.0,99.99927221936942,99.29194293018901,99.61346006621383,0.0,19472300
2015-02-26,0.0,100.0176773071289,0.0,100.0727983548912,99.33791179084035,99.61349600445884,0.0,22255500
2015-02-27,0.0,99.57671356201172,0.0,100.04520374578087,99.42055250355368,99.98089471282104,0.0,27757600
2015-03-02,0.0,100.47697448730469,0.0,100.5137195144562,99.75127596995618,99.76965198773061,0.0,22988600
2015-03-03,0.0,100.00846862792969,0.0,100.27486475846068,99.37462931706646,100.17381770865941,0.0,20788900
2015-03-04,0.0,99.6226577758789,0.0,99.82475189240381,99.08068447101334,99.67777881300154,0.0,21007400
2015-03-05,0.0,99.79720306396484,0.0,100.10034426361753,99.38383379781803,99.87988112223236,0.0,15381000
2015-03-06,0.0,98.66732025146484,0.0,99.86150198771409,98.41929309280303,99.66859586897529,0.0,30990400
2015-03-09,0.0,98.95205688476562,0.0,99.20007696349423,98.46519772431697,98.86937885292632,0.0,26237100
2015-03-10,0.0,97.1148681640625,0.0,98.27231178810302,97.1148681640625,98.24474776624817,0.0,34234500
2015-03-11,0.0,96.55453491210938,0.0,97.3812804952777,96.51778988525776,97.2618574059106,0.0,25459700
2015-03-12,0.0,97.18833923339844,0.0,97.29856726571583,96.41670796520299,96.48100998685305,0.0,21473200
2015-03-13,0.0,96.76579284667969,0.0,97.48231023026123,96.15951753244424,97.09649102113394,0.0,42021100
2015-03-16,0.0,98.01509094238281,0.0,98.05183596098945,97.0230034735864,97.12405052265574,0.0,25674100
2015-03-17,0.0,98.17125701904297,0.0,98.32741808863581,97.51904872098264,97.7486998262882,0.0,19603800
2015-03-18,0.0,99.13581085205078,0.0,99.58593217072179,97.3996486468832,97.9048840011477,0.0,40622200
2015-03-19,0.0,99.28279113769531,0.0,99.5583683245584,99.089885004372,99.23685810235287,0.0,31314000
2015-03-20,0.0,99.92544555664062,0.248,100.4226337321864,99.90703430177541,100.10038408817952,0.0,31761400
2015-03-23,0.0,99.73206329345703,0.0,100.14638312590156,99.69523377120436,99.87017224577625,0.0,17268500
2015-03-24,0.0,99.37300109863281,0.0,100.18322965217155,99.3545898466381,99.7228710826466,0.0,22445300
2015-03-25,0.0,97.0988540649414,0.0,99.62161771961681,97.0620245267945,99.52954738650763,0.0,41581400
2015-03-26,0.0,96.76738739013672,0.0,97.31981636845933,95.97556994555192,96.29781959753049,0.0,47846300
2015-03-27,0.0,97.15409088134766,0.0,97.3842702169526,96.60166188079896,96.74898002735374,0.0,33878400
2015-03-30,0.0,98.26815032958984,0.0,98.35101150622985,97.74334180399198,97.74334180399198,0.0,30570200
2015-03-31,0.0,97.22775268554688,0.0,98.1945087320481,97.20013228842102,97.99194978710378,0.0,30488100
2015-04-01,0.0,96.7213363647461,0.0,97.24614484270238,96.09524844152509,97.22772656655562,0.0,32970500
2015-04-02,0.0,96.78577423095703,0.0,97.09881464133224,96.47272679606851,96.81339461722386,0.0,19164200
2015-04-06,0.0,97.57758331298828,0.0,97.84458504106456,96.06760108553365,96.21491916607077,0.0,24451100
2015-04-07,0.0,97.411865234375,0.0,98.24050494729833,97.411865234375,97.52234678302423,0.0,19379400
2015-04-08,0.0,98.18527221679688,0.0,98.3233811884365,97.4394936042626,97.44869571772823,0.0,25866900
2015-04-09,0.0,98.80216979980469,0.0,98.83899933421897,97.80780046868092,98.13925222937856,0.0,23114700
2015-04-10,0.0,99.2072525024414,0.0,99.21646163891083,98.54433516690209,98.76530527057754,0.0,17164300
2015-04-13,0.0,98.95864868164062,0.0,99.78728821491315,98.84816013243203,99.28089816952571,0.0,17783500
2015-04-14,0.0,98.67323303222656,0.0,99.1428006397194,98.11159513539528,98.8573806354163,0.0,23755700
2015-04-15,0.0,99.29015350341797,0.0,99.50192158012194,98.8113835825664,98.93107430665036,0.0,21128600
2015-04-16,0.0,99.15203857421875,0.0,99.32697006741597,98.88502974042686,99.02313872680402,0.0,16195300
2015-04-17,0.0,97.605224609375,0.0,98.47069393216728,97.18169557385662,98.2036921468845,0.0,46514000
2015-04-20,0.0,99.06917572021484,0.0,99.24411424736986,98.05638813963806,98.09321767296098,0.0,28945900
2015-04-21,0.0,99.49268341064453,0.0,99.81494000175717,99.37299272148313,99.64000151224045,0.0,22759800
2015-04-22,0.0,100.03590393066406,0.0,100.20163327243279,99.10597778937772,99.7504768826376,0.0,21429200
2015-04-23,0.0,100.41341400146484,0.0,100.86457048000446,99.67684446778333,99.69525572070663,0.0,29473200
2015-04-24,0.0,101.77606964111328,0.0,101.91417861178167,101.30650195064642,101.47223131054567,0.0,32508100
2015-04-27,0.0,101.51824951171875,0.0,102.34689614417768,101.29727239338794,102.15353940951007,0.0,31121300
2015-04-28,0.0,101.3156967163086,0.0,101.7852643401644,100.45942964904826,101.59190759394909,0.0,36849200
2015-04-29,0.0,100.68040466308594,0.0,101.34332204095368,100.12797585636727,100.75406371051866,0.0,34043900
2015-04-30,0.0,99.09678649902344,0.0,100.51469178406205,98.57197799299414,100.10958100584712,0.0,44080500
2015-05-01,0.0,100.40420532226562,0.0,100.4686552400551,99.46506992074576,99.48348819697944,0.0,32874300
2015-05-04,0.0,100.56991577148438,0.0,101.19600357991041,100.51466797768806,100.72643596746266,0.0,23507300
2015-05-05,0.0,98.9310531616211,0.0,100.35816752801789,98.88502151966543,100.17402691116668,0.0,47843300
2015-05-06,0.0,98.24971008300781,0.0,99.3913971944702,97.59600185690785,99.1059771727329,0.0,42687200
2015-05-07,0.0,98.83897399902344,0.0,99.11519192407042,98.14843621091963,98.2220952608673,0.0,29335800
2015-05-08,0.0,100.07276153564453,0.0,100.28452257234744,99.71368236513504,99.86099347442638,0.0,33023300
2015-05-11,0.0,99.68602752685547,0.0,100.33974278516614,99.61237550472627,100.13718391915587,0.0,19679300
2015-05-12,0.0,99.23491668701172,0.0,99.74131404864606,98.33261760112003,99.09680767706452,0.0,33665000
2015-05-13,0.0,99.43745422363281,0.0,100.18323288246542,99.29013610486787,99.66763351581714,0.0,20738400
2015-05-14,0.0,100.8921890258789,0.0,100.97505019928988,99.87940154527355,100.24768279311948,0.0,23904200
2015-05-15,0.0,100.8921890258789,0.0,101.28809768937636,100.64359145661692,101.14998870917687,0.0,23937400
2015-05-18,0.0,101.3341293334961,0.0,101.53668823452087,100.65280059556103,100.72645965493632,0.0,17631100
2015-05-19,0.0,101.22366333007812,0.0,101.6011537745077,101.05793393326339,101.44463351765923,0.0,14212900
2015-05-20,0.0,101.2880859375,0.0,101.89575554555297,100.75406835576207,101.29728805046831,0.0,21131900
2015-05-21,0.0,101.81292724609375,0.0,101.95103625484964,100.96586896168102,101.11318008637559,0.0,16771800
2015-05-22,0.0,101.71161651611328,0.0,102.07990475143949,101.62874832652082,101.69319824086438,0.0,13543800
2015-05-26,0.0,100.54230499267578,0.0,101.62875145686996,100.13719424340125,101.49064951081844,0.0,25488400
2015-05-27,0.0,102.16275787353516,0.0,102.27324644278872,100.62516216345118,100.84613227744502,0.0,30572700
2015-05-28,0.0,101.9325942993164,0.0,102.20881225267446,101.619553841724,101.9694238280651,0.0,17302400
2015-05-29,0.0,101.32494354248047,0.0,102.00627239017473,101.08555507320358,101.86816338772593,0.0,30383000
2015-06-01,0.0,101.66559600830078,0.0,101.94181399025186,100.83694908696265,101.86815492512956,0.0,24570200
2015-06-02,0.0,101.34334564208984,0.0,101.84053379127728,100.79091670671991,101.28810485590735,0.0,19449600
2015-06-03,0.0,101.64717864990234,0.0,102.02466904308271,101.39858107617277,101.80369888550116,0.0,20507200
2015-06-04,0.0,100.87378692626953,0.0,101.72085219589984,100.55153727046675,101.07634585977861,0.0,31374600
2015-06-05,0.0,100.6343765258789,0.0,100.99345561395687,100.01749076282248,100.75406721373368,0.0,22641700
2015-06-08,0.0,99.61239624023438,0.0,100.66201328758389,99.40983733205907,100.58835422560837,0.0,24549200
2015-06-09,0.0,99.44664001464844,0.0,99.80571906419223,98.70085450639273,99.37298097255922,0.0,27554600
2015-06-10,0.0,100.80931854248047,0.0,101.10394774878633,99.67684038445134,99.78732194649456,0.0,30297900
2015-06-11,0.0,100.9566421508789,0.0,101.41700074981176,100.7817036354397,101.14999191948894,0.0,17593500
2015-06-12,0.0,100.12800598144531,0.0,100.63440330426113,99.98989698208504,100.42263523530664,0.0,27201800
2015-06-15,0.0,99.63079071044922,0.0,99.78731092239497,98.80214396409883,99.3822001988009,0.0,31238800
2015-06-16,0.0,100.17403411865234,0.0,100.3397634955483,99.48349621900496,99.5295278642726,0.0,16456900
2015-06-17,0.0,100.45024108886719,0.0,100.77249069104788,99.83336227547636,100.33975952498494,0.0,23296700
2015-06-18,0.0,101.91416931152344,0.0,102.0891007688601,100.76327303516968,100.81851380859037,0.0,43032400
2015-06-19,0.0,101.41030883789062,0.254,102.04706706039087,101.33648036905895,101.96400827278765,0.0,27877600
2015-06-22,0.0,102.15779876708984,0.0,102.46233590872515,101.92709009142733,102.15779876708984,0.0,19120900
2015-06-23,0.0,102.24085235595703,0.0,102.33313441339858,101.81634925919018,102.26853626912254,0.0,18127900
2015-06-24,0.0,101.7148208618164,0.0,102.55459660512467,101.68713695301165,102.12087029940244,0.0,15815900
2015-06-25,0.0,101.5118179321289,0.0,102.2131742819567,101.3457074029768,102.11166190077095,0.0,18326700
2015-06-26,0.0,100.8381576538086,0.0,101.7240852765381,100.4597990388689,101.49337657160605,0.0,32311700
2015-06-29,0.0,98.45726013183594,0.0,100.27524605561848,98.41111556944352,99.72153946959632,0.0,50874900
2015-06-30,0.0,98.80793762207031,0.0,99.40778174653423,98.50340039940329,99.19552661055275,0.0,34809900
2015-07-01,0.0,99.59232330322266,0.0,99.9891425224605,99.1309059339075,99.78611775345459,0.0,21293000
2015-07-02,0.0,99.62003326416016,0.0,99.9614847413659,99.3155030717033,99.87843297269734,0.0,20499400
2015-07-06,0.0,99.38932037353516,0.0,99.96148057185091,98.78025297335425,98.9925010671022,0.0,24311000
2015-07-07,0.0,99.63848876953125,0.0,99.73077085462928,97.6636225776116,99.50006212154828,0.0,44230800
2015-07-08,0.0,97.90354919433594,0.0,99.04786951662702,97.71898503431294,98.9278964760078,0.0,39691500
2015-07-09,0.0,97.84819030761719,0.0,99.29704092244957,97.83895998657003,99.20475883399422,0.0,28381000
2015-07-10,0.0,99.3431625366211,0.0,99.7122978458364,98.78946309313332,99.14936808343388,0.0,26415800
2015-07-13,0.0,101.08735656738281,0.0,101.17040834593013,100.19220540389479,100.20143572617994,0.0,25780700
2015-07-14,0.0,101.75177001953125,0.0,102.02861624329157,101.17037957235969,101.22575444964855,0.0,21977200
2015-07-15,0.0,101.86249542236328,0.0,102.25931463968055,101.57641890778699,101.94555420958658,0.0,28631500
2015-07-16,0.0,103.30213928222656,0.0,103.32059288203155,102.49927039761688,102.70229519882885,0.0,29838900
2015-07-17,0.0,104.82479095458984,0.0,104.82479095458984,103.957331117947,104.13266492456447,0.0,35926800
2015-07-20,0.0,105.18473052978516,0.0,105.56308919752746,104.723313055527,105.04630387937333,0.0,26539000
2015-07-21,0.0,105.12010955810547,0.0,105.38772543932184,104.81557240140636,105.22161490300145,0.0,35468900
2015-07-22,0.0,103.92964935302734,0.0,104.4372042278093,103.51436950202006,103.51436950202006,0.0,35575000
2015-07-23,0.0,103.54206848144531,0.0,104.37262126362539,103.27445256782123,104.03117687143614,0.0,25698300
2015-07-24,0.0,102.5269546508789,0.0,104.28034234625105,102.37007440967666,104.09577818491564,0.0,30844700
2015-07-27,0.0,101.67791748046875,0.0,102.38849703135904,101.45643914574141,101.94554036190438,0.0,35994800
2015-07-28,0.0,102.55462646484375,0.0,102.75765124274929,101.31803124039453,102.13012331134608,0.0,33553500
2015-07-29,0.0,102.94220733642578,0.0,103.16368567955948,102.37927764043087,102.77609681890812,0.0,26714100
2015-07-30,0.0,103.43132019042969,0.0,103.6066540048003,102.08398230394882,102.70227989501812,0.0,25438100
2015-07-31,0.0,103.31135559082031,0.0,103.80968723998691,103.09910752436308,103.7543194036365,0.0,22081700
2015-08-03,0.0,102.98834991455078,0.0,103.61587778488212,102.30545421587755,103.32980128422237,0.0,25001800
2015-08-04,0.0,102.79457092285156,0.0,103.12679202416967,102.37006774687195,102.94222787484672,0.0,22132300
2015-08-05,0.0,103.58820343017578,0.0,104.28032951100101,103.24675202899392,103.36672505569948,0.0,28989900
2015-08-06,0.0,101.9271011352539,0.0,103.818915296933,101.4656837339342,103.68048866840293,0.0,42125400
2015-08-07,0.0,101.79792022705078,0.0,102.03785928342501,100.95814409074879,101.6779542191996,0.0,30006800
2015-08-10,0.0,102.96070098876953,0.0,103.18217941807049,102.43468531875955,102.44391564017651,0.0,21500800
2015-08-11,0.0,101.64102935791016,0.0,102.81303355490678,101.07809953869214,102.41621428956738,0.0,36123300
2015-08-12,0.0,101.99169158935547,0.0,102.19471635711493,99.86917592793898,100.93966055702941,0.0,41889000
2015-08-13,0.0,101.82563018798828,0.0,102.58236179319559,101.6041517165982,102.09325323456007,0.0,22510500
2015-08-14,0.0,101.98246002197266,0.0,102.13010990609719,101.3826160861681,101.5856408374253,0.0,17924900
2015-08-17,0.0,102.83150482177734,0.0,102.85918874540172,101.47493623880364,101.7333289135277,0.0,21224900
2015-08-18,0.0,102.30547332763672,0.0,102.77612107847474,102.16704669025245,102.69306227977567,0.0,13984400
2015-08-19,0.0,101.63180541992188,0.0,102.53618672353309,101.041191644749,101.99171046914685,0.0,42511400
2015-08-20,0.0,98.81717681884766,0.0,101.01352165819905,98.80794649714845,100.69053080545217,0.0,57747300
2015-08-21,0.0,94.4982681274414,0.0,98.25420481405273,94.4982681274414,97.42365223358117,0.0,97763400
2015-08-24,0.0,90.86229705810547,0.0,94.6182337302178,78.20100477550486,86.95871050596236,0.0,150829900
2015-08-25,0.0,90.52084350585938,0.0,94.81202585004198,90.44702208797582,94.19372835116764,0.0,75088300
2015-08-26,0.0,95.07967376708984,0.0,95.2642449620712,91.29605227836153,93.16940590322754,0.0,104103800
2015-08-27,0.0,97.48828887939453,0.0,97.55288704779589,95.31039771518797,96.45471114430035,0.0,69377700
2015-08-28,0.0,97.46980285644531,0.0,97.82047750531375,96.75921619971643,96.97147127710389,0.0,49919600
2015-08-31,0.0,96.26090240478516,0.0,97.46059054417839,96.02097040944352,96.92534463333087,0.0,39549400
2015-09-01,0.0,93.25247955322266,0.0,95.31962798154521,92.86488350236594,93.86154699198785,0.0,73155500
2015-09-02,0.0,95.88256072998047,0.0,95.90101433262774,93.85231944582661,94.94126505950143,0.0,43963600
2015-09-03,0.0,95.4118881225586,0.0,96.9161062916397,95.14426518928576,96.26089443735269,0.0,45131800
2015-09-04,0.0,94.27681732177734,0.0,94.91356861889119,93.75079466661785,94.10147643672418,0.0,49379600
2015-09-08,0.0,96.93457794189453,0.0,97.05454394326395,95.6887522452976,96.08557153065367,0.0,37343500
2015-09-09,0.0,95.84562683105469,0.0,98.10656936772399,95.59645748203677,98.07888544909335,0.0,47146700
2015-09-10,0.0,96.88844299316406,0.0,97.5252013851023,95.62416357118744,95.73489926323083,0.0,47686700
2015-09-11,0.0,97.42366027832031,0.0,97.42366027832031,96.16860450656498,96.4454577364731,0.0,29106100
2015-09-14,0.0,97.12834930419922,0.0,97.80202171318244,96.75921402697567,97.78356107695288,0.0,19718800
2015-09-15,0.0,98.27265930175781,0.0,98.5771964241426,96.99915002724363,97.35905497527307,0.0,30020200
2015-09-16,0.0,98.82638549804688,0.0,98.91867462005794,97.9496951643137,98.29114661000877,0.0,31329100
2015-09-17,0.0,98.86328887939453,0.0,100.33983018132771,98.41110180202962,98.72486929292518,0.0,56139800
2015-09-18,0.0,97.45716857910156,0.26,98.61351848406908,97.29065391047425,97.3461635052165,0.0,48384000
2015-09-21,0.0,97.76243591308594,0.0,98.5672578993778,96.88361290492963,97.99370586868486,0.0,35772600
2015-09-22,0.0,96.30081939697266,0.0,96.59684469255433,95.40349073473452,96.26381535279998,0.0,47359700
2015-09-23,0.0,96.37483978271484,0.0,96.81888131164678,95.87529570934166,96.5598529693861,0.0,21775100
2015-09-24,0.0,96.02330017089844,0.0,96.38408078128056,94.60792194039958,95.44049529428132,0.0,38284300
2015-09-25,0.0,95.209228515625,0.0,97.14264931682996,94.61717790133258,97.05014273168429,0.0,44700000
2015-09-28,0.0,92.49874877929688,0.0,94.86695841842545,92.2212290093102,94.80220309964852,0.0,44077500
2015-09-29,0.0,92.0177230834961,0.0,93.67361738874234,91.35166425034662,92.73003168918011,0.0,49315500
2015-09-30,0.0,94.1361312866211,0.0,94.23789063882512,92.97052865270189,93.33130924404364,0.0,41411400
2015-10-01,0.0,94.56167602539062,0.0,94.57092880131013,93.05379115151428,94.30265476204501,0.0,39339100
2015-10-02,0.0,96.21757507324219,0.0,96.21757507324219,92.95204372453031,93.24806904928548,0.0,59370900
2015-10-05,0.0,97.59595489501953,0.0,97.85497620530312,96.71713158401431,96.9298960641181,0.0,32853500
2015-10-06,0.0,97.13339233398438,0.0,97.68843887861863,96.3748270761643,97.36466231573196,0.0,33051500
2015-10-07,0.0,97.71622467041016,0.0,97.9289962342222,96.47662051803374,97.74398300657869,0.0,37389300
2015-10-08,0.0,98.1047134399414,0.0,98.27122808256479,96.40256297559144,97.34614830305681,0.0,50188900
2015-10-09,0.0,98.54878234863281,0.0,98.73380260411115,97.88272354451301,98.15099762160577,0.0,23916200
2015-10-12,0.0,98.78929901123047,0.0,98.97431219740751,98.3822615322802,98.73379646693749,0.0,16162000
2015-10-13,0.0,98.1509780883789,0.0,99.2240741831909,98.05847150795022,98.22498617584174,0.0,26999600
2015-10-14,0.0,97.99372100830078,0.0,98.6412741609024,97.58668356506546,98.1509829085326,0.0,30902600
2015-10-15,0.0,99.6033706665039,0.0,99.61262344350179,98.22500332145698,98.35451396822376,0.0,38393800
2015-10-16,0.0,100.0196533203125,0.0,100.07515586247092,99.33508903062341,99.81613458866441,0.0,27091100
2015-10-19,0.0,100.59317779541016,0.0,100.6579331005914,99.66809797407859,99.8901222128134,0.0,23776300
2015-10-20,0.0,100.07513427734375,0.0,100.63018075261166,99.73285220632576,100.41741634836175,0.0,23404700
2015-10-21,0.0,99.46461486816406,0.0,100.68572038686713,99.42761787293797,100.58396806329321,0.0,30195200
2015-10-22,0.0,101.49051666259766,0.0,101.5737775250321,100.06589274607204,100.35267231912437,0.0,42778700
2015-10-23,0.0,104.33052825927734,0.0,104.75606424084562,103.67372226221758,104.21952316883392,0.0,53170900
2015-10-26,0.0,104.3952865600586,0.0,104.59880530874632,103.85873841493657,104.25652313524414,0.0,25918000
2015-10-27,0.0,104.6080551147461,0.0,104.75606425462372,104.09000548067247,104.11776381108776,0.0,31390500
2015-10-28,0.0,105.47761535644531,0.0,105.47761535644531,103.92348072037122,104.76530688306973,0.0,42221900
2015-10-29,0.0,105.31108856201172,0.0,105.48685599505468,104.88555267057019,104.99656479530248,0.0,24913300
2015-10-30,0.0,104.83930969238281,0.0,105.53311963678308,104.81155842385476,105.35735219237243,0.0,27199200
2015-11-02,0.0,106.02339172363281,0.0,106.15290232524453,104.89479328861776,105.11681045455235,0.0,22176900
2015-11-03,0.0,106.39347839355469,0.0,106.7727576148212,105.6534113922416,105.81067333623497,0.0,20418400
2015-11-04,0.0,106.40267181396484,0.0,106.81896194425975,105.95863747767518,106.7449538689453,0.0,28633000
2015-11-05,0.0,106.11592864990234,0.0,106.75423612462043,105.5608820473564,106.4952148472857,0.0,25004100
2015-11-06,0.0,106.1899185180664,0.0,106.31017635967218,105.23708738665339,105.9123917355309,0.0,29924900
2015-11-09,0.0,105.06134033203125,0.0,105.93091783203035,104.4137871242451,105.79215441384741,0.0,33479800
2015-11-10,0.0,104.79306030273438,0.0,104.89481966641841,104.19175689672882,104.50628776387951,0.0,35452100
2015-11-11,0.0,104.66354370117188,0.0,105.58862363988317,104.48777625432078,105.07982685047202,0.0,22748800
2015-11-12,0.0,103.64599609375,0.0,104.74684389262262,103.571987976995,104.23804691218507,0.0,31196900
2015-11-13,0.0,101.61077117919922,0.0,103.32217461266421,101.55526864459583,103.21116248565801,0.0,52836000
2015-11-16,0.0,103.0724105834961,0.0,103.0909161356268,101.27776020582937,101.5090302028617,0.0,33980600
2015-11-17,0.0,103.13716125488281,0.0,103.87722803517251,102.87813999912139,103.24817338926623,0.0,30579500
2015-11-18,0.0,105.11681365966797,0.0,105.21857300086542,103.45167427768911,103.55343361888654,0.0,32966500
2015-11-19,0.0,105.19083404541016,0.0,105.67187954332373,104.98731533920052,105.17233555293632,0.0,26188100
2015-11-20,0.0,105.90314483642578,0.0,105.98639863557761,105.58861401587635,105.69037336448359,0.0,22727600
2015-11-23,0.0,105.597900390625,0.0,106.3287145550685,105.14461309392512,105.94017552866717,0.0,20696200
2015-11-24,0.0,105.50537109375,0.0,105.75513957475442,104.38601814367115,104.91332049052477,0.0,26374400
2015-11-25,0.0,105.597900390625,0.0,105.79216637492496,105.37588313111098,105.66265571872499,0.0,14159900
2015-11-27,0.0,105.74588775634766,0.0,105.95865925215156,105.38510713729752,105.82914862263613,0.0,8828000
2015-11-30,0.0,105.47761535644531,0.0,106.06042025609815,105.13534028362072,106.06042025609815,0.0,25041600
2015-12-01,0.0,106.53223419189453,0.0,106.53223419189453,105.77366168820606,105.90317940327107,0.0,28639400
2015-12-02,0.0,105.87538146972656,0.0,107.07798804628166,105.71811959584133,106.61544814111413,0.0,22395500
2015-12-03,0.0,104.08075714111328,0.0,106.34720041304305,103.46094815119156,106.16218722840411,0.0,42754300
2015-12-04,0.0,106.51368713378906,0.0,106.68945455350317,104.18248915358562,104.39525355427232,0.0,40037300
2015-12-07,0.0,106.03267669677734,0.0,106.65247862953667,105.52387985179546,106.5877233090663,0.0,25892100
2015-12-08,0.0,106.04193115234375,0.0,106.38421333605949,104.88558100738658,104.92258505896135,0.0,30792600
2015-12-09,0.0,104.43225860595703,0.0,106.16216038185173,103.79395128210841,105.57935558779906,0.0,48509200
2015-12-10,0.0,104.9040756225586,0.0,105.60713841356069,104.35827474099894,104.67280561768426,0.0,30154600
2015-12-11,0.0,102.4896011352539,0.0,103.96972753722692,102.42484582572382,103.69220074906974,0.0,56022200
2015-12-14,0.0,103.26668548583984,0.0,103.31294231237621,101.18525533211809,102.62838503800306,0.0,53098500
2015-12-15,0.0,103.89570617675781,0.0,104.7930346782983,103.76619557424667,104.2194897408342,0.0,48428000
2015-12-16,0.0,105.44064331054688,0.0,105.61640374758993,103.5072220406594,104.59881694871314,0.0,44944100
2015-12-17,0.0,103.90499877929688,0.0,105.90317522591855,103.88650028233239,105.90317522591855,0.0,45668800
2015-12-18,0.0,101.9118423461914,0.342,103.81404399247444,101.9118423461914,103.58206766395048,0.0,53746100
2015-12-21,0.0,103.04387664794922,0.0,103.06243163727729,102.11597143573664,102.87685342657676,0.0,26432800
2015-12-22,0.0,103.72125244140625,0.0,103.86972068626608,103.04388554246108,103.59134626683169,0.0,26540300
2015-12-23,0.0,104.49143981933594,0.0,104.56567395901962,104.07388517249038,104.25946344234237,0.0,25656900
2015-12-24,0.0,104.47283935546875,0.0,104.76049477120272,104.42644834473106,104.49140142324752,0.0,11468600
2015-12-28,0.0,104.41718292236328,0.0,104.43574499291728,103.47072262542372,104.2223236576803,0.0,19183600
2015-12-29,0.0,106.05958557128906,0.0,106.2915619114893,104.97393091884135,105.03888401092317,0.0,27725700
2015-12-30,0.0,105.10384368896484,0.0,106.00391307803838,105.08528869550281,105.96679601175781,0.0,19520100
2015-12-31,0.0,103.79549407958984,0.0,104.92753975087214,103.77693200796051,104.73268047490068,0.0,29886800
2016-01-04,0.0,101.60562133789062,0.0,101.69841044378938,100.32511468603569,101.55922324526374,0.0,50807600
2016-01-05,0.0,101.42933654785156,0.0,102.23661679075269,100.95610989313785,102.10671060169132,0.0,38795200
2016-01-06,0.0,100.45502471923828,0.0,101.03960248033528,99.66630666968844,99.66630666968844,0.0,41891100
2016-01-07,0.0,97.30944061279297,0.0,99.55496995327663,97.25376147553658,98.3115730517762,0.0,61386300
2016-01-08,0.0,96.51142883300781,0.0,98.62705170973118,96.40935868725752,98.01463083522948,0.0,69344000
2016-01-11,0.0,96.80835723876953,0.0,97.48572411247874,95.32371024226103,97.19807574797389,0.0,50024100
2016-01-12,0.0,97.9311294555664,0.0,98.43219918368739,96.57638852221224,97.73627018563421,0.0,46734200
2016-01-13,0.0,94.55353546142578,0.0,98.57136642854987,94.40506724049672,98.33010910921735,0.0,69870700
2016-01-14,0.0,96.56712341308594,0.0,97.41152080141077,93.4122433523862,94.92473382172474,0.0,78445700
2016-01-15,0.0,93.56997680664062,0.0,94.59067840651213,92.33586800932063,93.36584356602269,0.0,91443900
2016-01-19,0.0,93.77410888671875,0.0,94.98966966356673,92.67918033163187,94.84120141504715,0.0,56563800
2016-01-20,0.0,93.48646545410156,0.0,94.48860494660043,90.23879667902112,92.2987477204834,0.0,86675000
2016-01-21,0.0,93.57923889160156,0.0,94.97109670480145,92.62349765923443,93.88544930955072,0.0,61660100
2016-01-22,0.0,96.28874969482422,0.0,96.3258667639904,95.13814886810059,95.46291437410841,0.0,42229800
2016-01-25,0.0,94.85975646972656,0.0,96.49286460651886,94.77624131627235,95.94540390914484,0.0,38881500
2016-01-26,0.0,95.71343994140625,0.0,96.12171348858064,94.42365204870973,95.25876829417844,0.0,36143900
2016-01-27,0.0,93.32872772216797,0.0,95.56497607625482,92.92972811318398,95.15670251031888,0.0,54524700
2016-01-28,0.0,94.64634704589844,0.0,94.91544045074775,93.0317936961587,94.87832338669722,0.0,47641500
2016-01-29,0.0,96.62277221679688,0.0,96.65988927673547,94.59066451048432,94.61850053559944,0.0,54245100
2016-02-01,0.0,96.88259887695312,0.0,97.2444813892059,95.78767030467768,96.15882677309172,0.0,32750300
2016-02-02,0.0,94.78553009033203,0.0,96.47431749377081,94.4978746264525,96.43720043135552,0.0,44928100
2016-02-03,0.0,94.33086395263672,0.0,95.41651154386093,92.67918643616547,95.41651154386093,0.0,61572900
2016-02-04,0.0,94.32156372070312,0.0,95.0731646571484,93.19879929340478,94.08030638974542,0.0,49321600
2016-02-05,0.0,91.04607391357422,0.0,94.02464918596009,90.67491036413188,93.98753212308027,0.0,70749900
2016-02-08,0.0,89.65421295166016,0.0,90.05321251524558,88.00253556515973,89.3480025025318,0.0,91673100
2016-02-09,0.0,89.37581634521484,0.0,90.73055690222735,88.31800512837832,88.45719230519447,0.0,73778400
2016-02-10,0.0,89.71914672851562,0.0,91.57495693563368,89.65419365444066,90.40579452293015,0.0,59421700
2016-02-11,0.0,89.58927917480469,0.0,90.30376329742413,88.3273271239759,88.5778584949482,0.0,76839200
2016-02-12,0.0,90.95325469970703,0.0,91.04605087310115,89.75626335168856,90.60065331061324,0.0,49186500
2016-02-16,0.0,93.00395202636719,0.0,93.00395202636719,91.72343817204566,92.29874201089704,0.0,40565900
2016-02-17,0.0,95.11029052734375,0.0,95.24019669927657,93.44005820341408,93.68131555672734,0.0,41766500
2016-02-18,0.0,94.02464294433594,0.0,95.42577480841972,93.90401072814547,95.40721981788947,0.0,38991500
2016-02-19,0.0,94.30301666259766,0.0,94.59067213045577,93.36583737123368,93.56997059830745,0.0,28257900
2016-02-22,0.0,95.83406066894531,0.0,95.92684978541502,95.09174065783189,95.1845297743016,0.0,23979100
2016-02-23,0.0,94.25662994384766,0.0,95.53713681620704,94.19167685059804,95.27732444320857,0.0,29869700
2016-02-24,0.0,95.15666961669922,0.0,95.27729472958517,92.57708752511564,93.15239122830693,0.0,40739100
2016-02-25,0.0,96.0938720703125,0.0,96.0938720703125,94.49787379723884,95.35155206658791,0.0,29389300
2016-02-26,0.0,95.97325897216797,0.0,96.8454923423446,95.74128261451305,96.82693026929249,0.0,30925000
2016-02-29,0.0,95.11029052734375,0.0,96.59493754897267,95.11029052734375,95.88045360334218,0.0,27553900
2016-03-01,0.0,98.16310119628906,0.0,98.16310119628906,95.72271283917603,96.01964224794779,0.0,37699800
2016-03-02,0.0,98.2002182006836,0.0,98.21877319150309,97.43933614868496,98.04247600097358,0.0,29209800
2016-03-03,0.0,98.01464080810547,0.0,98.125992000078,97.30943783034768,98.0981559719239,0.0,25474600
2016-03-04,0.0,98.05172729492188,0.0,98.68270302728594,97.40219657602677,98.12596139975386,0.0,31655400
2016-03-07,0.0,97.44860076904297,0.0,98.11669364423118,96.75267187061439,97.55067090716088,0.0,25861200
2016-03-08,0.0,96.64134979248047,0.0,97.62492726092418,96.47432653563564,96.78053701974389,0.0,28898500
2016-03-09,0.0,97.26302337646484,0.0,97.28157836566233,96.46502433322951,97.00321105157053,0.0,31047400
2016-03-10,0.0,97.11455535888672,0.0,98.22803869524124,95.8618777562949,97.67129702706399,0.0,44236100
2016-03-11,0.0,98.8126449584961,0.0,98.8126449584961,97.85690352053919,98.16311400435737,0.0,31454000
2016-03-14,0.0,98.97965240478516,0.0,99.21162871983115,98.41362962972447,98.44146565483314,0.0,25374900
2016-03-15,0.0,98.94255065917969,0.0,99.05390185620462,98.3115747014179,98.627066219977,0.0,26524600
2016-03-16,0.0,99.82405090332031,0.0,100.0838632468941,98.67344326841437,98.70128637324477,0.0,31693100
2016-03-17,0.0,99.76836395263672,0.0,100.00034025255196,99.16523123634093,99.53638765272146,0.0,29623700
2016-03-18,0.0,99.92472839355469,0.318,100.17600286999537,99.39425374297512,100.00848418558313,0.0,37682300
2016-03-21,0.0,100.31561279296875,0.0,100.4086771600215,99.69207372332362,99.74791092348406,0.0,17288600
2016-03-22,0.0,100.62273406982422,0.0,100.85539854335755,99.72930334349897,99.74791337722488,0.0,18840300
2016-03-23,0.0,99.7944564819336,0.0,100.50175142145244,99.57109345858964,100.42730418069456,0.0,20912900
2016-03-24,0.0,99.8223876953125,0.0,99.85030630166825,99.14300417243925,99.31052291093144,0.0,19017300
2016-03-28,0.0,99.68274688720703,0.0,100.12015714258052,99.50591965196547,100.10154001236837,0.0,13892300
2016-03-29,0.0,101.28348541259766,0.0,101.34863117158258,99.32910554269463,99.49662422299234,0.0,29963900
2016-03-30,0.0,101.77676391601562,0.0,102.40961166781184,101.56270944246157,101.88844543704697,0.0,23807200
2016-03-31,0.0,101.62784576416016,0.0,102.0838732740004,101.46963561602296,101.70230010458592,0.0,21447200
2016-04-01,0.0,102.70740509033203,0.0,102.74463225789572,100.8740079148682,101.013608018143,0.0,26389000
2016-04-04,0.0,102.31649780273438,0.0,102.78182659812559,102.07452484103185,102.70737228677805,0.0,17163000
2016-04-05,0.0,101.33002471923828,0.0,101.9070351455972,101.19973318753723,101.52546201678986,0.0,20107900
2016-04-06,0.0,102.99589538574219,0.0,103.03312254919346,101.4323900225655,101.4323900225655,0.0,25056000
2016-04-07,0.0,101.51619720458984,0.0,102.586455544588,101.07878671864948,102.40031964612483,0.0,28567200
2016-04-08,0.0,101.44172668457031,0.0,102.39099476425032,101.08807918436744,102.14902878533344,0.0,22898000
2016-04-11,0.0,101.06942749023438,0.0,102.39095975532629,101.06011892488726,101.87910226691433,0.0,25772100
2016-04-12,0.0,101.91634368896484,0.0,102.11178098647179,100.52965837276108,101.14389596523083,0.0,28564100
2016-04-13,0.0,103.2192611694336,0.0,103.37747129313126,102.56779644187839,102.6980879673183,0.0,25356700
2016-04-14,0.0,103.22856903076172,0.0,103.61014216487283,102.37236549615207,103.23787759754288,0.0,17199700
2016-04-15,0.0,102.96798706054688,0.0,103.35886166524666,102.70740399074701,103.14481432949226,0.0,21353300
2016-04-18,0.0,103.51707458496094,0.0,103.55429465021817,102.60502677833033,102.67017254306424,0.0,17126100
2016-04-19,0.0,102.88422393798828,0.0,103.71250882248884,102.26067780779167,103.71250882248884,0.0,42481400
2016-04-20,0.0,102.96798706054688,0.0,103.44262456645727,102.53057672180162,102.8842312596924,0.0,18078300
2016-04-21,0.0,102.977294921875,0.0,103.3495594906197,102.51196598603313,102.91214915487139,0.0,20216000
2016-04-22,0.0,101.423095703125,0.0,102.11178052460909,100.62272938341812,101.63714303260713,0.0,39074000
2016-04-25,0.0,101.423095703125,0.0,101.43239716937663,100.92984107790795,101.11597690827926,0.0,14351900
2016-04-26,0.0,100.9298324584961,0.0,101.80465303564179,100.62272079023363,101.63713435279166,0.0,19118300
2016-04-27,0.0,100.12017822265625,0.0,100.35284269681169,99.29189326269137,99.89681521521051,0.0,33059800
2016-04-28,0.0,98.91031646728516,0.0,100.81816792510588,98.71487916824864,100.23184892764031,0.0,29818200
2016-04-29,0.0,98.3891372680664,0.0,99.11504916817084,97.60738107540043,98.91030332960702,0.0,67502800
2016-05-02,0.0,99.3198013305664,0.0,99.45940142032619,98.23093341107999,98.64041801392504,0.0,24813800
2016-05-03,0.0,98.39846801757812,0.0,99.05923430896036,98.13787782770245,98.61251536953016,0.0,38569400
2016-05-04,0.0,97.765625,0.0,98.16580822098466,97.5236519337319,97.80284507140401,0.0,27474500
2016-05-05,0.0,97.73766326904297,0.0,98.33329069730928,97.54222601460509,98.11923631367482,0.0,20788100
2016-05-06,0.0,98.25884246826172,0.0,98.27745249825679,97.16066608932681,97.25373044001185,0.0,30758500
2016-05-09,0.0,98.53807830810547,0.0,98.99410589508432,98.22165795830749,98.26818660367654,0.0,19289600
2016-05-10,0.0,99.88750457763672,0.0,99.93403320798217,98.71487374745502,98.8917010036923,0.0,21178900
2016-05-11,0.0,98.9847640991211,0.0,100.03640485617602,98.95684550119967,99.73859464442162,0.0,20966300
2016-05-12,0.0,98.54735565185547,0.0,99.33841337605577,97.84936228926304,99.21743041600111,0.0,29196300
2016-05-13,0.0,98.18441772460938,0.0,99.06853997298202,97.9889803991909,98.46361796112545,0.0,21059300
2016-05-16,0.0,99.41287231445312,0.0,99.77582831180007,98.24024142283287,98.33331288911135,0.0,18311900
2016-05-17,0.0,98.1657943725586,0.0,99.61761836464176,97.90520420699342,99.32911669963958,0.0,29932700
2016-05-18,0.0,98.51944732666016,0.0,99.04992205353217,97.75630812132927,97.94243686395382,0.0,27524400
2016-05-19,0.0,98.0075912475586,0.0,98.37985586588152,97.29098771508147,98.13788279891807,0.0,27334600
2016-05-20,0.0,99.08712005615234,0.0,99.48730312532328,98.34259110409106,98.39843539072595,0.0,29549600
2016-05-23,0.0,98.95687866210938,0.0,99.5524992852134,98.86381427106649,99.19884465874932,0.0,15729800
2016-05-24,0.0,100.93917846679688,0.0,101.0601614658169,99.47804550785915,99.50596411529777,0.0,29931300
2016-05-25,0.0,101.66504669189453,0.0,101.97216544160766,101.14388064415459,101.32070788193273,0.0,37951700
2016-05-26,0.0,101.962890625,0.0,102.09318218006011,101.5254802185737,101.76745329240984,0.0,21885900
2016-05-27,0.0,102.49333190917969,0.0,102.50264047445742,102.009393020061,102.02800305026156,0.0,19870000
2016-05-31,0.0,102.68879699707031,0.0,102.84701424823447,102.16763080600762,102.63295979098697,0.0,24366100
2016-06-01,0.0,102.6980972290039,0.0,102.9307617026085,102.28861258370203,102.3723683860287,0.0,19571500
2016-06-02,0.0,102.91213989257812,0.0,102.92144135820143,101.93494637511711,102.49333962779964,0.0,15696600
2016-06-03,0.0,102.4281997680664,0.0,102.76323715905022,101.75812498609879,102.7167085271866,0.0,20269900
2016-06-06,0.0,102.80045318603516,0.0,103.07034478288169,102.4374972351893,102.61432447803654,0.0,12502400
2016-06-07,0.0,102.5398941040039,0.0,102.95868734499204,102.49335836595779,102.85631440157597,0.0,12184300
2016-06-08,0.0,102.7166976928711,0.0,102.93074499764941,102.33512460991524,102.7166976928711,0.0,14568700
2016-06-09,0.0,102.5491943359375,0.0,102.66086873759993,102.10247542821935,102.29791273148474,0.0,17571600
2016-06-10,0.0,101.38585662841797,0.0,101.81395833745394,101.03220214243015,101.61852106378676,0.0,32965000
2016-06-13,0.0,100.5389633178711,0.0,101.3765567772696,100.40867179089308,100.8088549381415,0.0,25154700
2016-06-14,0.0,100.5389633178711,0.0,100.90191930021783,99.80374278686328,100.26907169760071,0.0,24588500
2016-06-15,0.0,100.25047302246094,0.0,100.9205478658909,100.08295431160344,100.78094775678358,0.0,24605700
2016-06-16,0.0,100.54827117919922,0.0,100.64133554062306,99.11505729213414,99.75721345656318,0.0,32079900
2016-06-17,0.0,99.3697280883789,0.287,100.48016307193784,99.13644390657363,100.34019113900104,0.0,29208800
2016-06-20,0.0,99.99490356445312,0.0,101.00268550131919,99.92025094119904,100.52679104642293,0.0,20562800
2016-06-21,0.0,100.31218719482422,0.0,100.517478391422,99.93893112094347,100.12556271751757,0.0,22804100
2016-06-22,0.0,100.06957244873047,0.0,100.9560565386426,99.98559356739827,100.3681758922466,0.0,22724200
2016-06-23,0.0,101.49725341796875,0.0,101.515920134656,100.4241521442451,100.84406071924423,0.0,18714200
2016-06-24,0.0,97.31680297851562,0.0,99.37903371586626,97.10217845867088,97.88601679281447,0.0,68012700
2016-06-27,0.0,95.3852310180664,0.0,96.67295705259623,94.9466556465132,96.67295705259623,0.0,48222600
2016-06-28,0.0,97.4754638671875,0.0,97.52212355230702,96.3930289412448,96.43968150709591,0.0,28260600
2016-06-29,0.0,99.20173645019531,0.0,99.40702761392508,98.1939544671153,98.24060701933895,0.0,31356700
2016-06-30,0.0,100.3494873046875,0.0,100.41480656661138,99.03376158973656,99.3696912565638,0.0,36300800
2016-07-01,0.0,100.8533935546875,0.0,101.2266495745662,100.26551300961698,100.30283932353149,0.0,19902800
2016-07-05,0.0,100.237548828125,0.0,100.4615067759013,99.69632779990165,100.32153483835823,0.0,21167900
2016-07-06,0.0,101.0586929321289,0.0,101.10534548886251,99.44436354068512,99.76163367510196,0.0,24579300
2016-07-07,0.0,101.35731506347656,0.0,101.58126588724338,100.88141333361231,101.15202384199519,0.0,19161700
2016-07-08,0.0,102.92496490478516,0.0,102.98095081994181,101.73054413373004,101.89850899846694,0.0,29457900
2016-07-11,0.0,103.51284790039062,0.0,103.89543022129047,103.26090413972659,103.27023038026658,0.0,20218500
2016-07-12,0.0,104.03543090820312,0.0,104.31537482569729,103.89545894945604,104.14740989905471,0.0,21906100
2016-07-13,0.0,103.78347778320312,0.0,104.34335844877995,103.77414442165066,104.27803915645048,0.0,21107800
2016-07-14,0.0,104.49263763427734,0.0,104.688595462278,104.23135341100932,104.47397091583892,0.0,20871000
2016-07-15,0.0,104.3246841430664,0.0,104.79125248517445,104.09139997201238,104.7352594430193,0.0,17999300
2016-07-18,0.0,105.01520538330078,0.0,105.20182987614623,104.37133878022829,104.39000550107366,0.0,20713900
2016-07-19,0.0,104.63260650634766,0.0,104.95921001835171,104.44598203028885,104.65127322551399,0.0,18936700
2016-07-20,0.0,105.85501861572266,0.0,106.05097644821318,105.07118016649325,105.20181872148694,0.0,24997900
2016-07-21,0.0,105.61239624023438,0.0,106.13495043613733,105.32312618454053,105.92965925367061,0.0,18885400
2016-07-22,0.0,106.05096435546875,0.0,106.17226953719722,105.36044534077367,105.68704169101684,0.0,20003400
2016-07-25,0.0,106.06031036376953,0.0,106.0883033229482,105.70571389612682,105.96699100748418,0.0,12968100
2016-07-26,0.0,106.18158721923828,0.0,106.56416942467803,105.64969977900664,106.02295574672097,0.0,21223800
2016-07-27,0.0,106.91881561279297,0.0,107.19875237955647,106.4709068189951,107.07744715921916,0.0,27646100
2016-07-28,0.0,107.29204559326172,0.0,107.41335078402103,106.75082467584258,107.08675440946362,0.0,16939700
2016-07-29,0.0,107.52534484863281,0.0,107.81461494686215,107.18941506779382,107.53467108974031,0.0,22385300
2016-08-01,0.0,108.09455871582031,0.0,108.3651692301687,107.46935879608532,107.5999973727682,0.0,13990100
2016-08-02,0.0,107.27337646484375,0.0,108.02921478887491,106.58285741425644,107.93590255813612,0.0,21278400
2016-08-03,0.0,107.62796783447266,0.0,107.63730119350394,107.12408035505507,107.18939962974008,0.0,15011300
2016-08-04,0.0,107.9359130859375,0.0,108.03855868554203,107.3387062078389,107.59065708660185,0.0,12835300
2016-08-05,0.0,108.97171020507812,0.0,109.2143277572118,108.36516988437818,108.48648222007928,0.0,23196600
2016-08-08,0.0,108.85040283203125,0.0,109.0556940552102,108.505139673115,109.02769397264804,0.0,12358200
2016-08-09,0.0,109.1023178100586,0.0,109.44758087780049,108.8690336851897,108.93435295538232,0.0,13276500
2016-08-10,0.0,108.8223876953125,0.0,109.19563662220173,108.53311052192632,109.16764366461173,0.0,14688400
2016-08-11,0.0,109.28895568847656,0.0,109.52223982680806,108.97168555832693,109.19563633773042,0.0,12969800
2016-08-12,0.0,109.36360168457031,0.0,109.37293504353948,108.98101939803765,109.10232458756909,0.0,19379000
2016-08-15,0.0,109.8301773071289,0.0,110.0821281812747,109.4662545949338,109.50358091403938,0.0,11777800
2016-08-16,0.0,109.22364044189453,0.0,109.63421569939553,109.20497372335025,109.62488945939056,0.0,14161400
2016-08-17,0.0,109.41958618164062,0.0,109.45691249533797,108.64508119077001,109.25162132963575,0.0,15980300
2016-08-18,0.0,109.44762420654297,0.0,109.60625576562981,109.13035396909997,109.31698561443977,0.0,10036300
2016-08-19,0.0,109.41958618164062,0.0,109.6621965417738,108.95301793932336,109.25162132963575,0.0,18743000
2016-08-22,0.0,109.50357055664062,0.0,109.69020213451596,109.05566900827333,109.26095306503606,0.0,14500600
2016-08-23,0.0,109.69955444335938,0.0,110.11947025391913,109.65290187725391,109.93283863169198,0.0,11997900
2016-08-24,0.0,108.99037170410156,0.0,109.774203131368,108.62644895297527,109.62490495824171,0.0,17728700
2016-08-25,0.0,108.81305694580078,0.0,109.14898668347055,108.57977280126717,108.71041135266462,0.0,24266300
2016-08-26,0.0,108.97171020507812,0.0,109.68089613940123,108.31851731772035,108.85040498864554,0.0,23896000
2016-08-29,0.0,109.1209945678711,0.0,109.41026463116111,108.9810226562166,108.99968225544586,0.0,11184900
2016-08-30,0.0,108.76640319824219,0.0,109.26096447253015,108.3931542420556,108.94370143591806,0.0,19843300
2016-08-31,0.0,108.65441131591797,0.0,108.76638313441183,108.19716932618083,108.59841828740487,0.0,16169800
2016-09-01,0.0,108.93435668945312,0.0,109.06499523431644,108.15985877898258,108.69174631714513,0.0,20944700
2016-09-02,0.0,109.28895568847656,0.0,109.69953093083849,108.87837332684771,109.475580151435,0.0,18088200
2016-09-06,0.0,109.97016906738281,0.0,109.97016906738281,109.23299015038005,109.47560770871141,0.0,18525200
2016-09-07,0.0,110.03546142578125,0.0,110.22209300930616,109.61555282156739,110.07278774248624,0.0,17546900
2016-09-08,0.0,109.39161682128906,0.0,109.73687283874297,109.10233960755588,109.70887987724865,0.0,20125300
2016-09-09,0.0,106.63883209228516,0.0,108.71972950290322,106.62017249581031,108.47711203313352,0.0,50813300
2016-09-12,0.0,108.55179595947266,0.0,108.70109413212127,106.0323225528882,106.04165591345004,0.0,39646000
2016-09-13,0.0,107.58135986328125,0.0,108.32786515202092,107.05880544923649,108.01060200614229,0.0,45863900
2016-09-14,0.0,108.09455871582031,0.0,108.68243943016175,107.66531666110964,107.69331674405753,0.0,28221800
2016-09-15,0.0,109.77420043945312,0.0,109.94216532964393,108.1132182582707,108.12255161863352,0.0,38521400
2016-09-16,0.0,109.72181701660156,0.294,109.83407653829299,109.17924003408359,109.65633407989111,0.0,27596500
2016-09-19,0.0,109.24474334716797,0.0,110.33924712366353,109.02958814517628,110.00247563287934,0.0,16222900
2016-09-20,0.0,109.45049285888672,0.0,109.89952366222262,109.26340085413987,109.63758486363355,0.0,18078600
2016-09-21,0.0,110.52631378173828,0.0,110.68534273409132,109.27277423841045,109.91825392833096,0.0,31546800
2016-09-22,0.0,111.40567016601562,0.0,111.52728643555928,111.05954912095761,111.1718015087148,0.0,22614400
2016-09-23,0.0,110.69470977783203,0.0,111.32147603926562,110.53568081068107,111.32147603926562,0.0,22213400
2016-09-26,0.0,109.76859283447266,0.0,110.19891745737624,109.60956385567646,110.06795157635523,0.0,16403900
2016-09-27,0.0,110.85374450683594,0.0,110.90987070119361,109.59085517405249,109.69375795511164,0.0,20238400
2016-09-28,0.0,111.04083251953125,0.0,111.10631545625604,110.47019244074174,110.99406307164487,0.0,14794300
2016-09-29,0.0,110.23631286621094,0.0,111.05953500300863,109.75922600468039,110.8537294688092,0.0,27207500
2016-09-30,0.0,111.05953979492188,0.0,111.38695446022795,110.41406007110102,110.52631958653643,0.0,25543200
2016-10-03,0.0,110.90050506591797,0.0,111.04082053153344,110.47018051435039,110.91921141563202,0.0,19216400
2016-10-04,0.0,110.73211669921875,0.0,111.47114239441913,110.31114890121394,111.22791703137884,0.0,21239700
2016-10-05,0.0,111.1250228881836,0.0,111.48050064858488,111.01276337258635,111.05953995502797,0.0,14481300
2016-10-06,0.0,111.06889343261719,0.0,111.30276206373883,110.52631649550996,110.98469701411919,0.0,11987100
2016-10-07,0.0,110.8256607055664,0.0,111.330817771729,110.28308380445432,111.1717816889177,0.0,19984200
2016-10-10,0.0,111.52729797363281,0.0,111.770523400778,111.3495554918222,111.39633208296365,0.0,19687300
2016-10-11,0.0,109.93697357177734,0.0,111.45244501684654,109.45052991249241,111.43373866487997,0.0,27774400
2016-10-12,0.0,109.84342193603516,0.0,110.21761319022812,109.50665052097193,110.03987073863794,0.0,14267800
2016-10-13,0.0,109.45049285888672,0.0,109.74984434874315,108.45889238694396,109.09501519502672,0.0,22821000
2016-10-14,0.0,109.58148956298828,0.0,110.43277483976225,109.51600662916755,109.99310065392115,0.0,21313300
2016-10-17,0.0,109.28215789794922,0.0,109.7311889095996,109.14183526073937,109.48796348090957,0.0,14182700
2016-10-18,0.0,110.2550277709961,0.0,110.76954161311095,110.19890158353054,110.58244242638546,0.0,19276700
2016-10-19,0.0,110.24565124511719,0.0,110.40468017246985,110.04920248713395,110.17081158385608,0.0,13702900
2016-10-20,0.0,110.11470794677734,0.0,110.35793332711238,109.47858497005032,110.13342143447471,0.0,18132200
2016-10-21,0.0,110.52631378173828,0.0,110.59179671136036,109.8340646490043,110.19889913362789,0.0,15707800
2016-10-24,0.0,111.85467529296875,0.0,111.92951495892429,111.21855240655337,111.23726589159395,0.0,19143000
2016-10-25,0.0,111.49923706054688,0.0,111.93891133231884,111.33085132108326,111.92019784065293,0.0,20341800
2016-10-26,0.0,110.74147033691406,0.0,111.34953019809969,110.41405568461539,110.77889017390594,0.0,20463700
2016-10-27,0.0,110.23631286621094,0.0,111.31210998045987,110.07728391236742,111.21856395685215,0.0,19099800
2016-10-28,0.0,109.54405212402344,0.0,110.48888327772373,109.2072807650234,109.91824331592385,0.0,35369300
2016-10-31,0.0,109.44119262695312,0.0,109.9463498651281,109.38506642396906,109.9463498651281,0.0,18749400
2016-11-01,0.0,108.61793518066406,0.0,109.64695561243437,107.67310402065429,109.62824926441093,0.0,23498700
2016-11-02,0.0,107.74793243408203,0.0,108.79566624155697,107.47664402490274,108.54308417844747,0.0,26960100
2016-11-03,0.0,106.69087982177734,0.0,107.92570599483199,106.56926355735604,107.57022108296016,0.0,36205200
2016-11-04,0.0,106.3166732788086,0.0,107.14924497310854,106.12957410547486,106.42892564570514,0.0,26997500
2016-11-07,0.0,108.84246063232422,0.0,108.95472014579153,107.8602166536265,108.03795196190268,0.0,26591200
2016-11-08,0.0,109.55343627929688,0.0,110.04923669935658,108.47763900980789,108.73022116081142,0.0,20777900
2016-11-09,0.0,110.05855560302734,0.0,110.23629087128808,108.1408303847354,108.27179621907602,0.0,70234400
2016-11-10,0.0,108.28118133544922,0.0,110.74147688196399,106.8311928990096,110.59180466225472,0.0,72825400
2016-11-11,0.0,108.32792663574219,0.0,108.5617952103987,107.42986502841094,107.81341291665683,0.0,41115200
2016-11-14,0.0,107.23342895507812,0.0,108.4589052843357,106.6721457369901,108.35600252835751,0.0,35906000
2016-11-15,0.0,108.72083282470703,0.0,109.09502400150906,107.88826120330162,108.04729013388399,0.0,31796600
2016-11-16,0.0,109.36632537841797,0.0,109.44115791295827,108.20633187924439,108.20633187924439,0.0,16538100
2016-11-17,0.0,110.16148376464844,0.0,110.18019011511164,109.08568661685395,109.31019850793402,0.0,20598600
2016-11-18,0.0,109.74989318847656,0.0,110.47956232364236,109.64699039894235,110.29247023563778,0.0,16428700
2016-11-21,0.0,110.89116668701172,0.0,110.99406947024066,109.98375512786852,110.0211749705977,0.0,20268500
2016-11-22,0.0,111.22791290283203,0.0,111.49920134824889,110.95662445741517,111.33081566271785,0.0,18850600
2016-11-23,0.0,110.77887725830078,0.0,110.98468276920933,110.29243370832877,110.86307366599215,0.0,22926000
2016-11-25,0.0,111.13435363769531,0.0,111.18112307209311,110.77886882333773,110.90983465901597,0.0,7162800
2016-11-28,0.0,110.88179016113281,0.0,111.39630398549004,110.76953779007594,110.99404966929366,0.0,13479000
2016-11-29,0.0,111.26534271240234,0.0,111.79856290820506,110.66663958508366,110.98469749898861,0.0,18553000
2016-11-30,0.0,109.91826629638672,0.0,111.44308733607672,109.88084645566302,111.40566749535303,0.0,30405300
2016-12-01,0.0,108.01925659179688,0.0,109.89020585047636,107.85087087303152,109.88084910579356,0.0,39796600
2016-12-02,0.0,108.2343978881836,0.0,108.66472244318086,107.7853741204273,108.0847256779662,0.0,32876800
2016-12-05,0.0,109.07633209228516,0.0,109.50664953273711,108.29988649583501,108.79569400700143,0.0,21419700
2016-12-06,0.0,109.33826446533203,0.0,109.52536366038511,108.87988392738491,109.38504104837143,0.0,27293300
2016-12-07,0.0,110.72274780273438,0.0,110.86307038666703,108.78631612835235,109.11373073279316,0.0,26622400
2016-12-08,0.0,110.91920471191406,0.0,111.1998499003915,110.55437024915557,110.76953251193541,0.0,18578400
2016-12-09,0.0,111.78922271728516,0.0,111.8266425604214,111.32148538374004,111.33084212880043,0.0,21863100
2016-12-12,0.0,111.2840576171875,0.0,111.51792626730862,110.82567706133942,111.29341436158168,0.0,23259300
2016-12-13,0.0,112.6872787475586,0.0,113.29533871509761,111.62083818662786,111.62083818662786,0.0,54477900
2016-12-14,0.0,112.45337677001953,0.0,113.19240240248817,112.125962157433,112.82756795744841,0.0,28746000
2016-12-15,0.0,112.6311264038086,0.0,113.29531241391126,112.33177486211298,112.60306331194708,0.0,22762300
2016-12-16,0.0,112.21363830566406,0.355,113.13311776750601,111.98846243758081,112.90793474121098,0.0,26283900
2016-12-19,0.0,112.67334747314453,0.0,113.36765090062329,112.16670368084715,112.32620291761522,0.0,21138700
2016-12-20,0.0,113.10494232177734,0.0,113.31134930498942,112.89852818035534,113.02988133249481,0.0,11461800
2016-12-21,0.0,113.0205307006836,0.0,113.22694490380199,112.76720873390049,113.15188389208402,0.0,7079300
2016-12-22,0.0,112.70148468017578,0.0,113.05801359838556,112.2605103697898,113.02986752039651,0.0,16645000
2016-12-23,0.0,112.77656555175781,0.0,112.82348046513157,112.41065213371695,112.51385921657061,0.0,9007500
2016-12-27,0.0,113.3582763671875,0.0,114.01504219830366,112.9736012827368,113.0205090374104,0.0,16110600
2016-12-28,0.0,112.47630310058594,0.0,113.70540340058038,112.4012492777768,113.60219634123256,0.0,17975200
2016-12-29,0.0,112.31681060791016,0.0,112.71087004453092,111.96028166404511,112.4481637534504,0.0,13267500
2016-12-30,0.0,111.16278076171875,0.0,112.5419888194657,110.84377514555945,112.53261156473287,0.0,41749000
2017-01-03,0.0,112.1573257446289,0.0,112.57953131532948,111.54746768611992,111.90399667564017,0.0,22307600
2017-01-04,0.0,112.76718139648438,0.0,112.97359554956313,112.26991484127299,112.27929209680542,0.0,19749100
2017-01-05,0.0,113.40516662597656,0.0,113.4802204487799,112.68271721059739,112.68271721059739,0.0,20644300
2017-01-06,0.0,114.39970397949219,0.0,114.69994075690377,113.23628736179852,113.52713972666957,0.0,24074300
2017-01-09,0.0,114.77501678466797,0.0,114.98143093835793,114.41848064349064,114.49354163723432,0.0,18909200
2017-01-10,0.0,115.02835083007812,0.0,115.37550259412087,114.5592303069879,114.82193665460464,0.0,16176600
2017-01-11,0.0,115.33797454833984,0.0,115.33797454833984,114.48417174220052,115.0752681951312,0.0,20686000
2017-01-12,0.0,115.15968322753906,0.0,115.23474421566216,114.09008920051933,114.92512300831176,0.0,19622500
2017-01-13,0.0,115.55377197265625,0.0,115.7508017355669,115.21600461960622,115.21600461960622,0.0,16930800
2017-01-17,0.0,115.20661163330078,0.0,115.43178746584385,114.86884430538085,115.25351938771648,0.0,14538500
2017-01-18,0.0,115.44114685058594,0.0,115.55373832155122,115.08461792984284,115.37547028207513,0.0,12499700
2017-01-19,0.0,115.38489532470703,0.0,116.01351515298208,115.14095063081984,115.61007118771973,0.0,12710700
2017-01-20,0.0,115.63819122314453,0.0,116.18237266451797,115.32857000737586,115.89151311718527,0.0,22091000
2017-01-23,0.0,115.73202514648438,0.0,115.90090881168643,115.000198316679,115.56314148128232,0.0,17434200
2017-01-24,0.0,116.51075744628906,0.0,116.68902551127925,115.76016184884517,115.95719158257691,0.0,17640900
2017-01-25,0.0,117.6835708618164,0.0,117.71171694696798,117.13938935484968,117.24259643921272,0.0,15036200
2017-01-26,0.0,117.80552673339844,0.0,118.04947137505188,117.5991125872463,117.84305722889974,0.0,16052200
2017-01-27,0.0,118.03071594238281,0.0,118.14330027662487,117.64603371182788,118.05886202594333,0.0,15053000
2017-01-30,0.0,117.11124420166016,0.0,117.63665688389978,116.46385560517854,117.63665688389978,0.0,25006700
2017-01-31,0.0,116.87667083740234,0.0,116.90481691962113,116.20113623131095,116.6984027724032,0.0,19091100
2017-02-01,0.0,117.6835708618164,0.0,117.91813111569405,117.14877376930383,117.70233253251384,0.0,22861900
2017-02-02,0.0,117.58033752441406,0.0,117.93686645374729,117.14874761262881,117.47713046309484,0.0,15101400
2017-02-03,0.0,117.9180908203125,0.0,118.04005953369338,117.5897080087421,117.7022923108757,0.0,16957200
2017-02-06,0.0,118.05885314941406,0.0,118.07761481764028,117.6084943716757,117.72108585566278,0.0,11630100
2017-02-07,0.0,118.49043273925781,0.0,118.73437735412631,118.19019596642326,118.3027802823554,0.0,17541100
2017-02-08,0.0,118.6874771118164,0.0,118.85636076478615,118.10576516087397,118.33094813697375,0.0,12569100
2017-02-09,0.0,119.11904907226562,0.0,119.38175534646028,118.74375132704078,118.80942789558944,0.0,17542700
2017-02-10,0.0,119.51314544677734,0.0,119.68202912645069,119.17537808743066,119.3817922690549,0.0,13915700
2017-02-13,0.0,120.18867492675781,0.0,120.33878260265578,119.83213877410513,119.87904652804693,0.0,19120200
2017-02-14,0.0,120.59211730957031,0.0,120.60149456587045,119.8509060438367,120.23558114025919,0.0,16333500
2017-02-15,0.0,121.30516815185547,0.0,121.36147463558912,120.44198818141238,120.50767192089114,0.0,17891400
2017-02-16,0.0,121.26764678955078,0.0,121.62418294357175,120.95802554786223,121.38023112601162,0.0,15098300
2017-02-17,0.0,121.79306030273438,0.0,121.80245187511949,121.0706107337259,121.08937956207478,0.0,15563700
2017-02-21,0.0,122.39350128173828,0.0,122.46856225867045,121.9619185599002,122.0275879669549,0.0,18479600
2017-02-22,0.0,122.44043731689453,0.0,122.52487556186195,122.07452393894911,122.28093808203832,0.0,12110900
2017-02-23,0.0,121.98070526123047,0.0,122.62809383127059,121.4928302570326,122.62809383127059,0.0,17489000
2017-02-24,0.0,122.21526336669922,0.0,122.21526336669922,121.38962104983007,121.4271443893337,0.0,18624500
2017-02-27,0.0,122.36539459228516,0.0,122.3747718487635,121.7836897293418,121.99010390324212,0.0,12008700
2017-02-28,0.0,121.99006652832031,0.0,122.39350317961687,121.65229928509676,122.33721102514923,0.0,16598600
2017-03-01,0.0,123.32241821289062,0.0,123.54758692485711,122.53429908816052,122.76885937407475,0.0,25813800
2017-03-02,0.0,122.70315551757812,0.0,123.31300643446332,122.55303352324839,123.29425192248812,0.0,19951400
2017-03-03,0.0,122.92832946777344,0.0,122.96585280538537,122.29031819700805,122.6187082458988,0.0,13722700
2017-03-06,0.0,122.65619659423828,0.0,122.86261068327241,122.16832176235418,122.52484347543623,0.0,12026200
2017-03-07,0.0,122.44979858398438,0.0,122.98460269845643,122.23400721399194,122.4122752521493,0.0,15500900
2017-03-08,0.0,122.66561889648438,0.0,123.05028678022786,122.40291259306062,122.52487417338035,0.0,15776000
2017-03-09,0.0,122.75945281982422,0.0,122.92834364961308,122.1026869626941,122.63749122119988,0.0,20855300
2017-03-10,0.0,123.27548217773438,0.0,123.47251908338018,122.74069226198937,123.32239709016635,0.0,21922600
2017-03-13,0.0,123.48192596435547,0.0,123.51007205528305,123.16292738955977,123.22859682958257,0.0,10731600
2017-03-14,0.0,123.18162536621094,0.0,123.24730909250994,122.68435889950001,123.20039419035609,0.0,14019700
2017-03-15,0.0,123.94161987304688,0.0,124.23247224090136,123.04090237336362,123.43496180559411,0.0,22709100
2017-03-16,0.0,123.85721588134766,0.0,124.17622877040536,123.57575497397995,124.17622877040536,0.0,18457300
2017-03-17,0.0,123.81392669677734,0.274,124.14298539516106,123.74810634938298,124.01135904656837,0.0,21234500
2017-03-20,0.0,123.9267578125,0.0,124.20881840142971,123.5976990805799,123.77632358557781,0.0,10105200
2017-03-21,0.0,122.04637908935547,0.0,124.50967870647618,121.97116197215048,124.39686020376782,0.0,35841900
2017-03-22,0.0,122.873779296875,0.0,122.99600893173464,121.92417554210625,122.08402091670791,0.0,29177900
2017-03-23,0.0,122.56349182128906,0.0,123.05239592604818,122.35664832874477,122.71392606063013,0.0,20311700
2017-03-24,0.0,122.81735229492188,0.0,123.43786844903111,122.3472560394517,122.95837543308325,0.0,22967600
2017-03-27,0.0,123.0147705078125,0.0,123.23102508966345,121.66089115273505,121.94295174274244,0.0,18472400
2017-03-28,0.0,123.76689147949219,0.0,124.13356583652262,122.74208550038064,123.01473490588803,0.0,23721900
2017-03-29,0.0,124.3404312133789,0.0,124.38744369744357,123.71990085459562,123.85152720225912,0.0,13710000
2017-03-30,0.0,124.54730987548828,0.0,124.67893626036218,124.18063535003954,124.29345386673145,0.0,16092400
2017-03-31,0.0,124.46268463134766,0.0,124.80115449673967,124.22763651221985,124.36865964521706,0.0,19841400
2017-04-03,0.0,124.38748168945312,0.0,124.8669747424953,123.69173401290145,124.56612057574344,0.0,23700300
2017-04-04,0.0,124.58486938476562,0.0,124.6036772466251,123.9831469210192,124.03015940257028,0.0,13400000
2017-04-05,0.0,124.07719421386719,0.0,125.49687959655674,123.84214611000613,124.76353066020609,0.0,32011200
2017-04-06,0.0,124.14297485351562,0.0,124.47204787015202,123.82331294067701,124.19939843771786,0.0,18832200
2017-04-07,0.0,124.07719421386719,0.0,124.45326544156576,123.63530263091259,124.10539883863468,0.0,16743100
2017-04-10,0.0,124.12420654296875,0.0,124.64131524003224,123.7857366999997,124.1994236576505,0.0,15619300
2017-04-11,0.0,123.58831024169922,0.0,124.19944401885336,122.6951301709971,124.01139402822126,0.0,33778400
2017-04-12,0.0,123.09000396728516,0.0,123.67291874349702,122.9583775872954,123.56949699163367,0.0,15955200
2017-04-13,0.0,122.60107421875,0.0,123.64468827996384,122.58228070139225,122.92075051438583,0.0,23683000
2017-04-17,0.0,123.61651611328125,0.0,123.63532398177348,122.90197491877913,122.94898741690959,0.0,13325500
2017-04-18,0.0,123.42845916748047,0.0,123.78573687617788,123.11819394880078,123.20280782311404,0.0,12841100
2017-04-19,0.0,123.62590789794922,0.0,124.37805036567602,123.45666580037211,123.96437774690547,0.0,17764800
2017-04-20,0.0,124.66008758544922,0.0,124.93275137313316,123.93614987871938,124.12418546038693,0.0,21977900
2017-04-21,0.0,124.63191986083984,0.0,124.8199554981724,124.31225784275453,124.77295734848892,0.0,22454900
2017-04-24,0.0,126.13616943359375,0.0,126.2583846452281,125.79769972023665,126.01393987576718,0.0,22469900
2017-04-25,0.0,127.04817962646484,0.0,127.27381657831661,126.43704607407844,126.54987889619913,0.0,19384400
2017-04-26,0.0,126.86955261230469,0.0,127.40545476900598,126.79433550595789,127.09518958514897,0.0,25398500
2017-04-27,0.0,127.63111114501953,0.0,127.63111114501953,127.10460572592694,127.17982283525399,0.0,16136500
2017-04-28,0.0,127.85676574707031,0.0,128.18582446933112,127.64992227767341,128.13881198152328,0.0,22771900
2017-05-01,0.0,128.994384765625,0.0,129.1636268449932,128.223434515293,128.2798437596836,0.0,24815500
2017-05-02,0.0,129.21063232421875,0.0,129.26705591801087,128.8251643502548,129.15422307662388,0.0,18345100
2017-05-03,0.0,128.7969512939453,0.0,128.96617902565032,128.44907037955784,128.9191665403335,0.0,23827600
2017-05-04,0.0,128.84397888183594,0.0,129.21065339720076,128.39269048127912,128.77817286430871,0.0,14630100
2017-05-05,0.0,129.31405639648438,0.0,129.31405639648438,128.693540315533,129.1730332749494,0.0,19330700
2017-05-08,0.0,129.59609985351562,0.0,129.59609985351562,129.11660695748682,129.37985964701585,0.0,13279900
2017-05-09,0.0,130.04739379882812,0.0,130.3388510894905,129.68070506338165,129.79353788436313,0.0,28426100
2017-05-10,0.0,130.12261962890625,0.0,130.16963211713679,129.6619345443596,130.12261962890625,0.0,20499400
2017-05-11,0.0,130.01922607421875,0.0,130.05684181143508,129.16366172625166,129.76538440591,0.0,27232100
2017-05-12,0.0,130.3106689453125,0.0,130.33887356887362,129.96278801106348,130.07562085150508,0.0,19738600
2017-05-15,0.0,130.724365234375,0.0,130.7995823595707,130.24487220072714,130.3671018224451,0.0,20481300
2017-05-16,0.0,131.26966857910156,0.0,131.28847644551,130.67735707612223,131.06282508720446,0.0,21786000
2017-05-17,0.0,127.93195343017578,0.0,130.47046937969802,127.91314557013959,130.22601023780885,0.0,55642200
2017-05-18,0.0,129.05078125,0.0,129.48327599122518,127.74391461478226,127.88495205800994,0.0,41319900
2017-05-19,0.0,129.59609985351562,0.0,130.1414130950245,129.4268721300451,129.51148599178038,0.0,36730100
2017-05-22,0.0,130.68673706054688,0.0,130.75255741142809,129.84056968136738,129.8875678220576,0.0,19509700
2017-05-23,0.0,130.8184051513672,0.0,131.0816579464845,130.4799352224733,131.07226118458794,0.0,19687500
2017-05-24,0.0,131.4200897216797,0.0,131.48591007445083,130.84657179606245,131.21324625039497,0.0,15891900
2017-05-25,0.0,132.53892517089844,0.0,132.87739501230934,131.6363341450702,131.91839473727887,0.0,23928600
2017-05-26,0.0,132.77391052246094,0.0,132.83031974500332,132.38842837350023,132.567067142345,0.0,13851600
2017-05-30,0.0,132.8868408203125,0.0,133.04667186744493,132.62358799607048,132.7082019011048,0.0,20306400
2017-05-31,0.0,132.8397674560547,0.0,133.35687610470234,132.16284217969348,133.35687610470234,0.0,33229400
2017-06-01,0.0,133.35691833496094,0.0,133.41332759700452,132.54835210453422,133.1124734173718,0.0,20120700
2017-06-02,0.0,134.87998962402344,0.0,134.90819424448165,133.6107243186221,133.82696452420018,0.0,37222900
2017-06-05,0.0,134.8517608642578,0.0,135.08680891513706,134.66372529279334,134.87056872526261,0.0,15727500
2017-06-06,0.0,134.31585693359375,0.0,135.1338195486983,134.11841026122664,134.6919280713858,0.0,22393000
2017-06-07,0.0,134.8423614501953,0.0,134.95517992161234,134.0714113185218,134.69192725750978,0.0,18842400
2017-06-08,0.0,134.98341369628906,0.0,135.19965390562942,134.25005051302963,135.14324466373156,0.0,25417400
2017-06-09,0.0,131.608154296875,0.0,135.29370751596633,129.84999875016214,135.14328760517512,0.0,109783700
2017-06-12,0.0,130.90298461914062,0.0,131.1380327205485,129.2482511498603,130.49870877089393,0.0,104454000
2017-06-13,0.0,131.9653778076172,0.0,132.15341337843782,130.94996850975244,131.63630479903523,0.0,51193000
2017-06-14,0.0,131.3919219970703,0.0,132.50134243079742,130.32949971858153,132.50134243079742,0.0,60093800
2017-06-15,0.0,130.8090057373047,0.0,130.95002889390065,129.26709039165087,130.06624552269645,0.0,55145200
2017-06-16,0.0,130.24143981933594,0.378,130.8353793535801,129.76064053012254,130.7410982136015,0.0,48087400
2017-06-19,0.0,132.41921997070312,0.0,132.5417681964948,131.30676288123885,131.50474753102998,0.0,39626500
2017-06-20,0.0,131.3821563720703,0.0,132.4568950160061,131.33501580995528,132.28720625472772,0.0,40935100
2017-06-21,0.0,132.6831817626953,0.0,132.74916705171682,131.59900620619143,131.68385060005426,0.0,35743400
2017-06-22,0.0,132.6454315185547,0.0,133.1356674290604,132.3060396397859,132.89055666644686,0.0,24099100
2017-06-23,0.0,133.154541015625,0.0,133.32422978083102,132.12692852473893,132.49460190129884,0.0,21654300
2017-06-26,0.0,132.53233337402344,0.0,134.1444343459917,132.24008199227958,133.91818263639988,0.0,34411100
2017-06-27,0.0,130.1282958984375,0.0,132.19292886398063,130.11887353986032,132.032662456487,0.0,65957800
2017-06-28,0.0,132.00442504882812,0.0,132.11755093062843,129.85494698291217,130.60913870862754,0.0,57427200
2017-06-29,0.0,129.71353149414062,0.0,131.4576323107684,128.45024446889676,131.4576323107684,0.0,88769400
2017-06-30,0.0,129.7606658935547,0.0,130.73170140695038,129.33642945129296,130.08119881568268,0.0,68898300
2017-07-03,0.0,128.39361572265625,0.0,130.5053745905554,128.3087713507021,130.3545449466186,0.0,32797000
2017-07-05,0.0,129.65692138671875,0.0,130.00573566904586,128.36535335948113,128.79901202638285,0.0,42116600
2017-07-06,0.0,128.48788452148438,0.0,129.2138088366562,128.02594445433024,128.66701001090274,0.0,48430500
2017-07-07,0.0,129.87374877929688,0.0,130.22257744169153,128.91215033126056,128.92157268986787,0.0,36970400
2017-07-10,0.0,130.72222900390625,0.0,131.03333944521245,129.62863128027465,129.9586008230999,0.0,24853500
2017-07-11,0.0,131.0899658203125,0.0,131.25023229760458,130.04350815128714,130.53374433113063,0.0,31517700
2017-07-12,0.0,132.6454315185547,0.0,132.79627555029163,131.94780304600897,132.2117729089093,0.0,36045800
2017-07-13,0.0,132.9376983642578,0.0,133.25824556545328,132.55118026755088,132.80571341739392,0.0,31073600
2017-07-14,0.0,133.9841766357422,0.0,134.15387981425283,133.10742243349867,133.53165880185142,0.0,34544800
2017-07-17,0.0,134.05018615722656,0.0,134.5215631311895,133.79563856340715,134.12560819929467,0.0,25343200
2017-07-18,0.0,134.94573974609375,0.0,134.97402120117937,133.5316094507028,133.95584566226464,0.0,25748500
2017-07-19,0.0,135.73765563964844,0.0,135.9356402198318,135.28513795172952,135.34170086455967,0.0,33752300
2017-07-20,0.0,135.9168243408203,0.0,136.1713719147777,135.30404007659675,136.08652751855274,0.0,36139400
2017-07-21,0.0,135.86026000976562,0.0,135.86026000976562,135.14377225133515,135.4171645425587,0.0,39697100
2017-07-24,0.0,136.48245239257812,0.0,136.57671912810576,135.68110602155684,135.84137241870522,0.0,26712700
2017-07-25,0.0,136.13363647460938,0.0,136.4541836841385,135.76596308555244,136.02993298614302,0.0,28120900
2017-07-26,0.0,136.57672119140625,0.0,136.65214321213537,136.2561883922671,136.47301771106362,0.0,18610600
2017-07-27,0.0,135.7188262939453,0.0,137.60433365660748,134.15385173046863,137.4723487166323,0.0,80665900
2017-07-28,0.0,135.60572814941406,0.0,135.83199428184582,134.6912556439346,134.90809941532987,0.0,38013200
2017-07-31,0.0,135.0306396484375,0.0,136.16194147299072,134.73838823550025,135.99225267268517,0.0,33848600
2017-08-01,0.0,135.34169006347656,0.0,135.53023788628903,134.92687622212307,135.49253407583726,0.0,20149400
2017-08-02,0.0,135.70941162109375,0.0,136.24678821178068,134.44612493512778,136.21850674756368,0.0,41769700
2017-08-03,0.0,135.18142700195312,0.0,135.9167735986053,134.93631626482812,135.8413515905798,0.0,27112800
2017-08-04,0.0,135.42654418945312,0.0,135.72823223592454,134.87032303720903,135.4831214871249,0.0,29472900
2017-08-07,0.0,136.2844696044922,0.0,136.2844696044922,135.4831376080989,135.67168546693972,0.0,17933900
2017-08-08,0.0,136.0487823486328,0.0,137.14238007865742,135.66224988427038,136.02050088882868,0.0,30810400
2017-08-09,0.0,135.86964416503906,0.0,135.93564382194174,134.61578015139327,134.92689056548087,0.0,36169500
2017-08-10,0.0,132.95655822753906,0.0,135.19087997840603,132.82457327991995,135.09661323598115,0.0,63331700
2017-08-11,0.0,133.96531677246094,0.0,134.2575681401734,132.83400073769138,133.13568884970485,0.0,45862500
2017-08-14,0.0,135.69053649902344,0.0,135.8979434689862,134.99290795031249,135.0306117697238,0.0,34161000
2017-08-15,0.0,135.78482055664062,0.0,136.03936809532257,135.41714717200247,136.0299313513059,0.0,25509200
2017-08-16,0.0,136.0205078125,0.0,136.66158783301117,135.5679900473206,136.1242112988203,0.0,31913000
2017-08-17,0.0,133.23939514160156,0.0,135.6999831139852,133.23939514160156,135.49257612893516,0.0,70191000
2017-08-18,0.0,133.14511108398438,0.0,134.05958339290717,132.59831217043296,133.3148142431532,0.0,60751900
2017-08-21,0.0,132.97543334960938,0.0,133.42795116949233,132.15522771854896,133.13569977779122,0.0,37111500
2017-08-22,0.0,135.0023193359375,0.0,135.14374101411573,133.644751782989,133.69189234238175,0.0,36294200
2017-08-23,0.0,134.52154541015625,0.0,134.82321915340444,134.229294026444,134.32356077764828,0.0,25702300
2017-08-24,0.0,134.12557983398438,0.0,134.9740524535665,133.37137395808884,134.82320840133127,0.0,38160800
2017-08-25,0.0,133.8427276611328,0.0,134.983451443635,133.66360217827426,134.6440739627806,0.0,26380400
2017-08-28,0.0,134.25758361816406,0.0,134.5686941250642,133.82391050346857,134.24814687277512,0.0,15362100
2017-08-29,0.0,134.78549194335938,0.0,135.0117580004974,132.98482899999394,133.10739157910362,0.0,24498300
2017-08-30,0.0,136.36932373046875,0.0,136.59558980841828,134.81378580224734,134.89863018699822,0.0,33642700
2017-08-31,0.0,137.8306121826172,0.0,137.84004892784768,136.68045131652235,136.75587335195442,0.0,38480700
2017-09-01,0.0,137.64205932617188,0.0,138.19828063399493,137.2743859074927,138.00973274485108,0.0,22293600
2017-09-05,0.0,136.4070281982422,0.0,137.52890734567404,135.37943017011415,137.23665601522288,0.0,44794300
2017-09-06,0.0,136.8218536376953,0.0,137.1329640952826,135.83195934269585,136.75585397156453,0.0,30722700
2017-09-07,0.0,137.14236450195312,0.0,137.49117872343848,136.6427062551257,137.0763648463867,0.0,22721100
2017-09-08,0.0,135.95448303222656,0.0,137.02922140308195,135.81306138181526,136.96322175583478,0.0,27890100
2017-09-11,0.0,137.5194854736328,0.0,137.75517391210013,136.98212331427322,137.0198271349045,0.0,27126300
2017-09-12,0.0,137.8494415283203,0.0,138.02856702564085,137.1989392002738,137.90600444636274,0.0,30256700
2017-09-13,0.0,138.03802490234375,0.0,138.05688400830365,137.3875224069154,137.61378852258528,0.0,28450900
2017-09-14,0.0,137.22720336914062,0.0,137.91540942741074,137.14235900276708,137.50060995226977,0.0,35296400
2017-09-15,0.0,137.69857788085938,0.0,138.198236099452,136.97265363703949,137.19891966226675,0.0,46422400
2017-09-18,0.0,137.51817321777344,0.319,138.29291597645866,137.10245126184856,137.85830805291477,0.0,24858200
2017-09-19,0.0,137.75436401367188,0.0,137.9527675715396,137.29139835070094,137.76380699655252,0.0,20871200
2017-09-20,0.0,137.32920837402344,0.0,137.85830378636416,136.27100313257327,137.70712954947575,0.0,34236200
2017-09-21,0.0,136.48834228515625,0.0,137.24418475114018,136.0064761338049,137.2347417661852,0.0,28841800
2017-09-22,0.0,136.35601806640625,0.0,136.55442159460242,135.91195285237495,136.05366965822935,0.0,21702400
2017-09-25,0.0,134.919921875,0.0,135.89308260234054,134.25855260643394,135.81749548353744,0.0,54947700
2017-09-26,0.0,135.26951599121094,0.0,135.86475561305951,134.79710725432045,135.6096508584429,0.0,29628800
2017-09-27,0.0,136.48834228515625,0.0,136.9985373913725,135.64745528749384,135.98757574712405,0.0,33249400
2017-09-28,0.0,136.44110107421875,0.0,136.5828179350439,135.84586142521079,136.15765293579727,0.0,24149400
2017-09-29,0.0,137.4236297607422,0.0,137.52756020740824,136.3559963541871,136.71501701077264,0.0,43102400
2017-10-02,0.0,137.54652404785156,0.0,138.10396287500583,136.93238406445676,137.63155415705748,0.0,27351300
2017-10-03,0.0,137.83938598632812,0.0,138.00000318643953,137.42366409579648,137.72601253137108,0.0,19715200
2017-10-04,0.0,137.97164916992188,0.0,138.26454018379135,137.44255386528462,137.57482769144394,0.0,26381100
2017-10-05,0.0,139.32273864746094,0.0,139.3983113301931,138.33067778961117,138.47239459069039,0.0,31562400
2017-10-06,0.0,139.51171875,0.0,139.51171875,138.85034955761876,138.85034955761876,0.0,23561100
2017-10-09,0.0,139.35113525390625,0.0,139.84242996321518,139.17161762610198,139.69127012322738,0.0,13704800
2017-10-10,0.0,139.45506286621094,0.0,139.9652579512448,138.84092286713332,139.8235410989494,0.0,19223100
2017-10-11,0.0,139.87069702148438,0.0,139.899054793829,139.2093280299693,139.3888455598297,0.0,12439100
2017-10-12,0.0,139.61566162109375,0.0,140.1636574053724,139.47393037079138,139.66290537119454,0.0,14513500
2017-10-13,0.0,140.15414428710938,0.0,140.3147614401841,139.62504909656616,140.1824876425483,0.0,18409900
2017-10-16,0.0,140.63604736328125,0.0,140.67383370827392,140.20142510364988,140.50377353065718,0.0,21809400
2017-10-17,0.0,140.8155517578125,0.0,140.8344521388578,140.37150092899705,140.5888048523351,0.0,13138200
2017-10-18,0.0,140.64549255371094,0.0,140.9761843488468,140.43763161107128,140.95728396767043,0.0,17218200
2017-10-19,0.0,140.12586975097656,0.0,140.1447701361392,139.1432659740669,139.8235356722235,0.0,27680300
2017-10-20,0.0,140.5037841796875,0.0,140.81556119561498,140.333709572414,140.69274475250546,0.0,30173300
2017-10-23,0.0,139.58729553222656,0.0,140.80610335252504,139.3888775808093,140.7966603707494,0.0,29297100
2017-10-24,0.0,139.82350158691406,0.0,140.11639261007153,139.30384924739295,139.8612879312582,0.0,20289500
2017-10-25,0.0,139.2943878173828,0.0,140.00300069164905,138.25509758518515,139.5494924888131,0.0,36179100
2017-10-26,0.0,138.85032653808594,0.0,139.55893935889455,138.81252578092122,139.20934723056226,0.0,28230200
2017-10-27,0.0,142.89414978027344,0.0,143.15869742675545,140.96671473674405,141.18401864276166,0.0,60165100
2017-10-30,0.0,143.21539306640625,0.0,143.79173213572238,142.65795437780588,142.79022820928336,0.0,31733400
2017-10-31,0.0,143.75392150878906,0.0,143.96178243209815,143.26262697802704,143.6783488246452,0.0,26319300
2017-11-01,0.0,143.70672607421875,0.0,144.39643870961083,143.139829892097,144.33029457443016,0.0,29481600
2017-11-02,0.0,143.4326629638672,0.0,143.60273751643464,142.45005965121646,143.54603638773685,0.0,31017400
2017-11-03,0.0,144.81214904785156,0.0,144.83103501344485,143.46105283601557,143.95236186002572,0.0,26199200
2017-11-06,0.0,145.30343627929688,0.0,145.36013742350136,144.65152449699764,144.69875382535105,0.0,28693900
2017-11-07,0.0,145.38845825195312,0.0,145.57741878637844,144.87824895056363,145.1900403199095,0.0,21333100
2017-11-08,0.0,145.97425842285156,0.0,146.01204476773913,145.14281466766036,145.31288926157058,0.0,17373500
2017-11-09,0.0,145.20899963378906,0.0,145.2845867615904,143.7161862974468,144.77437725312416,0.0,40594500
2017-11-10,0.0,145.19955444335938,0.0,145.31294235298233,144.6137721745991,144.86887695028608,0.0,20150800
2017-11-13,0.0,145.37901306152344,0.0,145.56798802858128,144.65151422206108,144.65151422206108,0.0,12522400
2017-11-14,0.0,144.84991455078125,0.0,145.0294321154568,144.15075908848556,144.86881493042225,0.0,25173800
2017-11-15,0.0,144.16964721679688,0.0,144.55702571304516,143.40434762264562,144.22633393980573,0.0,24808000
2017-11-16,0.0,146.0120849609375,0.0,146.3427768409918,144.86886389961805,144.8972072702775,0.0,34790600
2017-11-17,0.0,145.45462036132812,0.0,146.15379035293043,145.31290353312326,146.04985987332424,0.0,28725800
2017-11-20,0.0,145.34120178222656,0.0,145.69077946112856,145.133340887538,145.55850565694158,0.0,21143900
2017-11-21,0.0,146.9190673828125,0.0,146.9852115036111,145.96480724772505,146.030936951758,0.0,20147800
2017-11-22,0.0,147.09857177734375,0.0,147.24028857098614,146.7678800364924,147.0513280405415,0.0,17299000
2017-11-24,0.0,147.6371612548828,0.0,147.6844050080834,147.16475255641578,147.24979707888457,0.0,8280600
2017-11-27,0.0,147.571044921875,0.0,147.9206227770891,147.23091005144997,147.5899453082238,0.0,22653400
2017-11-28,0.0,147.94895935058594,0.0,148.04344686121794,147.108072406333,147.90171559526993,0.0,25227300
2017-11-29,0.0,145.36961364746094,0.0,147.81668738653494,144.67044354339544,147.77890103185823,0.0,71986300
2017-11-30,0.0,146.58840942382812,0.0,146.87185751863638,145.64359205231324,145.98372688272934,0.0,56595500
2017-12-01,0.0,145.96478271484375,0.0,146.6733954609348,143.85783043639682,145.69077771296782,0.0,59015800
2017-12-04,0.0,144.28305053710938,0.0,147.04191521431162,144.1413192976373,146.88129800965712,0.0,51319100
2017-12-05,0.0,144.37750244140625,0.0,146.02148942753934,143.706690356617,144.25467160189618,0.0,40604200
2017-12-06,0.0,145.0294647216797,0.0,145.25622607805656,143.66892541695617,143.839000038431,0.0,28647800
2017-12-07,0.0,145.52081298828125,0.0,145.9365350452486,144.86888652774363,145.02006080605406,0.0,32666200
2017-12-08,0.0,146.16322326660156,0.0,146.94742330110267,145.93647635709456,146.58838813869409,0.0,28081700
2017-12-11,0.0,147.29701232910156,0.0,147.34425607778414,146.21992117627119,146.22937857606848,0.0,20821500
2017-12-12,0.0,147.09857177734375,0.0,147.53317955568994,146.78678041456615,147.23084559033143,0.0,20310300
2017-12-13,0.0,147.38204956054688,0.0,147.85445819049275,147.16473121069933,147.6938409863232,0.0,24418500
2017-12-14,0.0,147.27810668945312,0.0,148.0150629368005,147.11748949880214,147.63712741459284,0.0,24594700
2017-12-15,0.0,148.95046997070312,0.0,149.1111016290779,147.6088308789768,147.8544926505354,0.0,49816200
2017-12-18,0.0,150.1992645263672,0.329,150.32235225870707,149.65959994402485,149.9341636004943,0.0,26844500
2017-12-19,0.0,149.3092498779297,0.0,150.0666871504061,148.89265865572196,149.91519680652794,0.0,31415000
2017-12-20,0.0,149.14830017089844,0.0,149.85839492107294,148.5612931337669,149.82999228681913,0.0,38972600
2017-12-21,0.0,149.16726684570312,0.0,149.83001917542106,148.99683656268007,149.35662259034862,0.0,18638700
2017-12-22,0.0,148.99681091308594,0.0,149.0536161820089,148.5991595837103,148.94000564416297,0.0,23330400
2017-12-26,0.0,148.19207763671875,0.0,148.38143338979822,147.65239857117848,148.16367499610274,0.0,21918700
2017-12-27,0.0,148.2109832763672,0.0,148.60864908564062,148.06897009228095,148.2015205464001,0.0,22388200
2017-12-28,0.0,148.3909149169922,0.0,148.71283562961312,148.21102187235923,148.68441853847972,0.0,25393800
2017-12-29,0.0,147.4724884033203,0.0,148.5518319619922,147.41568312869276,148.52342932467843,0.0,33186000
2018-01-02,0.0,150.05728149414062,0.0,150.09514687105468,147.86071401321027,148.2299628375315,0.0,32573300
2018-01-03,0.0,151.5153045654297,0.0,151.6478550267392,150.17086004445693,150.19926268281492,0.0,29383600
2018-01-04,0.0,151.78038024902344,0.0,152.23483683409796,151.56262190885022,152.03601839865289,0.0,24776100
2018-01-05,0.0,153.30474853515625,0.0,153.40889636185685,152.2159421671278,152.49998300784918,0.0,26992300
2018-01-08,0.0,153.90126037597656,0.0,153.9770055768412,153.24797065957398,153.30477594849248,0.0,23159100
2018-01-09,0.0,153.91070556640625,0.0,154.36516227287717,153.44678612850072,154.20420915697952,0.0,24782400
2018-01-10,0.0,153.55091857910156,0.0,153.57933566706862,152.547320070258,153.22901234926837,0.0,34004000
2018-01-11,0.0,154.60182189941406,0.0,154.6112990753957,153.57929817742095,153.81599642632787,0.0,20473500
2018-01-12,0.0,155.73797607421875,0.0,155.89892914056762,154.27044412620833,154.46926255355714,0.0,37762700
2018-01-16,0.0,155.2930145263672,0.0,157.5653122786025,154.82908068789757,156.77000951001182,0.0,41231800
2018-01-17,0.0,156.96881103515625,0.0,157.2055092940859,155.27405785786252,156.0314951758205,0.0,33849900
2018-01-18,0.0,156.99725341796875,0.0,157.35702500561777,156.3534265375295,156.72267530308872,0.0,26432200
2018-01-19,0.0,157.4895477294922,0.0,157.7451858904341,156.73211042290708,157.4611450946003,0.0,38937600
2018-01-22,0.0,159.17489624023438,0.0,159.17489624023438,157.25290686093925,157.43279991218012,0.0,26081400
2018-01-23,0.0,160.49085998535156,0.0,160.63288758912535,159.59140961577057,159.66715478173393,0.0,37989700
2018-01-24,0.0,159.44943237304688,0.0,161.18206551156723,158.53104189338993,160.83174223421628,0.0,54287400
2018-01-25,0.0,159.3926544189453,0.0,160.6045486612282,158.8813779576241,160.54774337595228,0.0,28925000
2018-01-26,0.0,161.83534240722656,0.0,161.85428231492003,159.9701732365444,160.28260225544508,0.0,32038200
2018-01-29,0.0,161.04949951171875,0.0,161.81639955132164,160.70865344446023,161.49449338972056,0.0,37277800
2018-01-30,0.0,159.72401428222656,0.0,160.40570656046702,158.89084606753565,159.58200107714234,0.0,44987700
2018-01-31,0.0,160.3867645263672,0.0,160.94538350177467,159.38316603195054,160.62346282965103,0.0,42449200
2018-02-01,0.0,159.0233612060547,0.0,160.699174441353,158.51208488752155,159.15591165031978,0.0,38037900
2018-02-02,0.0,155.85162353515625,0.0,158.77721094899687,155.71907306987626,158.39849946160183,0.0,68478100
2018-02-05,0.0,149.70692443847656,0.0,156.93096061182612,149.59331388638628,154.3935619690327,0.0,105372200
2018-02-06,0.0,153.67391967773438,0.0,153.8632753269381,146.8475524519888,147.5197671736985,0.0,118537900
2018-02-07,0.0,151.68565368652344,0.0,154.8479376050827,151.6761765141968,153.18157332940862,0.0,91028300
2018-02-08,0.0,145.28541564941406,0.0,152.24435154392032,145.28541564941406,152.07392125317836,0.0,94184800
2018-02-09,0.0,147.7943878173828,0.0,148.8737312210823,142.14203265284976,147.3399167917831,0.0,113836600
2018-02-12,0.0,150.41700744628906,0.0,151.43954567538594,148.13524717217118,149.30926130982962,0.0,63050600
2018-02-13,0.0,151.19338989257812,0.0,151.49635616705604,149.3282063613805,149.55544190242588,0.0,31785600
2018-02-14,0.0,154.02430725097656,0.0,154.26100554545883,149.59332211278897,150.30341699623577,0.0,52107400
2018-02-15,0.0,156.8836212158203,0.0,156.8836212158203,153.79708076442938,155.4066262213275,0.0,51633900
2018-02-16,0.0,156.1830291748047,0.0,157.8872455578166,155.91791375955384,156.37238494548166,0.0,62256300
2018-02-20,0.0,156.49545288085938,0.0,157.8114949452485,155.56759952353576,155.63388198680397,0.0,36785600
2018-02-21,0.0,156.05044555664062,0.0,158.79613976576488,155.9557604679469,157.26233956795636,0.0,41161800
2018-02-22,0.0,156.03146362304688,0.0,157.56526340773237,155.63381236208812,156.73208108177369,0.0,37074400
2018-02-23,0.0,159.22219848632812,0.0,159.22219848632812,156.6469200242878,157.29074686325617,0.0,50096900
2018-02-26,0.0,161.33352661132812,0.0,161.33352661132812,159.83760633648933,159.9701567828769,0.0,39266700
2018-02-27,0.0,159.3358154296875,0.0,161.64599306449716,159.26008468975158,161.38089213396987,0.0,42209900
2018-02-28,0.0,158.31329345703125,0.0,160.76548431780174,158.2091456297015,160.24474518115306,0.0,42936300
2018-03-01,0.0,155.72853088378906,0.0,159.12752921993194,154.32728108836878,158.39849446045145,0.0,76809900
2018-03-02,0.0,157.15821838378906,0.0,157.43278207246712,153.34264270282299,153.853904706434,0.0,57445100
2018-03-05,0.0,158.90032958984375,0.0,159.3074437956318,155.83271393638665,156.41973563701782,0.0,38540200
2018-03-06,0.0,159.57249450683594,0.0,160.11217348058747,158.5688961839809,159.67664232035384,0.0,29480900
2018-03-07,0.0,159.94178771972656,0.0,160.0743526528289,158.07661818091043,158.35118188553227,0.0,34609400
2018-03-08,0.0,160.82228088378906,0.0,160.93589143584174,159.96069567227863,160.6045225100492,0.0,25828400
2018-03-09,0.0,163.94667053222656,0.0,163.94667053222656,161.73117849860796,161.96787673588125,0.0,38310500
2018-03-12,0.0,164.81773376464844,0.0,165.19644520102713,164.06029644497576,164.42954515186534,0.0,37635000
2018-03-13,0.0,162.57386779785156,0.0,165.88764401964545,162.15727647560493,165.19647457731904,0.0,55638900
2018-03-14,0.0,162.5454559326172,0.0,163.54906889887178,161.83536100513376,163.42598115509412,0.0,40536400
2018-03-15,0.0,162.4034423828125,0.0,163.35023561745697,161.80695802197263,162.6590806013036,0.0,28810400
2018-03-16,0.0,161.9205780029297,0.0,163.03778705057613,161.84483281288146,162.67801545649425,0.0,31176700
2018-03-19,0.0,158.46580505371094,0.277,160.47625819963685,157.08123814260344,160.36246333337064,0.0,71395100
2018-03-20,0.0,158.9873504638672,0.0,159.35719819366201,158.0010946745317,158.5321565972779,0.0,34075700
2018-03-21,0.0,158.2951202392578,0.0,160.0400426256779,157.6028439228635,158.57014383135225,0.0,43863500
2018-03-22,0.0,154.3880157470703,0.0,157.2045549770171,154.18886022348465,156.10448949608792,0.0,66607300
2018-03-23,0.0,150.31967163085938,0.0,154.8621770660647,150.24380355067035,154.2078275359964,0.0,80110400
2018-03-26,0.0,155.9053192138672,0.0,156.09499663565293,150.9360833227626,153.36380382992144,0.0,57481500
2018-03-27,0.0,150.86024475097656,0.0,157.06231274481246,149.53257489060994,157.06231274481246,0.0,78889100
2018-03-28,0.0,149.124755859375,0.0,151.52402740333153,147.9772712438351,149.99721692350883,0.0,89369700
2018-03-29,0.0,151.85594177246094,0.0,153.35430347071113,148.53678995832982,149.93083487789318,0.0,68692600
2018-04-02,0.0,147.4746856689453,0.0,151.4861290656429,145.92891873474397,150.7748820837208,0.0,85549400
2018-04-03,0.0,149.1342315673828,0.0,149.7601322568049,146.45995098494458,148.7643837909705,0.0,64090000
2018-04-04,0.0,151.4861602783203,0.0,151.95083247455682,146.080670525663,146.25137736108286,0.0,65768700
2018-04-05,0.0,152.34906005859375,0.0,153.23101362262636,151.23951677766496,152.9939313539573,0.0,43054900
2018-04-06,0.0,148.53680419921875,0.0,152.16890669763632,147.8255573137145,150.67054485573146,0.0,59870900
2018-04-09,0.0,149.57994079589844,0.0,152.5671860613218,149.32390236456325,149.81702306440727,0.0,41810400
2018-04-10,0.0,152.88014221191406,0.0,153.3732629305298,150.85071849503805,151.9318131017785,0.0,48296800
2018-04-11,0.0,151.99815368652344,0.0,153.62928053876055,151.82746143169308,151.9222856387042,0.0,41622100
2018-04-12,0.0,153.8284912109375,0.0,154.35955326601922,152.83274262248142,152.91808878054334,0.0,30467900
2018-04-13,0.0,153.0318603515625,0.0,154.82420174967174,152.36803288380975,154.59661202950136,0.0,44604900
2018-04-16,0.0,154.19833374023438,0.0,154.75784449546558,153.13619519617177,154.10349503207254,0.0,28180800
2018-04-17,0.0,157.51751708984375,0.0,157.85891624824035,155.4406734154611,155.75362384985445,0.0,35536100
2018-04-18,0.0,157.8399200439453,0.0,158.3709820998015,156.76830337886395,157.5174915772263,0.0,29573900
2018-04-19,0.0,156.38893127441406,0.0,157.41312828115915,155.84837682487438,157.04328056791937,0.0,34705700
2018-04-20,0.0,153.91380310058594,0.0,156.10444082523745,153.3732486125018,155.99064597315763,0.0,49197100
2018-04-23,0.0,153.5249786376953,0.0,155.2699004953339,152.6999370521454,154.66297052440083,0.0,33040600
2018-04-24,0.0,150.2722625732422,0.0,154.49232493297612,149.25754330801686,154.25524261534662,0.0,70256800
2018-04-25,0.0,150.45237731933594,0.0,151.07827787921,148.38502722019862,150.537737919574,0.0,52089300
2018-04-26,0.0,153.61981201171875,0.0,154.1319032784038,151.90332445497944,152.39645956129382,0.0,43005500
2018-04-27,0.0,153.71461486816406,0.0,155.91474467500421,152.84215409073244,155.87680341883143,0.0,51043400
2018-04-30,0.0,152.62405395507812,0.0,155.03280297003732,152.24471371666098,154.07499599994125,0.0,35615300
2018-05-01,0.0,154.36895751953125,0.0,154.38792814681278,151.86537012127368,152.22573968787893,0.0,36513500
2018-05-02,0.0,153.45860290527344,0.0,155.11817862477125,153.2784180833288,154.63452158263522,0.0,38646800
2018-05-03,0.0,153.43963623046875,0.0,154.00862495247145,150.9929456559059,152.6809701307795,0.0,60337100
2018-05-04,0.0,156.35101318359375,0.0,156.7113828700259,152.66201358471108,152.77582291589437,0.0,41543200
2018-05-07,0.0,157.65020751953125,0.0,158.16229877798284,156.9579169776442,157.08120436982844,0.0,32500200
2018-05-08,0.0,157.489013671875,0.0,157.83039824135489,156.341529144273,157.318306916782,0.0,26040200
2018-05-09,0.0,159.2054901123047,0.0,159.31928497105665,157.21399326202513,157.77350394469346,0.0,29122700
2018-05-10,0.0,160.85557556152344,0.0,160.9693848921258,159.59429613580258,159.7175835479745,0.0,27067600
2018-05-11,0.0,160.70387268066406,0.0,161.08319857271485,160.0021038629794,160.66593140924584,0.0,24688800
2018-05-14,0.0,160.97885131835938,0.0,161.99357031662134,160.71332035010164,161.0736900086025,0.0,21821700
2018-05-15,0.0,159.19601440429688,0.0,159.793466416665,158.35200201509426,159.70812026357098,0.0,49361600
2018-05-16,0.0,160.24862670898438,0.0,160.61847443172474,159.3287464423619,159.4046144970717,0.0,22941200
2018-05-17,0.0,159.63221740722656,0.0,160.84607733234424,158.85458070532368,159.68911483022399,0.0,27480200
2018-05-18,0.0,158.8072052001953,0.0,159.56585694092237,158.57012291362952,159.01582429964716,0.0,26217900
2018-05-21,0.0,159.69859313964844,0.0,160.74176079726993,159.0157951219965,160.0399921484744,0.0,22954600
2018-05-22,0.0,159.48995971679688,0.0,160.6943415640802,159.20547260120784,160.42881060929594,0.0,19477700
2018-05-23,0.0,160.8366241455078,0.0,160.8555803092064,158.25716778780853,158.27612395150712,0.0,26557800
2018-05-24,0.0,160.78919982910156,0.0,161.07370144968664,159.16755072101418,160.78919982910156,0.0,27696500
2018-05-25,0.0,160.9503936767578,0.0,161.52887492630407,160.46675111219355,160.77020885750298,0.0,27460500
2018-05-29,0.0,160.23915100097656,0.0,161.14006064967222,159.28134392799413,160.22018036943027,0.0,41220500
2018-05-30,0.0,161.38662719726562,0.0,161.67112880001466,160.47623943289182,160.81763846212016,0.0,22665800
2018-05-31,0.0,161.28231811523438,0.0,162.353920033033,160.86505104479156,161.38662041249307,0.0,35670900
2018-06-01,0.0,163.8143768310547,0.0,163.90920106051405,162.04099154295287,162.0884108928595,0.0,45543300
2018-06-04,0.0,165.2937774658203,0.0,165.33170426571945,164.12733663672074,164.23163895403206,0.0,20459600
2018-06-05,0.0,165.80587768554688,0.0,166.08090126329938,165.07567460333357,165.6826047265406,0.0,24779300
2018-06-06,0.0,166.77316284179688,0.0,166.8016115583178,165.14203556627743,165.97656983850254,0.0,25036600
2018-06-07,0.0,165.41700744628906,0.0,166.8395008338261,164.582487832106,166.80157404377957,0.0,39600300
2018-06-08,0.0,165.42652893066406,0.0,165.84379604591365,164.23162501511237,164.63941404878028,0.0,31780300
2018-06-11,0.0,165.8722381591797,0.0,166.28001270626433,165.27478622518285,165.3032349391491,0.0,22319700
2018-06-12,0.0,166.74473571777344,0.0,166.90594995571973,165.91969389111992,166.09986429563205,0.0,22511800
2018-06-13,0.0,166.73524475097656,0.0,167.98703175433457,166.36538247617995,167.00077576594205,0.0,37858600
2018-06-14,0.0,168.4232635498047,0.0,168.69827263752708,167.38009569219312,167.5033831127348,0.0,35916000
2018-06-15,0.0,167.83529663085938,0.0,168.16721763675991,167.0102548629448,167.78787727710858,0.0,49615700
2018-06-18,0.0,167.7383270263672,0.378,167.88087504484002,166.25576962895227,166.77846986555994,0.0,31633200
2018-06-19,0.0,167.26316833496094,0.0,167.3011763108172,165.08685280936797,165.61905147931247,0.0,38236000
2018-06-20,0.0,168.4511260986328,0.0,169.14488408086777,167.88090492061724,168.03296583493164,0.0,33038000
2018-06-21,0.0,166.98757934570312,0.0,169.04985655002235,166.66444627809435,168.8787843964263,0.0,43469400
2018-06-22,0.0,166.61697387695312,0.0,167.61483938781103,166.01824296937448,167.54832178770778,0.0,30073200
2018-06-25,0.0,162.86300659179688,0.0,165.3529568706742,161.38044896848186,165.105854265904,0.0,77799700
2018-06-26,0.0,163.5282745361328,0.0,164.46912063332582,162.86301165766753,163.46174244775548,0.0,39008100
2018-06-27,0.0,161.30442810058594,0.0,164.96331603049703,161.19038966165343,164.22203717478075,0.0,52843500
2018-06-28,0.0,162.69189453125,0.0,163.24310427118897,160.7721660578517,161.10479737548926,0.0,46407700
2018-06-29,0.0,163.12911987304688,0.0,164.33607988800907,162.89153011820625,163.4712497000705,0.0,36408500
2018-07-02,0.0,164.2220458984375,0.0,164.26956675095957,161.24741744676086,161.59904565303333,0.0,31770000
2018-07-03,0.0,162.3212890625,0.0,164.83973413041227,162.15972980355136,164.83973413041227,0.0,25512700
2018-07-05,0.0,164.33602905273438,0.0,164.46907869423478,162.5398516418171,163.3761719605759,0.0,31626200
2018-07-06,0.0,166.89251708984375,0.0,167.01606837992483,164.41207992821478,164.71620171877586,0.0,37005600
2018-07-09,0.0,168.39407348632812,0.0,168.43208145670576,167.09208660636367,167.75733484790302,0.0,27362100
2018-07-10,0.0,168.51766967773438,0.0,168.89780748811478,167.93795009104113,168.70773858292458,0.0,23902500
2018-07-11,0.0,167.6622772216797,0.0,168.28001906681746,167.073059478267,167.1965962462364,0.0,30280600
2018-07-12,0.0,170.55142211914062,0.0,170.55142211914062,168.2895631966601,168.40360162928044,0.0,27930100
2018-07-13,0.0,170.6939697265625,0.0,170.96956743847082,170.06672934608991,170.54190881590372,0.0,28049800
2018-07-16,0.0,170.28533935546875,0.0,171.01711993477946,170.0002432218808,170.73200929986223,0.0,21405300
2018-07-17,0.0,171.32119750976562,0.0,171.68232401936834,168.47961926874322,168.47961926874322,0.0,31034100
2018-07-18,0.0,170.99806213378906,0.0,171.48275443157806,170.47537636363865,171.34019190227087,0.0,23220800
2018-07-19,0.0,170.1427459716797,0.0,170.95055680523234,169.94317873132223,170.38033568727454,0.0,31094100
2018-07-20,0.0,170.10479736328125,0.0,171.22621425162026,169.9147139234071,170.65600743598924,0.0,35897300
2018-07-23,0.0,170.64642333984375,0.0,170.72245378379418,168.91677786927548,169.60103736350507,0.0,22184700
2018-07-24,0.0,171.3496856689453,0.0,173.01281348283987,170.64641497287909,172.40458446238281,0.0,36900300
2018-07-25,0.0,173.74459838867188,0.0,173.84912393276056,171.34017734417762,171.4257206550238,0.0,35026600
2018-07-26,0.0,171.1121063232422,0.0,171.93891384598405,170.88401498878858,171.38770399704794,0.0,40873500
2018-07-27,0.0,168.802734375,0.0,172.30956085334125,167.8333787885038,172.19552243171236,0.0,59456100
2018-07-30,0.0,166.41734313964844,0.0,168.90727875110102,165.6190451651664,168.81225156442017,0.0,60193000
2018-07-31,0.0,167.69081115722656,0.0,168.33706269655016,166.14173613904717,167.0730837237674,0.0,47285100
2018-08-01,0.0,168.3275909423828,0.0,168.831280080712,167.35823514861437,168.08050280891155,0.0,37101900
2018-08-02,0.0,170.617919921875,0.0,170.8175016571464,167.06357267028005,167.13960311698702,0.0,47178200
2018-08-03,0.0,171.140625,0.0,171.15012336810906,170.1902661413825,170.94104325910718,0.0,28934400
2018-08-06,0.0,172.14801025390625,0.0,172.19553109908531,170.81751359684836,171.02659371457545,0.0,24808800
2018-08-07,0.0,172.7752685546875,0.0,173.09838713334858,172.26206657556463,172.63270600434117,0.0,29895700
2018-08-08,0.0,172.9842987060547,0.0,173.2979188245954,172.0719479519978,172.5376289464352,0.0,22680700
2018-08-09,0.0,172.8798370361328,0.0,173.56409678653213,172.6232360044006,172.8798370361328,0.0,18852900
2018-08-10,0.0,171.5587921142578,0.0,172.2240404417664,170.91254052373094,171.71083851674123,0.0,33818500
2018-08-13,0.0,171.3687286376953,0.0,172.97482304284017,171.29269818339372,171.87241770878288,0.0,26089200
2018-08-14,0.0,172.442626953125,0.0,172.64220871132906,171.10261736592713,172.02446669885106,0.0,20913000
2018-08-15,0.0,170.33285522460938,0.0,171.61584579350964,169.27795605723082,171.0741341528939,0.0,58528000
2018-08-16,0.0,170.8935546875,0.0,172.0054729275456,170.56092325186526,171.6443318832938,0.0,27711800
2018-08-17,0.0,170.93154907226562,0.0,171.35920766883967,169.42048193041867,170.4468712629918,0.0,36092600
2018-08-20,0.0,170.77947998046875,0.0,171.37821068775344,170.11423169533302,171.31167860857735,0.0,24939000
2018-08-21,0.0,171.40670776367188,0.0,172.43309697199612,171.18812930767402,171.29266935207716,0.0,26258700
2018-08-22,0.0,172.0719451904297,0.0,172.27152689950643,170.82697760431782,171.04555604658432,0.0,18042400
2018-08-23,0.0,171.82489013671875,0.0,173.01283874869645,171.53977956957894,171.76787092355596,0.0,25776200
2018-08-24,0.0,173.42149353027344,0.0,173.5640560706057,172.35709616882636,172.3951041454524,0.0,23136100
2018-08-27,0.0,175.1891632080078,0.0,175.1891632080078,174.0202257742562,174.29582348578282,0.0,29343600
2018-08-28,0.0,175.4457550048828,0.0,175.83540562952786,175.07511561838103,175.65483512048132,0.0,20277000
2018-08-29,0.0,177.47003173828125,0.0,177.5650589304477,175.6833523101655,175.74986989454936,0.0,29175600
2018-08-30,0.0,177.15635681152344,0.0,178.21125547750324,176.56712459632297,177.12784721255008,0.0,29315500
2018-08-31,0.0,177.38449096679688,0.0,177.88818004664083,176.74775221494372,176.9378211033388,0.0,28653200
2018-09-04,0.0,176.62423706054688,0.0,177.14692294236286,175.67387800076742,176.8428155839242,0.0,29063500
2018-09-05,0.0,174.3433837890625,0.0,176.33914381171266,173.74466738333132,176.31063419721738,0.0,42623300
2018-09-06,0.0,172.78477478027344,0.0,174.62847363849232,171.61583722118763,174.41939348954,0.0,46091400
2018-09-07,0.0,172.11949157714844,0.0,173.6020490601249,171.48275288901496,171.5397720996948,0.0,46629500
2018-09-10,0.0,172.6992645263672,0.0,173.20295371176005,171.75840375486166,173.10791199698303,0.0,26132000
2018-09-11,0.0,174.0297088623047,0.0,174.31481941902902,171.55878454045302,172.0054543623452,0.0,30116500
2018-09-12,0.0,173.51646423339844,0.0,173.89660184943992,172.02439436272851,173.77306509995273,0.0,36204000
2018-09-13,0.0,175.36968994140625,0.0,175.70232128729677,174.5238712775403,174.59990171378166,0.0,31133200
2018-09-14,0.0,174.8565673828125,0.0,175.76890395295317,174.16279483316268,175.49330620816625,0.0,31224100
2018-09-17,0.0,172.3380889892578,0.0,174.68547676235534,172.17652970747025,174.5619254580891,0.0,33071200
2018-09-18,0.0,173.76361083984375,0.0,174.60942964693217,172.39509175841403,172.48063507699746,0.0,31877300
2018-09-19,0.0,173.63055419921875,0.0,174.20077529399987,172.49962487874194,173.7921134590976,0.0,31843400
2018-09-20,0.0,175.55030822753906,0.0,175.7878979675069,174.40988037595886,174.82804063851455,0.0,33295800
2018-09-21,0.0,174.59043884277344,0.0,176.2725636446367,174.3718458561419,176.0254755526097,0.0,38605400
2018-09-24,0.0,175.0760040283203,0.33,175.14265584526314,172.6101482950509,173.32420019269114,0.0,34945600
2018-09-25,0.0,175.3140106201172,0.0,175.44729971843907,174.40001785489423,174.99982606105374,0.0,25277500
2018-09-26,0.0,175.43777465820312,0.0,177.07533464937444,175.0950292059249,175.46633556860786,0.0,36210600
2018-09-27,0.0,176.9230194091797,0.0,177.55138856147443,176.05663295926632,176.15184568928296,0.0,33113300
2018-09-28,0.0,176.8848419189453,0.0,177.3513608237835,176.10415311917265,176.42785299889752,0.0,28076800
2018-10-01,0.0,177.2467041015625,0.0,178.5415186696014,176.79923045858732,177.9131495717101,0.0,27371300
2018-10-02,0.0,176.8468780517578,0.0,178.20833022052656,176.437495213012,177.09441084769074,0.0,25618600
2018-10-03,0.0,177.03720092773438,0.0,178.0083152288606,176.76110735146463,177.5894026076917,0.0,29128700
2018-10-04,0.0,173.63836669921875,0.0,176.4374521710363,172.38162851700616,176.32319400065782,0.0,80557300
2018-10-05,0.0,171.5152130126953,0.0,174.20005438542753,169.87765328055065,173.61929175335973,0.0,83325600
2018-10-08,0.0,170.46798706054688,0.0,171.9817735477524,168.44959055018361,170.91546073071544,0.0,66864500
2018-10-09,0.0,171.0201873779297,0.0,172.34356292550575,170.18236187071406,170.59174463519832,0.0,49097900
2018-10-10,0.0,163.49884033203125,0.0,170.05859656636554,163.27986848279403,169.95386837283067,0.0,114471100
2018-10-11,0.0,161.470947265625,0.0,165.0887987187315,159.7667352080754,162.8228838293248,0.0,143084500
2018-10-12,0.0,165.9646759033203,0.0,166.47878677388903,162.73714803046397,165.8218568361367,0.0,102078400
2018-10-15,0.0,163.95579528808594,0.0,165.69806862950014,163.33694177294458,165.3838986696784,0.0,64885300
2018-10-16,0.0,168.72572326660156,0.0,169.1351060942779,165.3744352478589,165.6791043983922,0.0,71979700
2018-10-17,0.0,168.79234313964844,0.0,169.71585143166217,167.05958473898878,169.54448594774533,0.0,66987600
2018-10-18,0.0,164.87936401367188,0.0,168.21160675794908,164.17484198814842,168.15448492100668,0.0,82486200
2018-10-19,0.0,164.72703552246094,0.0,167.6308498135492,164.12722721042925,166.21226131661106,0.0,82923700
2018-10-22,0.0,165.5743408203125,0.0,166.85010992890815,164.3176026339909,165.71714537447562,0.0,52909300
2018-10-23,0.0,164.9650421142578,0.0,165.7838222458832,160.72833688038043,162.46109535165695,0.0,77567000
2018-10-24,0.0,157.4150848388672,0.0,165.0506822800182,157.12946123362732,164.77458866231902,0.0,102997400
2018-10-25,0.0,162.86090087890625,0.0,163.8320152077044,159.1478380444109,159.86188970699988,0.0,83481100
2018-10-26,0.0,158.67184448242188,0.0,161.81367551274892,156.35830894532376,157.2818171623955,0.0,130970900
2018-10-29,0.0,155.40625,0.0,161.7184733859481,152.41675332095778,161.09963422268467,0.0,111871900
2018-10-30,0.0,157.96731567382812,0.0,158.08155932598135,154.24472171532688,154.94925813425803,0.0,92584000
2018-10-31,0.0,161.68038940429688,0.0,163.04184131039764,160.46172753175563,160.53789480675334,0.0,73828600
2018-11-01,0.0,163.8130340576172,0.0,163.98441407816128,160.69024805642056,161.91842553347732,0.0,52706800
2018-11-02,0.0,161.26145935058594,0.0,164.2795164773199,160.15705577276574,163.3084019845869,0.0,75966800
2018-11-05,0.0,160.86163330078125,0.0,161.52807889693048,159.0717383904738,161.47095706403547,0.0,39573500
2018-11-06,0.0,162.08026123046875,0.0,162.98472403927326,160.63311201992792,160.87112931316187,0.0,34410400
2018-11-07,0.0,167.164306640625,0.0,167.164306640625,163.6321236272519,164.02247547360042,0.0,51169600
2018-11-08,0.0,166.09800720214844,0.0,166.89774188294302,165.30778798395005,166.38361635427236,0.0,40296500
2018-11-09,0.0,163.2988739013672,0.0,164.94594915279117,162.00405952028314,164.54608192843838,0.0,50602700
2018-11-12,0.0,158.35763549804688,0.0,162.4610504855277,158.21481643431423,162.15639596558697,0.0,62578400
2018-11-13,0.0,158.49095153808594,0.0,161.35667443118766,158.04347787828496,159.1002752090499,0.0,64128100
2018-11-14,0.0,157.28182983398438,0.0,160.6140720530409,156.37736699429652,160.0618701705922,0.0,75270700
2018-11-15,0.0,160.0332794189453,0.0,160.46170757603178,155.62520969825405,156.99617689544667,0.0,73254300
2018-11-16,0.0,159.47157287597656,0.0,160.24274651594462,157.83401287589223,158.47189742410555,0.0,65390700
2018-11-19,0.0,154.29234313964844,0.0,158.90035490695985,153.79726305295634,158.70994395897802,0.0,67280500
2018-11-20,0.0,151.53131103515625,0.0,153.64490545418477,149.598612057091,150.7791683624586,0.0,102652800
2018-11-21,0.0,152.68331909179688,0.0,154.20663548445114,151.59796088344277,153.61635728282297,0.0,42965800
2018-11-23,0.0,151.5789337158203,0.0,153.13079653070835,151.46467554071668,151.46467554071668,0.0,23503700
2018-11-26,0.0,155.08248901367188,0.0,155.15865626231883,153.05457778477154,153.70199213456195,0.0,42012600
2018-11-27,0.0,155.60617065429688,0.0,155.99652245839667,153.45448526505874,154.23518887325832,0.0,36608100
2018-11-28,0.0,160.61407470703125,0.0,160.61407470703125,155.63475674795546,156.72963054133936,0.0,70141000
2018-11-29,0.0,160.0903778076172,0.0,161.14717485506318,158.8241389699034,159.93805782627865,0.0,44885700
2018-11-30,0.0,161.25196838378906,0.0,161.34718112221498,159.50967986804972,160.3094290995242,0.0,36722800
2018-12-03,0.0,164.07008361816406,0.0,165.00310734737175,161.38524155600243,164.8126964167571,0.0,50771700
2018-12-04,0.0,157.77688598632812,0.0,163.6701957996208,157.58647507956982,163.21319219049573,0.0,70594700
2018-12-06,0.0,158.89080810546875,0.0,158.90985355473777,154.01621906693325,154.5969817865573,0.0,71715500
2018-12-07,0.0,153.64491271972656,0.0,159.1097799392625,153.14983273064016,158.19580175817202,0.0,80432200
2018-12-10,0.0,155.25390625,0.0,155.92986713706762,151.76933005627959,153.35928361925218,0.0,73960800
2018-12-11,0.0,155.7680206298828,0.0,157.82449330114315,154.4541606686741,157.7864024031081,0.0,59058300
2018-12-12,0.0,157.13900756835938,0.0,159.5667866743304,157.05332483609985,158.04347030619365,0.0,53780000
2018-12-13,0.0,157.1865692138672,0.0,158.8241287591798,156.16784859539428,158.16719894389055,0.0,46378500
2018-12-14,0.0,153.35926818847656,0.0,155.95841235394641,152.9974773387515,155.3871797004755,0.0,56547400
2018-12-17,0.0,149.8842315673828,0.0,153.92100978468972,148.68462973023378,152.70236249784642,0.0,74834100
2018-12-18,0.0,150.82679748535156,0.0,152.2834621659795,149.51293737050176,151.0457693286856,0.0,63642100
2018-12-19,0.0,147.1232452392578,0.0,153.0165556282606,145.99028062134968,150.59829184118794,0.0,81856500
2018-12-20,0.0,144.9906005859375,0.0,148.39900979512382,143.18167506025776,146.76144973870086,0.0,99002100
2018-12-21,0.0,140.49684143066406,0.0,146.70432138674312,139.6875768998414,145.7141759333399,0.0,141129400
2018-12-24,0.0,137.01280212402344,0.421,141.29027089150622,136.9746168125307,139.47616993139565,0.0,56163300
2018-12-26,0.0,145.56773376464844,0.0,145.64410437689799,137.57610718480598,138.5213574124602,0.0,98982100
2018-12-27,0.0,146.1310577392578,0.0,146.25517091060647,140.43094290299098,143.57220516546255,0.0,85824300
2018-12-28,0.0,146.05465698242188,0.0,148.55620947691614,144.86116597260866,147.1813055025742,0.0,77856600
2018-12-31,0.0,147.28636169433594,0.0,147.97381381406322,145.80644421199165,147.4868746330001,0.0,53015300
2019-01-02,0.0,147.87832641601562,0.0,148.70899156234705,144.05915488311425,144.16418268302837,0.0,58576700
2019-01-03,0.0,143.04708862304688,0.0,146.33156417582867,142.73200519716977,145.7014118930589,0.0,74820200
2019-01-04,0.0,149.16732788085938,0.0,149.9025226764872,144.8803160150912,145.453183156539,0.0,74709300
2019-01-07,0.0,150.9432373046875,0.0,151.6784320691638,149.0527510507349,149.53969028568113,0.0,52059300
2019-01-08,0.0,152.3086395263672,0.0,152.87196410725284,150.09351195754246,152.3277249037261,0.0,49388700
2019-01-09,0.0,153.54978942871094,0.0,154.21814149380342,152.26081328468933,152.90052273049088,0.0,46491700
2019-01-10,0.0,153.9890594482422,0.0,154.07498734711655,151.52569103091892,152.38501372663038,0.0,38943400
2019-01-11,0.0,153.42568969726562,0.0,153.58800275919504,152.5663672547756,153.08196363406662,0.0,30176600
2019-01-14,0.0,152.0698699951172,0.0,152.72867943032924,151.42060324411707,152.12715523835587,0.0,30710200
2019-01-15,0.0,155.03932189941406,0.0,155.2493775654394,152.68098156911967,152.76690945913336,0.0,40874200
2019-01-16,0.0,155.01065063476562,0.0,156.3759976427261,154.95335081635352,155.2970768819006,0.0,33812200
2019-01-17,0.0,156.2327880859375,0.0,156.92978291818682,154.26591677611984,154.51415771896586,0.0,39329000
2019-01-18,0.0,157.77955627441406,0.0,158.51475102441884,156.41420916481994,157.33080236185145,0.0,57183200
2019-01-22,0.0,154.61915588378906,0.0,156.71969723216404,153.49249274911702,156.6433120561708,0.0,56711700
2019-01-23,0.0,154.81968688964844,0.0,156.11820601755403,153.07242843269594,155.4116684862577,0.0,38106100
2019-01-24,0.0,155.82220458984375,0.0,156.05136013983042,154.73374122312916,155.32570818269798,0.0,32417800
2019-01-25,0.0,157.68406677246094,0.0,158.1614632986494,156.53831802340574,157.07299980169913,0.0,36515900
2019-01-28,0.0,155.73629760742188,0.0,155.7458402932487,154.4377784546573,155.6503697280223,0.0,33491200
2019-01-29,0.0,154.26593017578125,0.0,155.86043292533694,153.71214842226706,155.82223304220537,0.0,30784200
2019-01-30,0.0,158.19007873535156,0.0,158.76296029590648,155.52621298743276,156.01315211561615,0.0,41346500
2019-01-31,0.0,160.5579833984375,0.0,161.35046328253006,158.94438100772962,159.16397930339883,0.0,37258400
2019-02-01,0.0,159.88009643554688,0.0,160.97811720591278,159.44089978258933,159.7655259293816,0.0,32143700
2019-02-04,0.0,161.86605834960938,0.0,161.86605834960938,159.7655166345308,159.9087297589055,0.0,26718800
2019-02-05,0.0,163.29820251464844,0.0,163.4891581504402,162.0187837289644,162.08561164545,0.0,28156400
2019-02-06,0.0,162.8113250732422,0.0,163.6228904747357,162.0761302997826,163.3364641971419,0.0,27970000
2019-02-07,0.0,160.6248016357422,0.0,161.78965011132664,159.40266791856885,161.38863885122132,0.0,42036200
2019-02-08,0.0,160.9398956298828,0.0,160.96853825256312,159.0398670034973,159.22126542414452,0.0,29020700
2019-02-11,0.0,160.78707885742188,0.0,161.91374177728378,160.38606768665133,161.5222732883245,0.0,21434100
2019-02-12,0.0,163.16455078125,0.0,163.40324899554577,161.6750762550817,161.9615170260332,0.0,29722100
2019-02-13,0.0,163.27915954589844,0.0,164.37718033050018,163.09776109844697,163.8902265350124,0.0,26094100
2019-02-14,0.0,163.47970581054688,0.0,164.06213029141102,162.15254374024846,162.69676833145542,0.0,30326800
2019-02-15,0.0,164.16712951660156,0.0,164.75909658219274,163.4032921154921,164.72091126818125,0.0,32521700
2019-02-19,0.0,164.49176025390625,0.0,164.98825676378974,163.6324522593657,163.66109488791793,0.0,19487700
2019-02-20,0.0,164.46307373046875,0.0,165.25555356987178,163.57512334436828,164.60628683500653,0.0,32593000
2019-02-21,0.0,163.86154174804688,0.0,164.47260857993902,162.99269134026608,164.0238547817858,0.0,25207400
2019-02-22,0.0,165.07412719726562,0.0,165.18869767159953,164.12887707706497,164.2148195017974,0.0,27735400
2019-02-25,0.0,165.67567443847656,0.0,166.76413780344336,165.5610893791752,166.33448389576932,0.0,32608800
2019-02-26,0.0,165.8475341796875,0.0,166.3726732212991,164.9977690283467,165.27466714528026,0.0,21939700
2019-02-27,0.0,165.7425079345703,0.0,165.94302086834384,163.99523505362922,165.08369845515168,0.0,25162000
2019-02-28,0.0,165.3606719970703,0.0,165.95263924557077,164.89281798419634,165.2270015032479,0.0,25085500
2019-03-01,0.0,166.50633239746094,0.0,166.75457330535846,165.35102658401135,166.55407495601366,0.0,31431200
2019-03-04,0.0,166.53497314453125,0.0,167.84303473405134,164.67312993379528,167.60433651295742,0.0,38063500
2019-03-05,0.0,166.6591796875,0.0,167.1747616785067,165.83805683590404,166.6591796875,0.0,22319900
2019-03-06,0.0,165.7139129638672,0.0,166.85011925434844,165.44657202128204,166.82147662257063,0.0,27194600
2019-03-07,0.0,163.6801300048828,0.0,165.35101747934172,163.06906316841142,165.29373223982606,0.0,39407400
2019-03-08,0.0,163.4319305419922,0.0,163.51785842304912,161.68465744890344,161.84697052500638,0.0,39303200
2019-03-11,0.0,166.83096313476562,0.0,166.94554819228236,164.08116942708895,164.10981204922217,0.0,30518400
2019-03-12,0.0,167.7476043701172,0.0,168.17725835721112,166.86919645435123,167.27020781357135,0.0,33953500
2019-03-13,0.0,169.00791931152344,0.0,169.88632720446222,168.37776694568856,168.61646521775845,0.0,42426100
2019-03-14,0.0,168.72146606445312,0.0,169.32297570698708,168.67372350387515,169.12247734913709,0.0,23751500
2019-03-15,0.0,170.287353515625,0.0,170.79339268806322,169.26571791569242,169.380288424475,0.0,38192000
2019-03-18,0.0,170.69290161132812,0.324,171.20943636618364,169.87028462013257,170.2146362582028,0.0,32935100
2019-03-19,0.0,171.266845703125,0.0,172.17554706017555,170.539872941083,171.3911847843938,0.0,36893300
2019-03-20,0.0,171.9459686279297,0.0,172.99815832945106,170.49205234373844,171.27639999764403,0.0,50105000
2019-03-21,0.0,174.63380432128906,0.0,174.88249703098901,171.41028616962532,171.42942086898657,0.0,42428500
2019-03-22,0.0,170.79812622070312,0.0,174.34686168026096,170.61638304522566,173.87815636431912,0.0,70794500
2019-03-25,0.0,170.47288513183594,0.0,171.0659294347799,169.23895248122832,170.17636298036396,0.0,46336500
2019-03-26,0.0,171.266845703125,0.0,172.83555565918653,170.39639915673365,171.79294057157594,0.0,33248100
2019-03-27,0.0,170.16680908203125,0.0,171.90770199655512,168.9233308236576,171.52509554713254,0.0,37096700
2019-03-28,0.0,170.55899047851562,0.0,171.19986430994626,169.53551019699222,170.60681993365233,0.0,30368200
2019-03-29,0.0,171.85028076171875,0.0,172.01288920247762,170.82678607544503,171.8789755103528,0.0,35205500
2019-04-01,0.0,174.1268310546875,0.0,174.33726896285083,172.91204765224384,173.61987098379385,0.0,30969500
2019-04-02,0.0,174.7868194580078,0.0,174.9590025428674,173.8781183746583,174.31812883996832,0.0,22645200
2019-04-03,0.0,175.79119873046875,0.0,176.88164306929457,175.24598385880543,175.772064031051,0.0,31633500
2019-04-04,0.0,175.7242431640625,0.0,176.4798959169721,174.71030846659704,175.83902216564402,0.0,28530800
2019-04-05,0.0,176.63294982910156,0.0,176.73816878233495,176.0207708090617,176.23120871552845,0.0,25674700
2019-04-08,0.0,177.08255004882812,0.0,177.22602382931026,175.64775386200049,176.3460172528495,0.0,22697500
2019-04-09,0.0,176.46078491210938,0.0,177.06340394232524,176.08773851138068,176.4799196134418,0.0,25631900
2019-04-10,0.0,177.4077606201172,0.0,177.4651501302414,176.49905932031487,176.69036255256256,0.0,24563000
2019-04-11,0.0,176.98684692382812,0.0,177.7042448380507,176.66163003896673,177.7042448380507,0.0,20654100
2019-04-12,0.0,177.7521514892578,0.0,177.86693053482696,177.01561855734573,177.7712861953541,0.0,24989100
2019-04-15,0.0,177.78077697753906,0.0,177.98165482451637,176.59467378531275,177.7616422788987,0.0,21073000
2019-04-16,0.0,178.39295959472656,0.0,178.78514064957034,177.8477301386512,178.431214397285,0.0,27195700
2019-04-17,0.0,179.01470947265625,0.0,179.76080222936824,178.48862927932072,179.5886337142038,0.0,29651600
2019-04-18,0.0,179.24424743652344,0.0,179.62685379325575,178.19205806226415,179.3112115764749,0.0,28580900
2019-04-22,0.0,179.75120544433594,0.0,179.81816958354872,178.32596977956047,178.45989805798604,0.0,17936000
2019-04-23,0.0,182.03736877441406,0.0,182.2573667651012,179.9521386985504,180.210391498074,0.0,33665600
2019-04-24,0.0,181.4634246826172,0.0,182.41995527278428,181.4060205869884,182.1903826767647,0.0,24977100
2019-04-25,0.0,182.199951171875,0.0,182.90778909578103,181.21472578598505,182.82170484159627,0.0,29517500
2019-04-26,0.0,182.36257934570312,0.0,182.40084874870024,180.39212836087393,181.913008731242,0.0,26359500
2019-04-29,0.0,182.71652221679688,0.0,183.0034843833008,182.06607366635453,182.36259588672448,0.0,21716200
2019-04-30,0.0,181.30084228515625,0.0,181.59737909480913,180.0286691590567,181.2434527721595,0.0,31495300
2019-05-01,0.0,180.7173309326172,0.0,183.00345322605676,180.59299187151976,182.4869184951919,0.0,34797100
2019-05-02,0.0,179.93299865722656,0.0,181.59736740449787,178.74689528147567,180.65995676755728,0.0,44110100
2019-05-03,0.0,182.80258178710938,0.0,182.93649550064933,181.09995831688713,181.4251752504127,0.0,30386200
2019-05-06,0.0,181.68345642089844,0.0,181.932149166214,178.64168098880194,178.91908308502047,0.0,38371800
2019-05-07,0.0,178.1442413330078,0.0,180.4686033868293,176.4894330986486,179.7033760859489,0.0,58818100
2019-05-08,0.0,177.6947021484375,0.0,179.03383921429318,176.91991466065676,177.5607884418519,0.0,37165300
2019-05-09,0.0,176.7381591796875,0.0,177.3503381664661,174.17464963814712,175.71466445425392,0.0,55351700
2019-05-10,0.0,176.95822143554688,0.0,177.8095333764707,173.1607924889924,176.10690949462304,0.0,58526400
2019-05-13,0.0,170.8172149658203,0.0,173.38070964782196,170.31981502920178,172.45287391406097,0.0,67185800
2019-05-14,0.0,172.69203186035156,0.0,173.73466132962173,171.08506742321788,171.7163811358771,0.0,43360600
2019-05-15,0.0,175.13119506835938,0.0,175.57120559405928,171.51551034054117,171.5537797404279,0.0,40944500
2019-05-16,0.0,176.89120483398438,0.0,177.98166377886764,174.99727824726477,175.2077161564002,0.0,39281200
2019-05-17,0.0,175.08335876464844,0.0,177.51295471989218,174.930324957589,175.1407628622321,0.0,44702300
2019-05-20,0.0,172.12765502929688,0.0,173.3041834197822,171.54417085921125,172.64418965619058,0.0,38608300
2019-05-21,0.0,173.9259796142578,0.0,174.40424496613264,173.05553317092557,173.6103227305604,0.0,31613800
2019-05-22,0.0,173.15115356445312,0.0,174.15551349908452,172.8928862451486,172.95985038535596,0.0,24332600
2019-05-23,0.0,170.50157165527344,0.0,171.2381042703414,169.4398221539929,171.16158007437997,0.0,45351300
2019-05-24,0.0,170.4154815673828,0.0,172.03202048735562,170.20504368457586,171.41984153614376,0.0,25903300
2019-05-28,0.0,169.774658203125,0.0,171.85032830302978,169.75552350024287,170.89379749594914,0.0,24763800
2019-05-29,0.0,168.3781280517578,0.0,169.30596416425297,167.47898669775194,168.72247974913233,0.0,42178800
2019-05-30,0.0,169.0859375,0.0,169.56420285445284,168.1294067910943,168.82767012185536,0.0,30354800
2019-05-31,0.0,166.38853454589844,0.0,167.67028235199257,166.31201032822835,167.09637261272013,0.0,45446200
2019-06-03,0.0,162.7250518798828,0.0,166.38856742506667,161.91200927304357,165.93899667960645,0.0,75842300
2019-06-04,0.0,167.30679321289062,0.0,167.36418272131644,163.92066626076243,164.55198004444745,0.0,47797800
2019-06-05,0.0,168.55030822753906,0.0,168.9329147309884,166.79985501302843,168.9042199730048,0.0,34412700
2019-06-06,0.0,169.889404296875,0.0,170.30070545834934,168.09112205759428,168.83721477484926,0.0,29913200
2019-06-07,0.0,173.1703338623047,0.0,173.86861187221265,170.5781435041325,170.79814150679422,0.0,45888300
2019-06-10,0.0,175.18856811523438,0.0,176.81468176117068,174.28944163935552,174.32769644014897,0.0,41385300
2019-06-11,0.0,175.42771911621094,0.0,177.34078045704422,174.83467477111253,177.0155635320225,0.0,41260300
2019-06-12,0.0,174.41380310058594,0.0,175.3129442875019,174.08858616780785,174.94945795351458,0.0,27758100
2019-06-13,0.0,175.44688415527344,0.0,175.87732011229355,174.7964501927546,175.14080187747112,0.0,23715800
2019-06-14,0.0,174.7007598876953,0.0,175.15033046741155,174.03119134200077,174.54771147853666,0.0,22844100
2019-06-17,0.0,175.7529296875,0.0,176.24075501688523,174.8920434294403,175.0833466216209,0.0,20379500
2019-06-18,0.0,178.306884765625,0.0,179.55993760149545,177.36947420516495,177.82861943312486,0.0,48177300
2019-06-19,0.0,178.9764862060547,0.0,179.37822740773072,177.5034351332425,178.5460502467948,0.0,31672900
2019-06-20,0.0,180.6408233642578,0.0,181.51125518377071,179.0242841922342,181.47300037888544,0.0,40922000
2019-06-21,0.0,180.37298583984375,0.0,181.52081966360234,179.99036483492492,180.43037534170685,0.0,39980400
2019-06-24,0.0,180.3787384033203,0.416,180.91557753577203,180.28286800348138,180.73343255273963,0.0,19375200
2019-06-25,0.0,177.28225708007812,0.0,180.35951473440724,177.0138375832989,180.25406317297504,0.0,33921100
2019-06-26,0.0,178.10675048828125,0.0,179.58307282840747,177.81916852519063,178.4614592890434,0.0,22595700
2019-06-27,0.0,178.78738403320312,0.0,179.20919038959585,178.2984800988948,178.74904464978982,0.0,19709200
2019-06-28,0.0,179.01747131347656,0.0,179.41050486317803,178.3751805645152,179.2187786829727,0.0,21179200
2019-07-01,0.0,181.4332733154297,0.0,182.68911142407103,180.58967507700524,182.44945000778995,0.0,31025600
2019-07-02,0.0,182.15223693847656,0.0,182.17141394538373,180.85807421376495,181.37573637809552,0.0,18035800
2019-07-03,0.0,183.52308654785156,0.0,183.52308654785156,182.42063550813918,182.6123762995804,0.0,15792100
2019-07-05,0.0,183.14923095703125,0.0,183.48474811499906,181.55787587069386,182.2672788270511,0.0,21415600
2019-07-08,0.0,181.86465454101562,0.0,182.018026712597,181.11689755111894,181.96051031978268,0.0,17598800
2019-07-09,0.0,182.77532958984375,0.0,183.00539511666486,180.8484430361123,181.00182980583799,0.0,19193500
2019-07-10,0.0,184.59677124023438,0.0,185.1048521742804,183.55185117797137,183.88738294699158,0.0,28374500
2019-07-11,0.0,184.46255493164062,0.0,185.34450698647373,183.8777806245724,184.87478007978802,0.0,23736100
2019-07-12,0.0,185.5266571044922,0.0,185.53623829321938,184.49131823896153,184.66388203043448,0.0,20211900
2019-07-15,0.0,186.1210479736328,0.0,186.15940199136577,185.440417750477,185.9580799676973,0.0,15606100
2019-07-16,0.0,185.16236877441406,0.0,186.06349786685294,184.59677145137917,185.89094870162975,0.0,20190900
2019-07-17,0.0,184.25167846679688,0.0,185.48833946269883,184.2325014593257,185.16238884677202,0.0,16765100
2019-07-18,0.0,184.46255493164062,0.0,184.81724906571245,182.80410240612667,183.37928089696462,0.0,28877000
2019-07-19,0.0,183.11087036132812,0.0,185.81425767305612,182.91914418827216,185.72798308934637,0.0,29387900
2019-07-22,0.0,184.5680694580078,0.0,184.9611177355024,183.52314907637216,183.52314907637216,0.0,18954900
2019-07-23,0.0,185.77587890625,0.0,185.79505590933096,184.3379108582924,185.57457157108567,0.0,23786700
2019-07-24,0.0,187.07965087890625,0.0,187.0892466950327,185.04732723661704,185.0665042411014,0.0,20422900
2019-07-25,0.0,185.30616760253906,0.0,186.47571621666083,184.95145884070303,186.4469580235077,0.0,23434700
2019-07-26,0.0,187.2138671875,0.0,187.46312437118914,186.3894314991254,186.48530189712415,0.0,20431200
2019-07-29,0.0,186.5716094970703,0.0,187.1084487142245,185.39247945740863,187.04135112596603,0.0,20451700
2019-07-30,0.0,185.7663116455078,0.0,186.49487691176398,185.0089881863579,185.1431979624516,0.0,18705000
2019-07-31,0.0,183.19712829589844,0.0,186.38940437030377,181.49074077982084,186.26479042436566,0.0,41627500
2019-08-01,0.0,182.28648376464844,0.0,186.91674449891423,181.40453142875592,183.5135491561314,0.0,63251600
2019-08-02,0.0,179.6022491455078,0.0,181.17442725803681,178.50939380664948,180.915588864479,0.0,55214000
2019-08-05,0.0,173.2559814453125,0.0,175.92101452399396,171.7892551332241,175.84432113559984,0.0,75040000
2019-08-06,0.0,175.68136596679688,0.0,176.1990427192213,173.58194464613536,174.85693026622062,0.0,41897200
2019-08-07,0.0,176.63046264648438,0.0,176.87970525179225,172.4507669887077,173.77370267883296,0.0,49990600
2019-08-08,0.0,180.47459411621094,0.0,180.532125132757,176.93720455651518,177.42610848888714,0.0,38418100
2019-08-09,0.0,178.77781677246094,0.0,180.22536631033915,177.37818781064036,179.61183373354245,0.0,33608900
2019-08-12,0.0,176.726318359375,0.0,178.2122073047734,175.9114637660263,177.6753681209171,0.0,24642900
2019-08-13,0.0,180.5992431640625,0.0,181.83588954612682,176.4099665923143,176.57293458822846,0.0,40241900
2019-08-14,0.0,175.20208740234375,0.0,178.2601696049674,174.87615136657,177.6945721379883,0.0,51000500
2019-08-15,0.0,175.00076293945312,0.0,175.9977479599001,173.66824609690406,175.43215054803335,0.0,36685000
2019-08-16,0.0,177.80958557128906,0.0,178.2601501830868,176.48666456205672,176.59211616540878,0.0,32781400
2019-08-19,0.0,180.63755798339844,0.0,181.02102494613362,179.7460247221059,180.37873423979224,0.0,22494100
2019-08-20,0.0,179.23794555664062,0.0,180.8388817438944,179.1900103573567,180.18700984249392,0.0,19902900
2019-08-21,0.0,180.8292999267578,0.0,181.40447843285907,180.18700921633845,180.81012292155705,0.0,20418500
2019-08-22,0.0,180.24453735351562,0.0,181.62498926257464,178.82573143155497,181.164828874375,0.0,24243700
2019-08-23,0.0,174.5405731201172,0.0,180.65672075938477,174.0516546096097,179.01744533458427,0.0,55372400
2019-08-26,0.0,177.17686462402344,0.0,177.22478519580514,175.5088162229292,176.52497809122357,0.0,27598900
2019-08-27,0.0,176.802978515625,0.0,178.71068828315927,176.11276722889778,178.41351052537289,0.0,28012800
2019-08-28,0.0,177.43569946289062,0.0,177.73287723980545,175.34585920731524,176.22781134865835,0.0,21792400
2019-08-29,0.0,180.14862060546875,0.0,180.6662972520776,178.9598951834097,179.64053977350176,0.0,25358900
2019-08-30,0.0,179.71726989746094,0.0,181.15523812219482,178.70110802575874,181.11688411131783,0.0,26319800
2019-09-03,0.0,177.9724884033203,0.0,179.43921449520124,177.37813301720976,178.51892322817625,0.0,27964200
2019-09-04,0.0,180.54171752929688,0.0,180.6951043274031,179.17084679134908,179.68852357801504,0.0,21592100
2019-09-05,0.0,183.84902954101562,0.0,184.3762874821664,182.46857770519148,182.53568991032395,0.0,33932600
2019-09-06,0.0,183.6668701171875,0.0,184.22288620888457,183.26424080135885,184.15578863679715,0.0,19487800
2019-09-09,0.0,183.283447265625,0.0,184.3187862275017,182.35355990063675,184.24209282724004,0.0,24407600
2019-09-10,0.0,182.75621032714844,0.0,182.8520807454584,181.09775741034485,182.29606450035914,0.0,23744700
2019-09-11,0.0,184.47213745117188,0.0,184.56800784755427,182.67947513541714,183.10128147506973,0.0,25063600
2019-09-12,0.0,185.23904418945312,0.0,186.65784989539478,184.98980165462066,185.60333411770407,0.0,28689900
2019-09-13,0.0,184.57765197753906,0.0,185.40208793314878,184.33799053262663,184.97070025786115,0.0,27669800
2019-09-16,0.0,183.75314331054688,0.0,184.13661024733258,183.20672303880815,183.38886800531037,0.0,20319000
2019-09-17,0.0,184.6350860595703,0.0,184.6350860595703,183.37924846034088,183.77229653427298,0.0,20953400
2019-09-18,0.0,184.55845642089844,0.0,184.63514982481817,182.24811699654364,184.25168280521945,0.0,29781300
2019-09-19,0.0,184.86521911621094,0.0,186.01559094253517,184.51052491526858,184.88439612451825,0.0,26039400
2019-09-20,0.0,182.90956115722656,0.0,185.31575605454987,182.29602863296483,185.1240298834248,0.0,29086100
2019-09-23,0.0,182.9902801513672,0.384,183.5378171589636,182.2410297831716,182.85579969187748,0.0,22485900
2019-09-24,0.0,180.5599822998047,0.0,184.22938537072093,179.77230071771646,183.82594406913967,0.0,40820700
2019-09-25,0.0,182.5867919921875,0.0,183.06708131834836,178.86935729802784,180.3774581603941,0.0,34704900
2019-09-26,0.0,181.91441345214844,0.0,182.50996760347581,180.5695943701825,182.34667097028182,0.0,26826000
2019-09-27,0.0,179.65708923339844,0.0,182.34671336539157,178.427549285734,182.2506496024634,0.0,40773500
2019-09-30,0.0,181.36688232421875,0.0,181.65505889796285,180.0124626877101,180.3870878363966,0.0,26307700
2019-10-01,0.0,179.88758850097656,0.0,183.076702362605,179.58981143052011,182.02967503188114,0.0,32367600
2019-10-02,0.0,176.7945098876953,0.0,178.69645157976666,175.8051150148275,178.667635391801,0.0,48544300
2019-10-03,0.0,178.73489379882812,0.0,178.8693742365975,174.65243413986005,176.77530495445313,0.0,39392500
2019-10-04,0.0,181.36688232421875,0.0,181.62624270631537,179.51297226097438,179.70508509104732,0.0,31887600
2019-10-07,0.0,180.81936645507812,0.0,182.26023471776242,180.50237367841518,180.8481826477502,0.0,21216000
2019-10-08,0.0,178.1105194091797,0.0,180.45433402729094,177.9664384520291,179.6858680555262,0.0,32379300
2019-10-09,0.0,179.84915161132812,0.0,180.6656493951779,179.08068569545804,179.61862209665486,0.0,20147400
2019-10-10,0.0,181.24200439453125,0.0,181.96243850822913,179.7435037832028,179.8971999118697,0.0,25177700
2019-10-11,0.0,183.57620239257812,0.0,185.03628617190788,183.20157727270774,183.30724151971057,0.0,40976700
2019-10-14,0.0,183.5570068359375,0.0,184.1429605140476,183.1343498015932,183.3168621261755,0.0,14975000
2019-10-15,0.0,185.89122009277344,0.0,186.32347763669634,184.0084791285999,184.12374389837407,0.0,23234200
2019-10-16,0.0,185.4300994873047,0.0,185.90078831090023,184.84414591395813,185.25720236267813,0.0,20457100
2019-10-17,0.0,185.92002868652344,0.0,186.83257561023527,185.2091951016722,186.54439904030806,0.0,19045200
2019-10-18,0.0,184.13331604003906,0.0,186.0352575832258,183.19195310656008,185.58378446408184,0.0,27700800
2019-10-21,0.0,185.7663116455078,0.0,185.89119156511174,184.56558828706244,185.11312517400196,0.0,15801200
2019-10-22,0.0,184.28700256347656,0.0,186.75568184042385,184.22935553778453,186.49632152523932,0.0,22392300
2019-10-23,0.0,184.64242553710938,0.0,184.68084223313406,183.6145993669317,183.91239105450657,0.0,14828400
2019-10-24,0.0,186.43870544433594,0.0,186.55398484852535,185.14193306965694,185.9584161224696,0.0,18998500
2019-10-25,0.0,187.9276580810547,0.0,188.02372183532853,185.43976221243486,185.47817891978178,0.0,21507100
2019-10-28,0.0,189.78150939941406,0.0,190.03125454348296,188.80171518346395,188.80171518346395,0.0,18818700
2019-10-29,0.0,188.31182861328125,0.0,189.7526965616271,188.28301242689565,189.46453469777128,0.0,18569700
2019-10-30,0.0,189.22442626953125,0.0,189.54141903773228,187.5914305562647,188.67688930883773,0.0,21764300
2019-10-31,0.0,189.31082153320312,0.0,189.85834368243874,188.21576257746645,189.77189513107504,0.0,26801800
2019-11-01,0.0,191.0303192138672,0.0,191.03993438342292,189.8392107706093,190.12737271186805,0.0,22131900
2019-11-04,0.0,192.21180725097656,0.0,192.624849064048,191.03028487511827,192.29825581781458,0.0,19015900
2019-11-05,0.0,192.31744384765625,0.0,192.64403704693694,191.6834584674531,192.45192426249335,0.0,15048900
2019-11-06,0.0,191.88522338867188,0.0,192.1157675863927,190.9534607432963,192.09655190559852,0.0,19725500
2019-11-07,0.0,192.52882385253906,0.0,193.7679788542323,191.9717009832627,192.84581665164032,0.0,17832400
2019-11-08,0.0,193.2972412109375,0.0,193.3164568883277,191.67386091724669,192.18298109584964,0.0,15258800
2019-11-11,0.0,193.0379180908203,0.0,193.1147514948287,192.05812363111994,192.31748400577246,0.0,10147600
2019-11-12,0.0,193.59507751464844,0.0,194.23867831746247,192.9034741468329,193.20125127983152,0.0,14778300
2019-11-13,0.0,193.64306640625,0.0,193.82557871364105,192.797767074452,192.92263234482337,0.0,15774600
2019-11-14,0.0,193.4893798828125,0.0,193.61425981664448,192.32708774748286,192.9130413994548,0.0,16945400
2019-11-15,0.0,194.9110565185547,0.0,194.9110565185547,194.03692625382484,194.66129663876333,0.0,18427900
2019-11-18,0.0,195.06471252441406,0.0,195.37209006911212,193.81595735414842,194.6036242214666,0.0,18365900
2019-11-19,0.0,195.35287475585938,0.0,195.80434789254411,194.6036245837585,195.80434789254411,0.0,16923300
2019-11-20,0.0,194.18099975585938,0.0,195.42975513502236,192.71131535536787,194.84380147711423,0.0,36629000
2019-11-21,0.0,193.7487030029297,0.0,194.10412705611637,193.143548444642,193.9696319795342,0.0,17883600
2019-11-22,0.0,193.87359619140625,0.0,194.3442850198827,192.82656895093083,194.22900561166898,0.0,17189600
2019-11-25,0.0,196.16941833496094,0.0,196.2078350406268,194.68051815249478,194.70933434606178,0.0,17752800
2019-11-26,0.0,196.5440216064453,0.0,196.79376680861864,196.00609984344504,196.29427640427195,0.0,14780600
2019-11-27,0.0,197.91761779785156,0.0,197.92723296496362,196.81295821771764,197.05310287924823,0.0,16963100
2019-11-29,0.0,197.0147247314453,0.0,197.71594317628364,196.91866098513,197.41816608288394,0.0,9854600
2019-12-02,0.0,194.9974822998047,0.0,197.09153689689512,193.82557507596331,197.02430400753673,0.0,28007000
2019-12-03,0.0,193.4701690673828,0.0,193.54701712606126,191.37609977588366,192.31747750174318,0.0,31104100
2019-12-04,0.0,194.449951171875,0.0,194.91103952948296,194.17138978093027,194.45956634011807,0.0,15300100
2019-12-05,0.0,194.83416748046875,0.0,195.14154502375882,193.88318934942097,195.14154502375882,0.0,14962300
2019-12-06,0.0,196.9186248779297,0.0,197.062705813714,196.10212715577288,196.25582325878756,0.0,16555300
2019-12-09,0.0,196.02529907226562,0.0,197.48536811866012,195.93883585118544,196.56322079012332,0.0,13984100
2019-12-10,0.0,195.86199951171875,0.0,196.80337723153923,195.4201414987379,196.1213598759361,0.0,21799800
2019-12-11,0.0,196.89944458007812,0.0,197.10117258369024,195.99649813420726,196.30389039546958,0.0,18780800
2019-12-12,0.0,198.36907958984375,0.0,199.14716056081042,196.42872138887336,196.69768222182503,0.0,32612000
2019-12-13,0.0,199.02232360839844,0.0,199.713941515907,197.84081579026684,198.26345814950494,0.0,32519400
2019-12-16,0.0,201.0203094482422,0.0,201.27005463461376,200.2614440641703,200.32869160892483,0.0,21296600
2019-12-17,0.0,201.1355743408203,0.0,201.44296656173643,200.7993659313518,201.27965528358234,0.0,15996100
2019-12-18,0.0,201.2892303466797,0.0,201.84636764313598,201.07790190122162,201.3084460209754,0.0,15443300
2019-12-19,0.0,202.5476531982422,0.0,202.6148860947339,201.35653016937798,201.37574585006266,0.0,17865900
2019-12-20,0.0,203.36410522460938,0.0,204.14217155833805,202.94144828844404,203.50818615409005,0.0,27672600
2019-12-23,0.0,203.90133666992188,0.458,204.22863806531328,203.72806464496736,204.0842447111845,0.0,23774700
2019-12-24,0.0,204.00718688964844,0.0,204.170837552741,203.54511356509022,204.0842015585825,0.0,7089000
2019-12-26,0.0,205.807373046875,0.0,205.82663038769633,204.3056236218492,204.33450228855762,0.0,17067500
2019-12-27,0.0,205.6341094970703,0.0,206.5486349215286,205.08538542896667,206.52937757991592,0.0,18134100
2019-12-30,0.0,204.28634643554688,0.0,205.65332362183074,203.27554920448603,205.52817296121955,0.0,21815500
2019-12-31,0.0,204.67144775390625,0.0,204.81584109316393,203.31409160869308,203.63177164410772,0.0,18170900
2020-01-02,0.0,208.08885192871094,0.0,208.08885192871094,205.99024284000404,206.39455878794698,0.0,30969400
2020-01-03,0.0,206.1828155517578,0.0,207.42465700741818,205.31642615077655,205.33568349207874,0.0,27518900
2020-01-06,0.0,207.51124572753906,0.0,207.5401243883885,204.31521818483327,204.5655048085431,0.0,21655300
2020-01-07,0.0,207.4823760986328,0.0,208.06960004320752,206.82777350549108,207.58826942270514,0.0,22139300
2020-01-08,0.0,209.04190063476562,0.0,209.99494063359947,207.12621400096043,207.4535153257553,0.0,26397300
2020-01-09,0.0,210.8131866455078,0.0,211.21750259673692,209.58098145441585,210.7650506465186,0.0,23547000
2020-01-10,0.0,210.27410888671875,0.0,211.66034356288264,209.8986715526782,211.64110091224714,0.0,21898500
2020-01-13,0.0,212.6999969482422,0.0,212.72887561017035,210.80355314005448,211.14049044794262,0.0,22756900
2020-01-14,0.0,211.86251831054688,0.0,212.95033037063425,211.53521696666027,212.59413567141934,0.0,24418100
2020-01-15,0.0,211.94908142089844,0.0,212.94062112636323,211.2559642904125,211.97796007724853,0.0,25742100
2020-01-16,0.0,213.98036193847656,0.0,214.01887661802502,212.5556272651574,213.00807927105038,0.0,18805000
2020-01-17,0.0,215.03927612304688,0.0,215.2125480984314,213.826313539175,214.94300412180323,0.0,24325200
2020-01-21,0.0,214.9430389404297,0.0,215.48212698101295,214.34619356536214,214.44245089315348,0.0,21146300
2020-01-22,0.0,215.51097106933594,0.0,216.7431763041171,215.24142709229287,216.03081637437975,0.0,20736400
2020-01-23,0.0,216.20408630371094,0.0,216.30035830419158,214.3846571313682,215.38583305580516,0.0,26496100
2020-01-24,0.0,214.38470458984375,0.0,217.44597567645567,213.39316445938394,217.2149316375827,0.0,37436500
2020-01-27,0.0,209.95643615722656,0.0,211.09236944455108,209.07077483169581,209.5424841584409,0.0,42264400
2020-01-28,0.0,213.181396484375,0.0,213.67236327396597,210.8806359763442,211.43898143586856,0.0,26731900
2020-01-29,0.0,213.52789306640625,0.0,214.606068983858,212.58448913863594,214.36540366735215,0.0,28924500
2020-01-30,0.0,214.28842163085938,0.0,214.38467895209246,211.48707358685505,212.15131226626292,0.0,39568100
2020-01-31,0.0,210.89022827148438,0.0,215.21256831716073,210.1393389071386,215.18368965188355,0.0,52015800
2020-02-03,0.0,214.0765838623047,0.0,214.56753574383518,211.77582438063027,211.9202176725384,0.0,25408600
2020-02-04,0.0,218.97657775878906,0.0,219.3520150965256,216.2618657097352,217.00311905979584,0.0,30691200
2020-02-05,0.0,219.69857788085938,0.0,221.6527792765561,218.37973651139174,221.6142792851392,0.0,38534800
2020-02-06,0.0,221.59500122070312,0.0,221.6527585469502,219.46751333998242,220.2472666224085,0.0,22467100
2020-02-07,0.0,220.64198303222656,0.0,221.83568841889965,220.00662300275312,220.60348304061307,0.0,25884900
2020-02-10,0.0,223.30853271484375,0.0,223.3181540393469,219.8525823314005,219.9103396565095,0.0,21478900
2020-02-11,0.0,223.34703063964844,0.0,225.2819891472045,222.7598066913871,224.54073587404466,0.0,30198000
2020-02-12,0.0,225.52267456054688,0.0,225.62856789472264,224.10756122612838,224.665906561869,0.0,24471300
2020-02-13,0.0,225.23385620117188,0.0,226.15800278500447,223.68397098484598,223.9535149625509,0.0,22773200
2020-02-14,0.0,225.87887573242188,0.0,226.09066242063125,224.82957830659663,225.5900743676775,0.0,23438500
2020-02-18,0.0,225.9654998779297,0.0,226.38907323212206,224.54076515941188,224.78143050256236,0.0,24394500
2020-02-19,0.0,228.1314697265625,0.0,228.6031790494799,227.0436724510464,227.31321643870044,0.0,22230500
2020-02-20,0.0,226.0135955810547,0.0,228.10256862440443,223.22188397395274,227.6308740369332,0.0,42604000
2020-02-21,0.0,221.67205810546875,0.0,225.27240255835417,220.75753265793549,224.88734385067116,0.0,66017200
2020-02-24,0.0,213.1235809326172,0.0,215.87679279055124,212.03576898194058,213.4027462416078,0.0,84522600
2020-02-25,0.0,207.32839965820312,0.0,215.62655166083417,206.72193291022842,214.91417687272823,0.0,97743000
2020-02-26,0.0,208.3969268798828,0.0,212.0550429818306,206.8759201700028,208.61834956856265,0.0,79537700
2020-02-27,0.0,197.961669921875,0.0,208.33915760150592,197.82689792690755,203.02526309170432,0.0,121822600
2020-02-28,0.0,198.11569213867188,0.0,199.4345333769781,190.77058195419983,191.22303392584632,0.0,148173700
2020-03-02,0.0,208.33914184570312,0.0,208.48354984377673,198.25045625797992,201.08068262730416,0.0,112933900
2020-03-03,0.0,201.6582794189453,0.0,211.41004281801688,199.86772886303666,209.003389634755,0.0,131953500
2020-03-04,0.0,210.0719757080078,0.0,210.17786905149774,203.47773912232438,205.35494063774132,0.0,73086200
2020-03-05,0.0,203.689453125,0.0,208.28135056097292,202.25509752570795,204.748386182031,0.0,78705500
2020-03-06,0.0,200.2528076171875,0.0,201.34060489697507,195.33360778961634,197.02788638852982,0.0,89828400
2020-03-09,0.0,186.3423309326172,0.0,193.64892573479455,184.9368391521494,186.25568026308363,0.0,116424000
2020-03-10,0.0,196.48886108398438,0.0,196.67176913946156,186.44829289020473,193.60087626457687,0.0,100599200
2020-03-11,0.0,187.93077087402344,0.0,193.25428755790438,185.53373855722796,191.90656739326923,0.0,89168800
2020-03-12,0.0,170.69911193847656,0.0,183.65652505137072,170.33329593718474,175.29099584868476,0.0,137820700
2020-03-13,0.0,185.15826416015625,0.0,187.21835867942104,171.478855812187,180.08504987039206,0.0,134882000
2020-03-16,0.0,162.97857666015625,0.0,177.78429888571935,162.8438046527912,167.64747559955362,0.0,92054400
2020-03-17,0.0,175.33912658691406,0.0,177.50511448711484,163.4406324675826,168.91817755211542,0.0,121257100
2020-03-18,0.0,170.0059814453125,0.0,172.5281492023074,160.5718983230018,165.202296553107,0.0,114156300
2020-03-19,0.0,171.02642822265625,0.0,176.63874595959146,165.22158114311028,169.12998408539326,0.0,120896500
2020-03-20,0.0,164.3262939453125,0.0,176.04188112854132,163.7487059331409,174.9540837622137,0.0,118983900
2020-03-23,0.0,164.44493103027344,0.363,168.0626036049241,159.1100563308023,164.8886906227027,0.0,124639800
2020-03-24,0.0,177.1791229248047,0.0,177.3431223033954,171.67060740000372,173.56145060791638,0.0,94881800
2020-03-25,0.0,175.86717224121094,0.0,182.82274430846908,173.62903115037722,177.91235896739593,0.0,88754900
2020-03-26,0.0,185.12838745117188,0.0,185.91945904293365,177.13092451289438,177.38174455107878,0.0,79887600
2020-03-27,0.0,178.7612762451172,0.0,183.78742144963604,178.14386067142345,180.33374802416697,0.0,58845000
2020-03-30,0.0,185.2634735107422,0.0,185.69760612640326,179.76461248933728,180.45920700997283,0.0,49356900
2020-03-31,0.0,183.68130493164062,0.0,188.36016773929651,182.5236525554176,184.95473284972996,0.0,62659300
2020-04-01,0.0,175.8767852783203,0.0,181.0380045603474,174.477954685729,178.24998520367816,0.0,53715400
2020-04-02,0.0,179.44618225097656,0.0,183.39186790261192,174.5840373099753,174.8445138290625,0.0,56465300
2020-04-03,0.0,176.89935302734375,0.0,180.46880159060956,174.89274895902759,179.00243424831183,0.0,47487600
2020-04-06,0.0,189.54678344726562,0.0,190.675495755822,182.51403299538356,183.75850613958147,0.0,64763500
2020-04-07,0.0,189.4695587158203,0.0,195.50866933043082,189.08367954366585,195.22889441832402,0.0,69904500
2020-04-08,0.0,193.49246215820312,0.0,194.07128103230755,189.24771681302164,191.15784412216092,0.0,45940400
2020-04-09,0.0,193.77220153808594,0.0,196.04892419321612,192.0067754575091,195.20962881995843,0.0,68252600
2020-04-13,0.0,195.86566162109375,0.0,196.24189906848866,191.73669152955702,192.94258267125235,0.0,42853900
2020-04-14,0.0,204.38401794433594,0.0,205.00143343740413,199.13597889308295,199.9173937664595,0.0,63959600
2020-04-15,0.0,202.03982543945312,0.0,204.35514534463596,199.81134088697377,201.1233510838053,0.0,47036000
2020-04-16,0.0,205.7250213623047,0.0,206.80549507582907,202.29064586973047,204.22007162693848,0.0,64657400
2020-04-17,0.0,207.69300842285156,0.0,208.86995919487663,204.5962886350872,208.5419603817808,0.0,62863200
2020-04-20,0.0,205.23300170898438,0.0,208.26219924335518,205.06900230315188,205.83111892088505,0.0,38249100
2020-04-21,0.0,197.6599884033203,0.0,203.7087412730322,196.44445567672878,203.16850450565815,0.0,72932800
2020-04-22,0.0,203.52545166015625,0.0,204.856759976232,200.97861056876033,201.72144351385245,0.0,40089100
2020-04-23,0.0,203.09133911132812,0.0,206.8730114526164,202.6861615090846,204.3165137465589,0.0,43278500
2020-04-24,0.0,206.29415893554688,0.0,206.73793325170422,202.10730937680577,203.52543821449993,0.0,34231900
2020-04-27,0.0,207.95346069335938,0.0,208.98571031554658,206.93086761888986,208.56123438568818,0.0,36451700
2020-04-28,0.0,204.03675842285156,0.0,209.6513940182693,203.7569981861285,209.6513940182693,0.0,46862800
2020-04-29,0.0,211.27212524414062,0.0,212.20789793540712,207.54833285878604,208.56128434854725,0.0,48716400
2020-04-30,0.0,211.18527221679688,0.0,212.27538761746118,209.68032267790934,212.18856700260577,0.0,43359500
2020-05-01,0.0,205.23300170898438,0.0,209.02431586108833,204.210393799122,206.93089089908722,0.0,48795000
2020-05-04,0.0,207.62548828125,0.0,207.8473681017223,203.67015994573165,203.99817348249172,0.0,32841000
2020-05-05,0.0,209.97940063476562,0.0,212.3718843602269,209.19798558832846,209.76716263198642,0.0,37783100
2020-05-06,0.0,211.27212524414062,0.0,213.24013308452902,210.41353135136887,211.65800451626365,0.0,36455200
2020-05-07,0.0,213.9925537109375,0.0,214.87043098009306,212.6419472531631,213.9925537109375,0.0,38624800
2020-05-08,0.0,216.92530822753906,0.0,217.06036742289936,214.6292871860654,215.66153688802146,0.0,31852300
2020-05-11,0.0,218.86436462402344,0.0,219.8869577264952,215.37210937512612,215.60364572148384,0.0,35714100
2020-05-12,0.0,214.28199768066406,0.0,220.0509906955732,214.25305747493283,219.46251531178982,0.0,41054100
2020-05-13,0.0,211.60008239746094,0.0,216.68412250371614,209.06289797857121,214.80293566222824,0.0,65521200
2020-05-14,0.0,214.0022430419922,0.0,214.0408250771921,208.3683238004577,210.27845103036063,0.0,51549300
2020-05-15,0.0,215.3914337158203,0.0,215.44931412930026,210.6257500679816,211.05986788943042,0.0,55747200
2020-05-18,0.0,219.40463256835938,0.0,220.61052360974645,217.51380365886027,218.29521869842316,0.0,42398100
2020-05-19,0.0,218.85470581054688,0.0,221.73920184694722,218.7100048055211,219.665060879384,0.0,36237300
2020-05-20,0.0,223.224853515625,0.0,223.5817924760534,221.3822488705958,221.401547244776,0.0,37417000
2020-05-21,0.0,220.79380798339844,0.0,223.9484228776267,220.28251139055502,223.27312687956453,0.0,43642900
2020-05-22,0.0,221.5559539794922,0.0,221.75853543214174,219.47217071585553,220.38864496818147,0.0,28762400
2020-05-26,0.0,220.9578094482422,0.0,225.32797190006696,220.71663125237555,225.12537573858546,0.0,33055300
2020-05-27,0.0,222.16371154785156,0.0,222.27948709749987,216.03779389841856,220.6201798492537,0.0,55665600
2020-05-28,0.0,221.874267578125,0.0,225.23146347699497,220.96743533225654,221.02531573597636,0.0,42784300
2020-05-29,0.0,225.1254119873047,0.0,225.35694839194326,220.68772658068178,222.25057155137748,0.0,50691800
2020-06-01,0.0,225.80068969726562,0.0,226.1769271239198,223.81338356056148,224.2571579531959,0.0,25776000
2020-06-02,0.0,227.31532287597656,0.0,227.3732032991862,223.8230518986927,226.22519250435556,0.0,33383400
2020-06-03,0.0,228.33790588378906,0.0,229.09038079197893,227.04519408975526,227.92307166907605,0.0,37228700
2020-06-04,0.0,226.7364044189453,0.0,229.39900593341693,225.4340365023195,227.99053376081716,0.0,38716100
2020-06-05,0.0,231.2320098876953,0.0,231.82048527560306,227.31527833422862,227.88445534473067,0.0,47365600
2020-06-08,0.0,233.02638244628906,0.0,233.15178510188434,229.51482840298513,231.0873002751125,0.0,32937300
2020-06-09,0.0,234.71461486816406,0.0,235.56355207778137,231.98447602097755,232.16777379861546,0.0,35046300
2020-06-10,0.0,237.5315704345703,0.0,239.07511669640425,235.88190518323094,236.40285830274783,0.0,58084400
2020-06-11,0.0,225.76210021972656,0.0,234.9943943327635,225.70421980527954,233.6148620539446,0.0,72919400
2020-06-12,0.0,227.5564727783203,0.0,231.91696428101858,223.56256215041086,230.6531927971664,0.0,72034800
2020-06-15,0.0,230.3251953125,0.0,231.00049137039335,223.30208686970917,224.23785952148637,0.0,45307400
2020-06-16,0.0,234.28053283691406,0.0,235.76618422078383,230.66285947451794,235.17770876502001,0.0,48890100
2020-06-17,0.0,235.02330017089844,0.0,236.83696473354428,234.16470646801028,235.77577488936907,0.0,34749300
2020-06-18,0.0,235.66001892089844,0.0,235.90119709768177,233.9331896520828,234.70494804151127,0.0,30578600
2020-06-19,0.0,235.62144470214844,0.0,238.28404656279602,233.89460065572752,238.02357000153597,0.0,49422100
2020-06-22,0.0,238.4472198486328,0.424,238.57284059827822,235.20014687144496,235.49005225212676,0.0,24068700
2020-06-23,0.0,240.47659301757812,0.0,242.70895256967864,239.49088538804534,240.04172026973157,0.0,32767400
2020-06-24,0.0,235.5189971923828,0.0,240.95010620622034,234.02108921019752,239.7227863406425,0.0,46032400
2020-06-25,0.0,237.7610321044922,0.0,238.06061077313754,233.03538357528126,235.60598561260514,0.0,36940800
2020-06-26,0.0,232.1463165283203,0.0,237.69340305450055,231.62445742433064,237.51944510452128,0.0,52824600
2020-06-29,0.0,234.67825317382812,0.0,234.68792651572807,229.37277904446836,231.90471730298324,0.0,34377800
2020-06-30,0.0,239.27825927734375,0.0,239.8194355201418,234.42697553635264,234.61059206429056,0.0,38909200
2020-07-01,0.0,242.07118225097656,0.0,243.066563370996,238.77578682654914,239.31696319324513,0.0,34689200
2020-07-02,0.0,243.7140350341797,0.0,245.7241291466241,243.25017169929237,244.51614095976686,0.0,31956500
2020-07-06,0.0,249.7056121826172,0.0,250.22744172802933,246.84507556411904,246.8644074996349,0.0,34589000
2020-07-07,0.0,247.9854736328125,0.0,252.11198030178593,247.68589491108986,249.45440619547853,0.0,36578200
2020-07-08,0.0,251.25184631347656,0.0,251.2808368476071,247.87915304473862,249.30942154293714,0.0,30426300
2020-07-09,0.0,253.36825561523438,0.0,254.03506742327934,248.9711906126401,253.16532186684177,0.0,40312900
2020-07-10,0.0,255.09811401367188,0.0,255.34938499343983,250.54642279249265,253.22331399209335,0.0,32885300
2020-07-13,0.0,249.85061645507812,0.0,260.72250994243075,249.02917860432066,257.93930049096474,0.0,64108100
2020-07-14,0.0,251.61903381347656,0.0,252.02493070965173,244.26480315400752,247.32825858826948,0.0,72230500
2020-07-15,0.0,252.1312255859375,0.0,253.86107249585933,248.83583109496908,253.02996149477661,0.0,54523900
2020-07-16,0.0,250.4110565185547,0.0,251.0488776726504,247.0286903780391,249.34802126172846,0.0,47594100
2020-07-17,0.0,250.70101928710938,0.0,251.56109143731746,248.52664081128248,250.865289145377,0.0,35137900
2020-07-20,0.0,257.8136291503906,0.0,258.44177701059385,250.09217930922563,251.3388016882477,0.0,40610100
2020-07-21,0.0,255.12710571289062,0.0,259.38889158598613,254.2863506514043,259.379218243059,0.0,43243800
2020-07-22,0.0,256.0257873535156,0.0,256.9535433200769,253.72577361074173,255.61991992355135,0.0,29865500
2020-07-23,0.0,249.33837890625,0.0,256.3253621292635,247.92742778787942,255.61991606197068,0.0,51363500
2020-07-24,0.0,246.97073364257812,0.0,248.29468380070477,242.87324769475924,245.50181607372636,0.0,54054500
2020-07-27,0.0,251.37744140625,0.0,251.76399162985376,247.83080550252362,248.61357929018604,0.0,36445700
2020-07-28,0.0,248.17872619628906,0.0,251.11656138758613,247.88882086144542,250.59470229297185,0.0,31302400
2020-07-29,0.0,251.03929138183594,0.0,251.89939322620813,249.2418189085539,249.71534089501804,0.0,27556900
2020-07-30,0.0,252.35354614257812,0.0,252.9140396342854,247.92746130972114,249.07746831922572,0.0,41774500
2020-07-31,0.0,256.85693359375,0.0,257.01155960937103,252.08296226957665,256.97289573249157,0.0,53686300
2020-08-03,0.0,260.32623291015625,0.0,261.0703428503079,258.8669740683068,258.9926095304385,0.0,32081600
2020-08-04,0.0,261.2926330566406,0.0,261.3892779920553,259.079590850786,259.8237008188815,0.0,24911300
2020-08-05,0.0,261.9402160644531,0.0,262.3944209227672,260.88685362536455,261.7759461429669,0.0,21612100
2020-08-06,0.0,265.4094543457031,0.0,265.7380235188245,261.1090055811203,261.7468267378474,0.0,28048200
2020-08-07,0.0,262.3459777832031,0.0,265.6413722686258,260.20059012229626,264.86824232800205,0.0,44969400
2020-08-10,0.0,261.2249450683594,0.0,262.8388297558052,257.70729990827857,262.63586656996006,0.0,35088400
2020-08-11,0.0,256.2770690917969,0.0,261.35061862362437,255.73589283442016,260.065302893434,0.0,43104300
2020-08-12,0.0,262.722900390625,0.0,263.6699736732556,258.3838165950634,258.4321538139539,0.0,38773400
2020-08-13,0.0,263.3221130371094,0.0,265.5931072822826,262.3847130048665,263.49605626159166,0.0,31895700
2020-08-14,0.0,263.01275634765625,0.0,264.21107073992107,261.6211521215929,263.9404826677358,0.0,30799500
2020-08-17,0.0,266.0666198730469,0.0,266.569132278823,263.0514864545993,264.72332302121924,0.0,24803000
2020-08-18,0.0,268.6275634765625,0.0,269.1010853753625,265.67041096082534,267.1296700261357,0.0,23529500
2020-08-19,0.0,266.8204040527344,0.0,269.64224759743485,266.30821830368217,268.5888855660594,0.0,31999400
2020-08-20,0.0,270.5216064453125,0.0,271.0048015539528,265.6220009656464,266.0278978333354,0.0,27723400
2020-08-21,0.0,272.3964538574219,0.0,272.8506585193085,270.06744948407925,270.7149440202601,0.0,34748900
2020-08-24,0.0,274.0972900390625,0.0,276.38763036922364,271.8165935575746,275.6628376322414,0.0,36418500
2020-08-25,0.0,276.2523498535156,0.0,276.445639733258,272.87965674284396,273.32418807597753,0.0,34866600
2020-08-26,0.0,282.1473083496094,0.0,282.39857926912845,276.2233309949189,277.49897328985776,0.0,42216700
2020-08-27,0.0,281.2678527832031,0.0,283.9737630082239,279.0065032793948,283.12333492298563,0.0,49482700
2020-08-28,0.0,282.6982116699219,0.0,283.32635959628595,281.15198097217353,282.50492177324173,0.0,28021000
2020-08-31,0.0,284.96917724609375,0.0,286.77632239386634,282.7851257240713,283.2200131571455,0.0,36321000
2020-09-01,0.0,289.8398132324219,0.0,289.9557753583132,285.8486162789322,287.61709768256185,0.0,36216200
2020-09-02,0.0,292.5843811035156,0.0,293.2995005967237,286.9116738996399,293.086893518757,0.0,50836800
2020-09-03,0.0,277.7503356933594,0.0,288.5835664441863,274.8511637909795,288.08105393152505,0.0,110083300
2020-09-04,0.0,274.0489501953125,0.0,279.21914423449357,262.66487356215526,275.9624136196439,0.0,123959000
2020-09-08,0.0,260.8770751953125,0.0,268.86911241785384,260.59681374852715,263.0707705753225,0.0,99568600
2020-09-09,0.0,268.5405578613281,0.0,270.63760842633246,263.82456818747903,266.3758528930931,0.0,64837900
2020-09-10,0.0,263.1867980957031,0.0,272.7154242272549,261.46662410129585,271.49776270032766,0.0,69667500
2020-09-11,0.0,261.3603515625,0.0,265.9700241426151,257.9296472111629,264.935979114663,0.0,71809000
2020-09-14,0.0,265.9119873046875,0.0,267.9027491790809,263.7859166175224,265.1388572857662,0.0,38525200
2020-09-15,0.0,269.68084716796875,0.0,271.0241437036458,265.88294075558133,269.6518566416104,0.0,41849900
2020-09-16,0.0,265.3805236816406,0.0,270.93726994931876,265.03263720186436,270.47342130961704,0.0,42321000
2020-09-17,0.0,261.23468017578125,0.0,265.1775403357728,257.71700469207485,258.5577596862858,0.0,81570800
2020-09-18,0.0,257.9006042480469,0.0,262.9451633728137,253.80311834308048,262.65525804629056,0.0,86251100
2020-09-21,0.0,258.5190734863281,0.0,258.65435278987366,251.36776181400703,253.64845821276162,0.0,57168600
2020-09-22,0.0,263.3221130371094,0.0,263.9019237853836,257.5817506939973,260.9157804641727,0.0,41128900
2020-09-23,0.0,255.28175354003906,0.0,263.18682185192915,254.40233452364518,263.00320527202814,0.0,48837300
2020-09-24,0.0,256.4703369140625,0.0,259.6690864606942,252.44047637027398,252.60477569837306,0.0,70631700
2020-09-25,0.0,262.43304443359375,0.0,263.2448090463775,255.41703882695245,256.9729431203814,0.0,55242400
2020-09-28,0.0,267.8833923339844,0.0,267.8833923339844,262.5392553665789,267.28420559855596,0.0,58438300
2020-09-29,0.0,266.67547607421875,0.0,268.3763033367359,266.11495305655995,267.322941207844,0.0,27050000
2020-09-30,0.0,268.501953125,0.0,271.64272248563236,266.5981625174946,266.8687506981192,0.0,49380800
2020-10-01,0.0,272.76373291015625,0.0,273.3725636757455,270.4347281441541,272.3192015146066,0.0,50020200
2020-10-02,0.0,265.09051513671875,0.0,272.753982972973,264.2497603124896,266.74303425647565,0.0,75497400
2020-10-05,0.0,270.743896484375,0.0,271.06279229103865,266.94598987283973,267.05227864443094,0.0,28184600
2020-10-06,0.0,265.9119873046875,0.0,271.73932026553695,265.0325684973553,270.0578103987121,0.0,49704200
2020-10-07,0.0,270.5120544433594,0.0,271.30447227673994,267.9607692474055,268.5502828158838,0.0,27539700
2020-10-08,0.0,271.951904296875,0.0,272.97627567976207,270.88886904334345,272.9086212791073,0.0,25443300
2020-10-09,0.0,276.107421875,0.0,276.18474963056843,273.2082503710338,273.59480067318304,0.0,30201100
2020-10-12,0.0,284.63104248046875,0.0,287.462560061782,279.74110805606267,280.78479700185056,0.0,79370700
2020-10-13,0.0,284.6213073730469,0.0,287.0662740546878,283.25869328680324,286.4284823046044,0.0,64240000
2020-10-14,0.0,282.24395751953125,0.0,286.38978029441654,280.50446672167755,285.4233899640773,0.0,36949100
2020-10-15,0.0,280.349853515625,0.0,280.939337487908,276.90950614206577,277.5473273282057,0.0,42514200
2020-10-16,0.0,278.8132629394531,0.0,283.41326051579426,278.4653471105825,281.9926656560105,0.0,40570700
2020-10-19,0.0,274.2615661621094,0.0,281.6834663727205,273.2855319750937,280.7267198834933,0.0,36756800
2020-10-20,0.0,274.8511047363281,0.0,277.95320974762217,273.4401829713871,274.99605740192214,0.0,32195400
2020-10-21,0.0,274.63848876953125,0.0,277.6632954251915,274.15529357193424,275.1023667763063,0.0,29306100
2020-10-22,0.0,274.6288146972656,0.0,276.36833509912185,271.38175713416496,275.4695696201437,0.0,32196200
2020-10-23,0.0,275.16998291015625,0.0,275.33428224853037,272.309475689384,275.1989734414113,0.0,24658500
2020-10-26,0.0,271.0434875488281,0.0,275.71113970293754,267.4581878077359,272.8892965535558,0.0,38421100
2020-10-27,0.0,273.1599426269531,0.0,273.981380451409,270.78263025156946,272.03892610645653,0.0,30559100
2020-10-28,0.0,262.51031494140625,0.0,269.27504806427874,262.25904398800714,268.66621736451685,0.0,53413500
2020-10-29,0.0,267.1005859375,0.0,270.09637178905854,263.3606313086981,263.8245091946911,0.0,43246300
2020-10-30,0.0,260.32623291015625,0.0,265.989266111691,258.09387359780874,265.1195207094076,0.0,65838300
2020-11-02,0.0,260.90606689453125,0.0,264.3270673627996,257.9972226197486,262.7132120581859,0.0,39987400
2020-11-03,0.0,265.4192199707031,0.0,267.5163009250624,261.737273484029,262.8196264313476,0.0,43604100
2020-11-04,0.0,277.26708984375,0.0,279.0645619395194,272.39647367770004,274.05866644513554,0.0,75728200
2020-11-05,0.0,284.49578857421875,0.0,285.462179329401,282.18610051321855,283.6646771889712,0.0,52054200
2020-11-06,0.0,284.7083435058594,0.0,285.4331365144011,280.08899724442955,283.8385977939899,0.0,40959800
2020-11-09,0.0,278.890625,0.0,289.0860622560611,278.4364202948612,287.64612038680576,0.0,86537100
2020-11-10,0.0,273.89434814453125,0.0,277.02544323730973,271.1884376455342,275.58553114694524,0.0,69024900
2020-11-11,0.0,280.02130126953125,0.0,280.4948231442373,273.8557255890356,276.41665433779593,0.0,36102900
2020-11-12,0.0,278.7070007324219,0.0,282.25366667118294,277.5956576099085,280.98769753717005,0.0,34414600
2020-11-13,0.0,281.15191650390625,0.0,281.77042043794137,278.1947646125416,280.41747994710306,0.0,24806900
2020-11-16,0.0,283.3457336425781,0.0,283.64531236703306,280.2435986051183,280.85242939736554,0.0,30168400
2020-11-17,0.0,282.4469299316406,0.0,283.8675250915629,281.80910868719633,283.53895587325457,0.0,21843500
2020-11-18,0.0,280.35955810546875,0.0,283.5100008460127,280.2725864919562,281.89614508655745,0.0,28069600
2020-11-19,0.0,282.55316162109375,0.0,282.8624135524498,279.1418055127692,279.80861708705504,0.0,22718400
2020-11-20,0.0,280.6204833984375,0.0,283.22007625179197,280.5335117908258,282.4759366779504,0.0,25907300
2020-11-23,0.0,280.63006591796875,0.0,282.9107326467343,278.3880335632616,281.6157733104522,0.0,26875600
2020-11-24,0.0,284.5729675292969,0.0,285.06583604517687,279.8956417745686,281.69311366936597,0.0,24516800
2020-11-25,0.0,286.3221435546875,0.0,286.95996475108177,284.6889414363206,285.63601463555347,0.0,23326800
2020-11-27,0.0,288.96038818359375,0.0,290.0814045293684,287.8876795585941,288.28390314138545,0.0,17163100
2020-11-30,0.0,289.5498046875,0.0,289.8880471298068,284.87248001904345,289.2792166320318,0.0,27836200
2020-12-01,0.0,293.2608642578125,0.0,294.8844227746876,290.7192524254335,291.82095179431667,0.0,27521300
2020-12-02,0.0,293.6376647949219,0.0,293.97590725941365,290.25529913378017,292.09143459430805,0.0,23620000
2020-12-03,0.0,294.05328369140625,0.0,295.59951430318665,293.3284908569994,293.94699489846994,0.0,22828700
2020-12-04,0.0,295.2516174316406,0.0,295.3965996013808,293.4251547070318,294.1016103675952,0.0,19332100
2020-12-07,0.0,296.9234924316406,0.0,297.2907255543282,295.251626185894,295.4352427472378,0.0,20851000
2020-12-08,0.0,297.92852783203125,0.0,298.2281065199663,294.7007871841629,296.44995158477576,0.0,18341500
2020-12-09,0.0,291.1830139160156,0.0,297.996052680946,290.11997885198525,297.7158207714324,0.0,48839300
2020-12-10,0.0,292.35247802734375,0.0,293.47349467898437,288.0713746839574,289.1537274532929,0.0,27519500
2020-12-11,0.0,291.7049865722656,0.0,291.83062205952194,288.438581871194,290.6999321661132,0.0,26760400
2020-12-14,0.0,293.82135009765625,0.0,295.7637747777363,292.8259691496675,292.8935940648919,0.0,28804800
2020-12-15,0.0,296.96209716796875,0.0,296.96209716796875,293.8889534591497,296.0730050747491,0.0,25709000
2020-12-16,0.0,298.5953063964844,0.0,299.3780802348846,296.31460979317626,297.35832790563893,0.0,25461900
2020-12-17,0.0,300.54736328125,0.0,300.77928750039683,298.99148915799105,300.18980361276886,0.0,23730500
2020-12-18,0.0,299.6389465332031,0.0,301.494428715187,297.2712787189453,301.18517676954156,0.0,41173400
2020-12-21,0.0,299.07843017578125,0.561,299.610896440792,293.9279078078829,296.69677965849587,0.0,37095500
2020-12-22,0.0,299.89166259765625,0.0,300.8113797312623,297.074365952245,299.9787918285022,0.0,26176300
2020-12-23,0.0,298.3813781738281,0.0,300.2982804373687,298.2264719073709,299.9400726222767,0.0,21201300
2020-12-24,0.0,299.69805908203125,0.0,300.14339616488587,298.56534939699964,298.6427877632281,0.0,16785000
2020-12-28,0.0,302.7186279296875,0.0,303.19303759184373,300.4725314399049,302.30233396818903,0.0,22497700
2020-12-29,0.0,302.9897766113281,0.0,304.66467326455717,302.0894114503533,304.0450480707538,0.0,25871900
2020-12-30,0.0,302.99945068359375,0.0,304.4710161192308,302.37982552415474,304.1515422088258,0.0,18138100
2020-12-31,0.0,303.7449645996094,0.0,304.2290357637168,301.8280616987738,302.9026855013199,0.0,21611400
2021-01-04,0.0,299.4559631347656,0.0,305.2454622250048,295.4575324351578,305.0711742317956,0.0,45305900
2021-01-05,0.0,301.9248046875,0.0,302.1959128601963,298.4685595752302,298.4685595752302,0.0,29323400
2021-01-06,0.0,297.742431640625,0.0,301.9441648364743,296.23213231844335,297.2196266305306,0.0,52809600
2021-01-07,0.0,304.9454345703125,0.0,305.7780226635541,300.36611142141976,300.39515450501295,0.0,30394800
2021-01-08,0.0,308.86639404296875,0.0,309.21494058631947,305.0422206690552,307.2302314187697,0.0,33955800
2021-01-11,0.0,304.40325927734375,0.0,307.08500232140716,303.7545910550558,305.9135586254156,0.0,32746400
2021-01-12,0.0,303.9191589355469,0.0,305.52624870479366,301.28581143319,304.44193435888496,0.0,29266800
2021-01-13,0.0,305.9715881347656,0.0,306.7654420740711,303.5802763522072,304.1805196299968,0.0,22898400
2021-01-14,0.0,304.33551025390625,0.0,307.41419539720755,303.8611004791803,306.41701010065316,0.0,23500100
2021-01-15,0.0,301.9248046875,0.0,305.08095763432993,300.68558388460093,304.1225063350417,0.0,35118700
2021-01-19,0.0,306.3297424316406,0.0,306.8331655180848,303.1445477206666,304.23855265316587,0.0,24537000
2021-01-20,0.0,313.45538330078125,0.0,314.3944823981497,306.4266911576804,309.94105200190813,0.0,30728100
2021-01-21,0.0,315.96282958984375,0.0,316.70831788759295,313.41664078151587,314.7913859659749,0.0,25130600
2021-01-22,0.0,315.052734375,0.0,316.0595806281034,314.36533238765617,314.9268712070259,0.0,21609400
2021-01-25,0.0,317.6570129394531,0.0,319.79662773237794,311.17048017532437,318.43154415816286,0.0,39080600
2021-01-26,0.0,318.1218566894531,0.0,319.25459611588326,316.79550654126723,318.37358312762797,0.0,25498100
2021-01-27,0.0,309.2536315917969,0.0,315.8757201748006,307.2495703041456,315.8660588444002,0.0,55264000
2021-01-28,0.0,311.0833740234375,0.0,316.0209038070122,309.83446265307134,310.4540876739916,0.0,42836300
2021-01-29,0.0,304.5387268066406,0.0,310.5024847127412,302.79608312978183,309.3987887174759,0.0,55259000
2021-02-01,0.0,312.1484069824219,0.0,313.2327214700414,305.9522735468466,307.9756871077355,0.0,35646000
2021-02-02,0.0,317.2407531738281,0.0,318.3928444800677,314.9462614355462,315.1108585701582,0.0,33930800
2021-02-03,0.0,315.9821472167969,0.0,319.680456238895,315.9240610684159,319.31255760225184,0.0,24824500
2021-02-04,0.0,319.71923828125,0.0,319.8063675249799,316.0596623178328,317.3763509400177,0.0,22350900
2021-02-05,0.0,320.80352783203125,0.0,321.81040381264313,319.0318409228675,320.66800331185556,0.0,22732000
2021-02-08,0.0,322.9527587890625,0.0,323.1076650369629,320.85190743235717,322.4880695907071,0.0,20462800
2021-02-09,0.0,322.8851013183594,0.0,324.1436743085384,322.01374973785425,322.02344061396997,0.0,17597500
2021-02-10,0.0,322.1492919921875,0.0,324.7729488774115,319.00283008692946,324.31792089699087,0.0,28068700
2021-02-11,0.0,323.9209289550781,0.0,324.3275615844806,321.5393079695732,323.67889346135837,0.0,22046100
2021-02-12,0.0,325.7314147949219,0.0,325.89598240320623,322.033104956612,323.07868540357345,0.0,20346800
2021-02-16,0.0,324.8504333496094,0.0,327.41600420174075,323.6886509226213,326.5253004016693,0.0,27080800
2021-02-17,0.0,323.29168701171875,0.0,324.9665834947725,319.6514927767243,321.8782078068329,0.0,31360300
2021-02-18,0.0,321.8781433105469,0.0,323.2335360809982,317.89906468065965,319.7095148778247,0.0,32236200
2021-02-19,0.0,320.474365234375,0.0,323.3497482551594,319.45782791752555,323.22388506357134,0.0,39157700
2021-02-22,0.0,312.16778564453125,0.0,317.35701385944066,311.96448404721184,316.09844076794053,0.0,47256900
2021-02-23,0.0,311.23828125,0.0,312.90348656723603,301.0921430908701,306.90099472606374,0.0,97241900
2021-02-24,0.0,313.8038635253906,0.0,314.11367604871,305.89413057856177,308.5855640910335,0.0,58206300
2021-02-25,0.0,302.8638916015625,0.0,313.70709534994387,301.32454914976546,311.15121547282814,0.0,110182600
2021-02-26,0.0,304.13214111328125,0.0,308.9437784747402,300.9759887486125,305.7876556554205,0.0,104739800
2021-03-01,0.0,313.2810363769531,0.0,313.6198919537279,307.8110405073471,309.0986562446758,0.0,49164500
2021-03-02,0.0,308.2564392089844,0.0,313.9975147800033,308.0047423534335,313.9200764118382,0.0,48370000
2021-03-03,0.0,299.3108825683594,0.0,308.10160181554886,299.25279639291,307.16250258530573,0.0,86301100
2021-03-04,0.0,294.41204833984375,0.0,302.0990997560875,290.54914087873334,298.94294673589053,0.0,139131600
2021-03-05,0.0,298.8460388183594,0.0,299.746403707182,287.9738240369548,297.02592729341904,0.0,121523700
2021-03-08,0.0,290.38458251953125,0.0,300.1821771494048,289.96828845196154,298.30397886158335,0.0,88409800
2021-03-09,0.0,301.8376770019531,0.0,303.73525694853805,297.1422110624417,297.67467744361676,0.0,80391100
2021-03-10,0.0,300.9760437011719,0.0,306.38795490696515,300.28867103051203,306.0878331967325,0.0,76798100
2021-03-11,0.0,307.90789794921875,0.0,309.66989398051334,304.8195225253842,305.7101966431199,0.0,53484800
2021-03-12,0.0,305.4100341796875,0.0,308.09180614010404,301.4697191182016,303.8610012373215,0.0,69315600
2021-03-15,0.0,308.6726379394531,0.0,308.83723504585487,304.0933461219307,305.72950813203937,0.0,42955700
2021-03-16,0.0,310.3669738769531,0.0,313.8716730118941,308.9341425127925,310.8607357904687,0.0,54925900
2021-03-17,0.0,311.6449279785156,0.0,313.53281684257354,305.6230830912627,307.3367134727356,0.0,78258700
2021-03-18,0.0,302.0990295410156,0.0,307.7529751181446,301.6440016318715,306.77514227085976,0.0,82718100
2021-03-19,0.0,303.1639709472656,0.0,304.70331303399223,299.79482647449737,301.9344118163235,0.0,78446200
2021-03-22,0.0,308.84930419921875,0.395,310.9140559529081,305.5534698013982,305.5534698013982,0.0,56194800
2021-03-23,0.0,307.5019226074219,0.0,311.25335988892084,306.68765967352556,309.9350378767081,0.0,53455400
2021-03-24,0.0,302.3157958984375,0.0,308.9074942979724,302.17039709475154,308.8687114227675,0.0,64803700
2021-03-25,0.0,301.7923583984375,0.0,303.3045948439506,297.97308794522104,300.4740363467963,0.0,78729000
2021-03-26,0.0,306.3193054199219,0.0,306.6391828174355,300.183238678992,301.5790969053566,0.0,63519600
2021-03-29,0.0,306.23211669921875,0.0,307.27901793753904,302.8974985583857,305.7862170590706,0.0,54608000
2021-03-30,0.0,304.6907958984375,0.0,305.2627176647272,301.9959625409575,304.27397607290493,0.0,44635700
2021-03-31,0.0,309.3534240722656,0.0,310.91408735554086,306.1351255168878,306.47440914710774,0.0,55032500
2021-04-01,0.0,314.6268005371094,0.0,314.76249625213046,312.92070869566726,313.17275305842713,0.0,55685600
2021-04-05,0.0,320.9082336425781,0.0,321.6740401855826,316.86599863468905,317.1083398561629,0.0,42172500
2021-04-06,0.0,320.68536376953125,0.0,322.6337674696056,319.9098539537402,320.59812446200624,0.0,33537200
2021-04-07,0.0,321.460693359375,0.0,322.2943623228412,319.2796229453217,320.2102047055061,0.0,32046400
2021-04-08,0.0,324.8146057128906,0.0,324.9987873129951,323.5156609844958,324.31054688150937,0.0,29940800
2021-04-09,0.0,326.7826232910156,0.0,326.9862112419978,322.7210111279812,323.45770841704103,0.0,36664900
2021-04-12,0.0,326.35601806640625,0.0,326.7728377767123,324.47544823076703,325.7453135880842,0.0,25833000
2021-04-13,0.0,330.1656494140625,0.0,330.6309255747527,327.6646717196911,327.87793315422925,0.0,30374000
2021-04-14,0.0,326.200927734375,0.0,330.53398916747386,325.38666492862893,330.40796702206137,0.0,42564300
2021-04-15,0.0,331.144775390625,0.0,331.5325450707448,325.9199132352182,329.07034959881554,0.0,36342800
2021-04-16,0.0,331.5325012207031,0.0,331.7457626834928,329.6616044678657,331.66819692465873,0.0,40860100
2021-04-19,0.0,328.4983825683594,0.0,331.1156500529259,326.57902941354195,329.96213303614445,0.0,34533100
2021-04-20,0.0,326.10406494140625,0.0,329.1187757229305,324.1362552848905,327.8392364774025,0.0,38081800
2021-04-21,0.0,328.89581298828125,0.0,329.0799946790539,323.7387848119833,324.82446872643175,0.0,36598100
2021-04-22,0.0,324.9311828613281,0.0,329.48718093461383,323.7776360629611,328.50814233144524,0.0,45936100
2021-04-23,0.0,329.0218200683594,0.0,330.33043890861984,325.5611805627224,325.5611805627224,0.0,36381900
2021-04-26,0.0,331.16412353515625,0.0,331.4452476291295,328.5177468041697,329.264176683064,0.0,30812000
2021-04-27,0.0,329.7293701171875,0.0,331.6680993603668,328.77941172093244,331.45483796031067,0.0,33187200
2021-04-28,0.0,328.6146240234375,0.0,330.40795458434565,327.9651366764004,329.3998070416593,0.0,33615700
2021-04-29,0.0,329.7973327636719,0.0,332.29828122950687,326.5790341440886,331.88146141564596,0.0,37708900
2021-04-30,0.0,327.6355895996094,0.0,329.8360665634626,326.7243843479342,327.35449511543897,0.0,38263400
2021-05-03,0.0,325.8907470703125,0.0,329.5840245077419,325.4448475555954,328.8376242784692,0.0,29729700
2021-05-04,0.0,320.0261535644531,0.0,323.66127206756664,316.21652689036085,323.34136507299735,0.0,65147000
2021-05-05,0.0,318.9501037597656,0.0,322.93420853069864,318.17462374116377,322.0714596460376,0.0,46219300
2021-05-06,0.0,321.3541564941406,0.0,321.5092584227656,316.4491726342146,318.6884031101518,0.0,46814300
2021-05-07,0.0,323.9617919921875,0.0,326.33671847175805,321.52867639706886,324.1265674744462,0.0,53324500
2021-05-10,0.0,315.78033447265625,0.0,322.7597443386134,315.57674653434634,322.58526574806535,0.0,60700500
2021-05-11,0.0,315.3441162109375,0.0,316.13900258664955,309.2468022628767,309.90599292569743,0.0,71963600
2021-05-12,0.0,307.1820373535156,0.0,312.7364789358394,306.31928844902643,310.4197123587213,0.0,91164900
2021-05-13,0.0,309.5570068359375,0.0,312.52326128582257,307.19175393590643,310.1192550864064,0.0,69877800
2021-05-14,0.0,316.3909912109375,0.0,317.30216690670983,312.2130017076869,312.7170903364963,0.0,44370000
2021-05-17,0.0,314.4716491699219,0.0,316.3715959603401,311.60233754605224,314.6849106165879,0.0,39395000
2021-05-18,0.0,312.34869384765625,0.0,316.64297235548605,312.07727291580534,315.42159295348847,0.0,36528500
2021-05-19,0.0,312.7073669433594,0.0,313.0078676452013,306.61005446478663,306.9590411530746,0.0,66319100
2021-05-20,0.0,318.7562561035156,0.0,319.6093019729697,313.9676205775707,314.190555577994,0.0,46466100
2021-05-21,0.0,316.99200439453125,0.0,320.7240353459111,316.6333441385424,320.30721556639253,0.0,50330400
2021-05-24,0.0,322.3235168457031,0.0,323.4479836254808,316.8853646355601,319.2796970065807,0.0,32475800
2021-05-25,0.0,322.7694091796875,0.0,324.5530369200139,321.59648601653095,323.8357164110421,0.0,31280300
2021-05-26,0.0,323.89385986328125,0.0,324.3591360264829,322.7500165185231,323.4382572317026,0.0,25444900
2021-05-27,0.0,322.6821594238281,0.0,324.2913085420802,322.4786010989326,323.44796589913267,0.0,27931700
2021-05-28,0.0,323.6999816894531,0.0,325.2897541666594,323.38010432071417,323.8841633687067,0.0,29927400
2021-06-01,0.0,322.6239318847656,0.0,325.50294591769415,321.27650089688194,325.02793714952765,0.0,31145400
2021-06-02,0.0,323.2541198730469,0.0,324.0974626171343,321.53835462068525,323.0408584081203,0.0,22047900
2021-06-03,0.0,319.89044189453125,0.0,321.69344654916364,318.22313295347107,320.4235807979536,0.0,37057800
2021-06-04,0.0,325.31890869140625,0.0,325.76480832028534,321.6159271916839,321.68378984335567,0.0,38736500
2021-06-07,0.0,326.28826904296875,0.0,326.3464285770905,324.0974946488078,324.78573552436353,0.0,32611900
2021-06-08,0.0,326.443359375,0.0,328.89585158541155,324.7663473137233,328.03310255552793,0.0,27282800
2021-06-09,0.0,326.5207824707031,0.0,328.585533891448,326.33660082210497,327.81005401089027,0.0,21485300
2021-06-10,0.0,329.9233093261719,0.0,330.0299252524659,326.4142135500906,326.8601130664696,0.0,33702100
2021-06-11,0.0,330.7860107421875,0.0,330.79571385593243,329.28350724491844,329.9329650472229,0.0,21222800
2021-06-14,0.0,333.9559326171875,0.0,333.96560615059394,330.02998677040205,331.2126132076751,0.0,27827700
2021-06-15,0.0,331.77484130859375,0.0,333.91712946198913,331.05749116385306,333.60692559305636,0.0,35963800
2021-06-16,0.0,330.56317138671875,0.0,333.3064613474824,327.1122343191924,332.240153920399,0.0,55399500
2021-06-17,0.0,334.7604675292969,0.0,335.7686152979436,329.5065263923153,329.554982803743,0.0,59722700
2021-06-18,0.0,332.13348388671875,0.0,334.2466921636833,331.3870540179676,333.10284873846405,0.0,55414900
2021-06-21,0.0,334.1976318359375,0.397,334.5179098432053,330.11188077836255,332.32459487129626,0.0,32992600
2021-06-22,0.0,337.3129577636719,0.0,337.75937452860774,333.69302217724,333.9938714771948,0.0,28941600
2021-06-23,0.0,337.4779357910156,0.0,338.62313566064245,336.64332921884596,337.254742209473,0.0,27188500
2021-06-24,0.0,339.5645751953125,0.0,341.08822115574117,338.86582159157274,339.4092933259272,0.0,32581600
2021-06-25,0.0,339.14715576171875,0.0,340.3699816607992,338.5454571818476,340.1273593549169,0.0,28682800
2021-06-28,0.0,343.27178955078125,0.0,343.4076722798349,340.3700357884095,340.42826278172237,0.0,39130300
2021-06-29,0.0,344.5140075683594,0.0,344.5431210644073,342.2624947676922,343.0971013990546,0.0,29426000
2021-06-30,0.0,343.970458984375,0.0,344.7468680670184,343.388159576637,344.3586487172076,0.0,32724000
2021-07-01,0.0,344.1064147949219,0.0,344.6110585931317,342.2721757133601,343.6211701215332,0.0,29290000
2021-07-02,0.0,348.0563049316406,0.0,348.3765533766794,345.76593472908996,345.99884268911813,0.0,32727200
2021-07-06,0.0,349.5606384277344,0.0,349.84208869405285,345.9698151941255,348.65809024128913,0.0,38842400
2021-07-07,0.0,350.2981872558594,0.0,352.05477083328077,348.34749393697075,351.75392146589843,0.0,35265200
2021-07-08,0.0,348.18243408203125,0.0,349.0364694012732,343.9608293377966,345.24185269967666,0.0,50890000
2021-07-09,0.0,350.3564758300781,0.0,350.8320062781625,347.0179890856236,347.60028879537606,0.0,35184500
2021-07-12,0.0,351.7247314453125,0.0,352.18086258323524,350.18162745543833,351.7538449384998,0.0,25717700
2021-07-13,0.0,351.7247314453125,0.0,354.68471184829133,350.87069615584164,351.3462264168953,0.0,39723000
2021-07-14,0.0,352.3556213378906,0.0,354.70418928548685,351.5306993594751,354.06366267696376,0.0,35336400
2021-07-15,0.0,349.8808288574219,0.0,352.47204859453535,347.8816230568866,352.2682541126906,0.0,53391600
2021-07-16,0.0,347.0469665527344,0.0,351.7150175408342,346.697575017042,350.7348139072601,0.0,47262000
2021-07-19,0.0,344.2035217285156,0.0,344.69845123070195,341.6511296216151,343.6017933642096,0.0,64404600
2021-07-20,0.0,348.2018737792969,0.0,349.6478933984783,343.3591119000733,345.13512395324045,0.0,42183700
2021-07-21,0.0,350.8901062011719,0.0,350.8901062011719,347.5516206658584,347.7748438652309,0.0,30259900
2021-07-22,0.0,353.2095947265625,0.0,353.2192794800728,351.09390553080846,351.09390553080846,0.0,30252200
2021-07-23,0.0,357.33416748046875,0.0,357.6155880495975,353.180474514925,354.5294392236291,0.0,31960800
2021-07-26,0.0,357.6155700683594,0.0,358.0037894573996,355.78136080816336,356.64508082972117,0.0,28438100
2021-07-27,0.0,353.6753845214844,0.0,357.3535470119616,349.53140615344574,357.3535470119616,0.0,57933100
2021-07-28,0.0,355.0340576171875,0.0,356.6062750287339,352.5204940964089,354.81086405189757,0.0,42066200
2021-07-29,0.0,355.6650085449219,0.0,356.8295781941217,354.4712957779272,354.4712957779272,0.0,25672500
2021-07-30,0.0,353.811279296875,0.0,354.3935787806666,351.7150189254144,351.7441324187549,0.0,36484600
2021-08-02,0.0,353.8404541015625,0.0,356.0531688297909,353.1319861515424,355.47086924510194,0.0,27334100
2021-08-03,0.0,355.9851989746094,0.0,356.10165295883087,351.31714753282756,354.5003514418158,0.0,35558500
2021-08-04,0.0,356.4995422363281,0.0,357.4506324293252,354.8400137966244,355.94635621743237,0.0,29602200
2021-08-05,0.0,358.76080322265625,0.0,358.9937111841423,356.6063157279587,357.31475398314,0.0,21443900
2021-08-06,0.0,357.1885986328125,0.0,358.46965170158194,356.0822561585007,357.49916233742056,0.0,33332100
2021-08-09,0.0,357.84857177734375,0.0,358.3726147359281,356.5481195184718,357.6447476764634,0.0,25960200
2021-08-10,0.0,356.0142822265625,0.0,358.65401424027687,354.8302841259189,358.36287930445565,0.0,35130800
2021-08-11,0.0,355.40289306640625,0.0,357.77088942641615,354.0733274087336,357.27596000234576,0.0,34249800
2021-08-12,0.0,356.68389892578125,0.0,357.04297519552864,353.5492081086965,354.89820232961824,0.0,25969200
2021-08-13,0.0,357.935791015625,0.0,358.26575375009867,356.5382843655151,357.0332432757138,0.0,19336200
2021-08-16,0.0,358.09112548828125,0.0,358.1299237331186,352.96694355657974,356.8197869708104,0.0,34856900
2021-08-17,0.0,354.93701171875,0.0,356.3150897426544,352.5107888148548,355.34460058109624,0.0,44793900
2021-08-18,0.0,351.52093505859375,0.0,355.80079659606537,351.19097223749185,354.4032895790549,0.0,38541900
2021-08-19,0.0,353.21929931640625,0.0,354.8885422009641,349.33734187482844,349.58967858596617,0.0,48499400
2021-08-20,0.0,356.8780212402344,0.0,357.2759253852955,353.9762382539555,354.28680192087853,0.0,39486000
2021-08-23,0.0,362.2156982421875,0.0,362.9047372880228,357.9067237836199,357.91640853616616,0.0,34034700
2021-08-24,0.0,363.3220520019531,0.0,363.923750591973,362.341848392222,362.80769388948636,0.0,21732900
2021-08-25,0.0,363.73944091796875,0.0,364.31205576728763,362.8271784482925,363.5744742938503,0.0,20441900
2021-08-26,0.0,361.4297180175781,0.0,363.56477717926083,360.9929858892621,362.88545228931207,0.0,29133300
2021-08-27,0.0,364.94281005859375,0.0,365.4474538399385,361.5752109531415,362.0604556103134,0.0,27104700
2021-08-30,0.0,369.03826904296875,0.0,369.52351369079594,365.7094682499672,365.7288969907494,0.0,27295700
2021-08-31,0.0,368.73748779296875,0.0,369.34887128381575,367.1943834651041,369.28095952949167,0.0,29628200
2021-09-01,0.0,369.3489074707031,0.0,371.4160549932507,369.1451129537874,369.79535399707834,0.0,28138300
2021-09-02,0.0,369.174072265625,0.0,371.02771012392384,367.9609608099566,370.6977473620195,0.0,25453400
2021-09-03,0.0,370.3096008300781,0.0,370.70750498800527,368.0095459804599,368.02894510390183,0.0,24605400
2021-09-07,0.0,370.83367919921875,0.0,371.48392010902126,369.26149115749905,370.41637587791985,0.0,23970200
2021-09-08,0.0,369.5428771972656,0.0,370.65893385630363,367.28165038780526,370.65893385630363,0.0,32949200
2021-09-09,0.0,368.2715759277344,0.0,370.87248014416735,368.0289536026869,369.76613774278206,0.0,29399000
2021-09-10,0.0,365.4766540527344,0.0,370.6978925414846,365.14669116160394,369.979739755906,0.0,40249400
2021-09-13,0.0,365.2242431640625,0.0,368.2327660651284,363.1765248567049,367.8057483828101,0.0,48741800
2021-09-14,0.0,364.1857604980469,0.0,367.43687539082885,363.234670488282,366.7090085431354,0.0,41826600
2021-09-15,0.0,366.8935241699219,0.0,367.2429157722262,362.35164065887915,364.6420111582431,0.0,34097900
2021-09-16,0.0,367.1457214355469,0.0,367.7183064386319,363.6422700733716,365.56381949664564,0.0,35193100
2021-09-17,0.0,362.7979736328125,0.0,366.71875839113625,361.7595726718765,366.67024577672095,0.0,60912300
2021-09-20,0.0,355.30145263671875,0.414,358.7504976943666,350.6670670420057,357.01138745369525,0.0,76203200
2021-09-21,0.0,355.7386474609375,0.0,358.3230148534642,354.6116280954116,357.12797879738775,0.0,41927500
2021-09-22,0.0,359.0613708496094,0.0,360.51871870143844,355.55400493496865,356.65187839398413,0.0,46972900
2021-09-23,0.0,362.3744201660156,0.0,363.40427696626887,359.5763074823771,360.2175441098625,0.0,44652000
2021-09-24,0.0,362.7144470214844,0.0,363.13224261893384,359.74145968515217,360.1106592295025,0.0,36056800
2021-09-27,0.0,359.8192138671875,0.0,360.69361670499325,357.2737175316514,359.6734850025232,0.0,43338100
2021-09-28,0.0,349.63720703125,0.0,359.77062620482974,349.13200373868887,355.2723036782193,0.0,97701600
2021-09-29,0.0,349.06396484375,0.0,353.0376631925343,348.44217849629433,350.9002374139958,0.0,58076600
2021-09-30,0.0,347.7815246582031,0.0,352.3673142998109,346.9459926884588,350.7059458519513,0.0,61384600
2021-10-01,0.0,349.93841552734375,0.0,350.9779976120067,344.3033481176545,348.4033552549904,0.0,56375500
2021-10-04,0.0,342.5932922363281,0.0,348.65584917444676,340.35870429177703,348.32552058741487,0.0,76766000
2021-10-05,0.0,347.218017578125,0.0,349.4623310874055,343.42891877348393,343.6523598204089,0.0,47232900
2021-10-06,0.0,349.44293212890625,0.0,349.7149692484246,343.10830689611487,344.01185558060564,0.0,56806500
2021-10-07,0.0,352.6490478515625,0.0,355.29170657655396,351.94951966995245,352.48386870945467,0.0,39411200
2021-10-08,0.0,350.8904724121094,0.0,353.96062183778866,350.35609379081643,353.72742604039263,0.0,41822300
2021-10-11,0.0,348.1993408203125,0.0,352.8725680610117,348.1118738417442,349.35547637804586,0.0,34847200
2021-10-12,0.0,346.98486328125,0.0,350.0841294694706,346.3436265923632,349.6469428519261,0.0,43905100
2021-10-13,0.0,349.7635192871094,0.0,350.4339017377287,347.266589269575,349.2874617626891,0.0,40120800
2021-10-14,0.0,356.2049560546875,0.0,356.41870158590115,352.687894754568,353.3485519783858,0.0,43433900
2021-10-15,0.0,358.44927978515625,0.0,358.56586286925926,356.3895662331551,357.4194230091557,0.0,40419900
2021-10-18,0.0,362.0538635253906,0.0,362.26760911304785,356.55479945186806,357.15716529440436,0.0,34513500
2021-10-19,0.0,364.79364013671875,0.0,364.8422065438889,362.10241481338824,363.12254656253174,0.0,29091000
2021-10-20,0.0,364.3175964355469,0.0,365.8623818299415,362.84079808380676,365.2502908972937,0.0,31390300
2021-10-21,0.0,366.54248046875,0.0,366.7368054154041,363.2197432896632,363.52092620210016,0.0,25469300
2021-10-22,0.0,363.46258544921875,0.0,366.2509731223025,361.8012170845607,365.28913296115627,0.0,36275800
2021-10-25,0.0,367.1836242675781,0.0,368.0968979159917,362.9378891413452,364.8810195167244,0.0,32597800
2021-10-26,0.0,368.33978271484375,0.0,371.82769811913937,367.1641971604271,369.41823547205826,0.0,47191300
2021-10-27,0.0,369.1948547363281,0.0,372.2552798390462,368.5244722333737,368.78678421938156,0.0,45760500
2021-10-28,0.0,373.2947692871094,0.0,373.5473857182244,370.3217822509706,371.0893270341014,0.0,38007000
2021-10-29,0.0,375.13104248046875,0.0,375.29622161802354,369.8749005973432,370.2246498535982,0.0,37310100
2021-11-01,0.0,376.4134826660156,0.0,376.5397908807335,373.4890916975087,375.5682257211383,0.0,30765300
2021-11-02,0.0,377.9874267578125,0.0,378.46351386461185,375.7528386721774,375.80140507193687,0.0,25135300
2021-11-03,0.0,382.00006103515625,0.0,382.41782702389656,377.4337216341692,378.4732740352497,0.0,33748900
2021-11-04,0.0,386.8966979980469,0.0,387.84884257503916,382.7189794670043,383.26305361105216,0.0,40265300
2021-11-05,0.0,387.26593017578125,0.0,389.5879557988873,385.8668737874535,388.664986564109,0.0,43383800
2021-11-08,0.0,386.74127197265625,0.0,388.25691143350406,386.10003533155617,387.23677975210165,0.0,29256300
2021-11-09,0.0,384.0792541503906,0.0,388.20840724129505,382.71906847393984,387.81006185572306,0.0,50490700
2021-11-10,0.0,378.4344482421875,0.0,384.118082109329,376.51073807726664,381.31027352271906,0.0,54937400
2021-11-11,0.0,379.48370361328125,0.0,381.5822883113041,379.1436498134024,381.40741366559087,0.0,32243000
2021-11-12,0.0,383.4768371582031,0.0,384.0111862152096,379.0367766051723,380.63012828503423,0.0,34730600
2021-11-15,0.0,383.3894348144531,0.0,384.97309127010396,380.9508256534422,384.65248771182206,0.0,33716900
2021-11-16,0.0,386.1195068359375,0.0,386.6149849927974,382.46641170396464,382.66070698024396,0.0,27872900
2021-11-17,0.0,386.323486328125,0.0,388.3540540965329,385.3616462404101,386.44006941150644,0.0,28703300
2021-11-18,0.0,390.3263854980469,0.0,390.83158881405245,386.14866628730584,388.36383413413324,0.0,45721500
2021-11-19,0.0,392.5026550292969,0.0,393.77540319697215,391.1327444019126,391.9585808347099,0.0,45191700
2021-11-22,0.0,387.94598388671875,0.0,397.0884162450373,387.8391259434944,394.03771684540067,0.0,61715400
2021-11-23,0.0,386.1778259277344,0.0,388.84963077816195,381.7474900750113,386.789887223981,0.0,70098700
2021-11-24,0.0,387.4214172363281,0.0,387.7031498463432,381.3782794363445,383.7003052575749,0.0,46954400
2021-11-26,0.0,380.07635498046875,0.0,386.23607538819647,378.6869940757919,384.84671448351963,0.0,51533300
2021-11-29,0.0,388.3249206542969,0.0,389.33535682537865,383.90431058676927,384.63298453085525,0.0,54447100
2021-11-30,0.0,382.6218566894531,0.0,389.78228826501027,380.6107093860575,387.440812314893,0.0,81332700
2021-12-01,0.0,376.1123962402344,0.0,389.09252551727917,375.6460638199846,386.9550697583902,0.0,77766500
2021-12-02,0.0,378.8230285644531,0.0,380.6009800122921,373.41140274344633,374.829879775316,0.0,84416600
2021-12-03,0.0,372.2358703613281,0.0,381.18397972788637,368.126137891757,380.18326851446955,0.0,105349100
2021-12-06,0.0,375.2185363769531,0.0,376.57872188749616,368.5147119860262,372.7216064023511,0.0,67588800
2021-12-07,0.0,386.5177917480469,0.0,387.1298826017134,381.8154194791573,381.8542903912459,0.0,56005300
2021-12-08,0.0,388.2471618652344,0.0,388.45121190853195,384.9535711997848,386.84813523155293,0.0,39204000
2021-12-09,0.0,382.5343933105469,0.0,388.8204216107013,382.3400684022684,387.02301998348895,0.0,49973700
2021-12-10,0.0,386.69268798828125,0.0,386.95499992733414,382.17488593364493,385.3421980821005,0.0,52545800
2021-12-13,0.0,381.106201171875,0.0,387.0035798094843,380.73700162639506,386.6829763172521,0.0,50166400
2021-12-14,0.0,377.1616516113281,0.0,378.99789456315466,372.7215911886639,376.28721914398113,0.0,75199200
2021-12-15,0.0,385.75994873046875,0.0,386.1194527583862,372.9644517190141,376.9090040378662,0.0,73858000
2021-12-16,0.0,375.84033203125,0.0,387.1493668046247,374.2566757853387,386.7218756836491,0.0,82591400
2021-12-17,0.0,373.9651184082031,0.0,378.1234157635812,370.91438982584793,372.4300289782877,0.0,80492500
2021-12-20,0.0,370.3376159667969,0.491,371.1255866591313,367.2051786350103,369.2480777101217,0.0,65336800
2021-12-21,0.0,378.6258544921875,0.0,378.937159569745,369.86089170437486,373.60617144539583,0.0,48899500
2021-12-22,0.0,383.2369689941406,0.0,383.4412499594031,377.67251700140145,378.33401801404176,0.0,37042200
2021-12-23,0.0,386.1263122558594,0.0,387.59522966719413,383.4219117710974,383.58727222666715,0.0,29595500
2021-12-27,0.0,392.5078125,0.0,392.5078125,387.39084295846783,387.42002595370644,0.0,32820700
2021-12-28,0.0,390.6886901855469,0.0,393.5779258347806,389.8131705286223,393.40282784093364,0.0,33113700
2021-12-29,0.0,390.6303405761719,0.0,392.08954996149595,388.25669093436284,390.82491370262477,0.0,32248500
2021-12-30,0.0,389.462890625,0.0,392.5953271533182,388.87920108358554,390.4162215112164,0.0,23850100
2021-12-31,0.0,387.03094482421875,0.0,390.15364435086724,386.53480417213575,388.7917216357938,0.0,34752900
2022-01-03,0.0,390.75677490234375,0.0,391.0097140063851,386.0873171654606,388.19828992742805,0.0,40575900
2022-01-04,0.0,385.68853759765625,0.0,391.3405401575487,382.5950205070389,391.30161959070927,0.0,58027200
2022-01-05,0.0,373.8397521972656,0.0,385.1243115425501,373.5868130518578,384.00556051490355,0.0,75739800
2022-01-06,0.0,373.5769958496094,0.0,376.81645685721696,369.7927954770154,372.020529806364,0.0,70814300
2022-01-07,0.0,369.5301513671875,0.0,375.26973173594047,367.7596666339239,373.58676631105357,0.0,72652300
2022-01-10,0.0,369.7733154296875,0.0,370.28893116706166,359.2670213392742,364.6271924939485,0.0,91770500
2022-01-11,0.0,375.328125,0.0,375.4934854420192,366.96198507841575,369.0437750740555,0.0,68295700
2022-01-12,0.0,376.8165283203125,0.0,379.5890322281386,374.54016512828366,377.89632906917427,0.0,54576400
2022-01-13,0.0,367.3900451660156,0.0,378.87888564260544,366.456159394104,378.19790933093844,0.0,77994000
2022-01-14,0.0,369.6760559082031,0.0,370.0068064199914,364.6660807383496,364.8703913946755,0.0,80121200
2022-01-18,0.0,360.4733581542969,0.0,365.98918287000924,359.71457043714145,363.8684722871507,0.0,75450900
2022-01-19,0.0,356.5140686035156,0.0,364.50080012803306,356.25139189864086,362.02986377818786,0.0,81791500
2022-01-20,0.0,351.8834228515625,0.0,363.70301100121503,351.34839137289583,359.73397518513565,0.0,88610700
2022-01-21,0.0,342.126220703125,0.0,352.3309484155579,341.84409858774796,349.6946518810321,0.0,143388900
2022-01-24,0.0,343.6924133300781,0.0,344.35394409860754,325.06318082244553,336.5033910595923,0.0,198685800
2022-01-25,0.0,335.72515869140625,0.0,341.4841848912907,332.38844029940157,337.2427637902628,0.0,124398400
2022-01-26,0.0,335.1998291015625,0.0,347.17507067851926,331.51288540493397,343.3130289963466,0.0,146559500
2022-01-27,0.0,331.8242492675781,0.0,341.7176731428113,330.8027847956347,339.89853003289744,0.0,95255700
2022-01-28,0.0,342.2332458496094,0.0,342.447264423983,328.7599022902496,333.7017452516599,0.0,108167900
2022-01-31,0.0,353.17724609375,0.0,353.76093569684656,341.9607928414267,343.5951296676344,0.0,94326400
2022-02-01,0.0,355.5801086425781,0.0,356.2319018538568,349.3736300747479,354.51975345573044,0.0,74433000
2022-02-02,0.0,358.46929931640625,0.0,360.0355325270616,354.3835316340809,359.704782025708,0.0,78777100
2022-02-03,0.0,343.93560791015625,0.0,352.08772832642944,342.875252752368,348.78019330152955,0.0,95384800
2022-02-04,0.0,348.27435302734375,0.0,351.5721505685939,342.3985953365478,344.4512021440884,0.0,86318300
2022-02-07,0.0,345.4726867675781,0.0,351.23168311671714,344.21775839813677,348.8677710648343,0.0,58198100
2022-02-08,0.0,349.3541259765625,0.0,350.44366407130263,343.20598422745877,344.33444287920713,0.0,64720900
2022-02-09,0.0,356.7572326660156,0.0,356.8350441003599,352.27258059296145,353.86799703006915,0.0,55766400
2022-02-10,0.0,348.6829528808594,0.0,356.5237692365518,346.8443644225489,349.7433081789407,0.0,112468500
2022-02-11,0.0,337.6221923828125,0.0,350.2784133558174,336.3964467985141,348.6829965833848,0.0,101569100
2022-02-14,0.0,338.0403747558594,0.0,341.4354881578317,334.53829662301456,337.06756867725016,0.0,80254400
2022-02-15,0.0,346.4454650878906,0.0,346.6789290679671,342.2526728821173,343.3130280418822,0.0,55128800
2022-02-16,0.0,346.35797119140625,0.0,347.3794059544113,341.17289687012845,344.1983399690961,0.0,58947100
2022-02-17,0.0,336.055908203125,0.0,343.84806555084964,335.63757898128034,343.14764391072606,0.0,61801400
2022-02-18,0.0,332.2229919433594,0.0,337.37885195183105,329.91744643602993,336.9897354830625,0.0,80001500
2022-02-22,0.0,328.88629150390625,0.0,334.6842375572723,325.25774354936186,329.2851455895957,0.0,85967100
2022-02-23,0.0,320.4618835449219,0.0,332.87487248653105,320.15057838528617,332.03827326866593,0.0,86215400
2022-02-24,0.0,331.23077392578125,0.0,331.76583514902126,309.6053110745808,310.1695256086582,0.0,130614100
2022-02-25,0.0,336.3671569824219,0.0,336.571467640058,328.2150667421436,332.0284500570756,0.0,78842100
2022-02-28,0.0,337.3691711425781,0.0,339.06187408237105,332.0382122795594,333.1958540080665,0.0,77515500
2022-03-01,0.0,332.20355224609375,0.0,338.61434101103964,329.68398795912555,336.34771581519976,0.0,67407000
2022-03-02,0.0,337.77777099609375,0.0,339.11051074418504,330.98757301152676,333.750339065548,0.0,70609000
2022-03-03,0.0,332.9526672363281,0.0,340.5210984604028,331.09460378869966,340.41407433832154,0.0,71089400
2022-03-04,0.0,328.1275329589844,0.0,332.0284954824209,325.8122790448653,330.59846912175567,0.0,76936300
2022-03-07,0.0,316.0257263183594,0.0,329.2753682803985,315.8214453816355,328.1177268261608,0.0,89933800
2022-03-08,0.0,314.5568542480469,0.0,324.14870801818853,311.2395819280208,315.23780069650655,0.0,116153900
2022-03-09,0.0,325.8803405761719,0.0,327.2325554489857,320.1407899136627,322.7284579772235,0.0,64723400
2022-03-10,0.0,322.2615051269531,0.0,323.4678050248186,317.8255111481958,321.82376014149736,0.0,69362700
2022-03-11,0.0,315.578369140625,0.0,325.5399261987879,315.0919659731186,325.2286210465374,0.0,66228400
2022-03-14,0.0,309.5177917480469,0.0,317.70880412168714,308.8173700285798,314.34290265565807,0.0,79802600
2022-03-15,0.0,319.2264099121094,0.0,320.00467283421807,310.5489935663855,312.15411816717324,0.0,76471000
2022-03-16,0.0,331.0654602050781,0.0,331.1821922156537,319.4695955889141,323.13709448475873,0.0,105243000
2022-03-17,0.0,335.0733947753906,0.0,335.131760776708,327.8746342985671,329.1684535780236,0.0,67810000
2022-03-18,0.0,341.9317626953125,0.0,342.2236224711706,332.26206327166915,333.4197054341968,0.0,85446300
2022-03-21,0.0,340.9810485839844,0.434,343.31869390140747,336.5980082004085,341.0979546293715,0.0,73799100
2022-03-22,0.0,347.68218994140625,0.0,348.5490720835401,341.0979103437439,341.4777583376518,0.0,63345900
2022-03-23,0.0,342.6855163574219,0.0,348.3640045280012,342.6270782050995,344.80887821456724,0.0,70615500
2022-03-24,0.0,350.30230712890625,0.0,350.351025410237,342.4517974996988,344.604348920767,0.0,53555300
2022-03-25,0.0,350.0101318359375,0.0,351.29583081945475,345.7147486803651,350.24388447861514,0.0,57584200
2022-03-28,0.0,355.425537109375,0.0,355.52294392941155,348.76332081543086,350.0003012291695,0.0,56833900
2022-03-29,0.0,361.5423278808594,0.0,362.1656780545059,356.54565799435034,359.31183941200896,0.0,68073000
2022-03-30,0.0,357.5489196777344,0.0,361.33782852557766,356.06843686648347,359.68200152367945,0.0,68757700
2022-03-31,0.0,353.1171569824219,0.0,358.0456391088496,352.279493961754,357.6949804858477,0.0,67011400
2022-04-01,0.0,352.44512939453125,0.0,354.1593648604611,349.269850841836,353.3801696236196,0.0,54527800
2022-04-04,0.0,359.7013854980469,0.0,359.71113509642987,353.0197003720873,353.2826720089601,0.0,45950200
2022-04-05,0.0,351.7145690917969,0.0,358.9611966423126,350.5749657641546,358.2501595469128,0.0,62738700
2022-04-06,0.0,344.07843017578125,0.0,347.5069311681913,341.44859397590363,346.4062962380528,0.0,90077100
2022-04-07,0.0,344.8965148925781,0.0,347.0880346472585,339.62712382661994,343.08484310536005,0.0,63777400
2022-04-08,0.0,340.07513427734375,0.0,343.91273096282885,339.44203456234874,343.1627549588362,0.0,61956100
2022-04-11,0.0,332.0299377441406,0.0,336.7636071517967,331.6890286539163,335.8480363263463,0.0,66107400
2022-04-12,0.0,330.6273193359375,0.0,338.65314282857037,329.2539632767462,336.77331286308385,0.0,72790200
2022-04-13,0.0,337.3480224609375,0.0,338.3999391002266,330.24748854144997,330.9682456882889,0.0,61367800
2022-04-14,0.0,329.6337890625,0.0,337.95183248717245,329.4195059388165,337.43560901526075,0.0,73519400
2022-04-18,0.0,329.88714599609375,0.0,332.17607333665285,327.0625255377948,328.58197736293215,0.0,58560600
2022-04-19,0.0,337.26031494140625,0.0,337.83497659773195,328.2215139748147,329.2442113806773,0.0,56515700
2022-04-20,0.0,332.3415832519531,0.0,338.52654598737115,331.12407207271315,338.06876059500115,0.0,65500000
2022-04-21,0.0,325.4650573730469,0.0,338.8284602340918,324.53976678286665,336.21812360109845,0.0,75801000
2022-04-22,0.0,316.94244384765625,0.0,326.83837639396864,316.5138776162672,325.6208654467017,0.0,82562100
2022-04-25,0.0,321.0137939453125,0.0,321.3254838822718,314.04963725828924,315.31586648054065,0.0,101755900
2022-04-26,0.0,308.89715576171875,0.0,319.14371732718405,308.62440477055,318.95865328282736,0.0,105819600
2022-04-27,0.0,308.5270690917969,0.0,314.4879988119312,306.81280391367983,308.9945743408159,0.0,111204200
2022-04-28,0.0,319.484619140625,0.0,321.31576034389815,309.26724715521,313.4847216823124,0.0,99450000
2022-04-29,0.0,305.1082763671875,0.0,318.7249309741561,304.4751765510485,315.28668087637624,0.0,91977900
2022-05-02,0.0,310.20233154296875,0.0,310.43608414182137,301.6018172427122,304.69915807506743,0.0,115511800
2022-05-03,0.0,310.5334167480469,0.0,312.82234281271934,307.7672359999853,310.22172687447824,0.0,78185500
2022-05-04,0.0,321.0333557128906,0.0,321.705424266024,305.7316834384654,311.0107952993053,0.0,116083400
2022-05-05,0.0,304.8647766113281,0.0,316.79638528062134,301.57262187157147,316.71847764967674,0.0,154607400
2022-05-06,0.0,301.2122497558594,0.0,306.9004581164156,297.1798386765447,302.86807676149334,0.0,139572800
2022-05-09,0.0,289.4266662597656,0.0,301.3095837557679,288.03384101518077,295.5921576994829,0.0,113387300
2022-05-10,0.0,292.9428405761719,0.0,297.81288365145394,288.8617421011347,296.59537288263346,0.0,124124600
2022-05-11,0.0,284.2547302246094,0.0,296.18633825965026,283.38787783221585,290.68319437612166,0.0,140326100
2022-05-12,0.0,283.5826721191406,0.0,288.0631187959251,277.53408545389686,279.9788571911552,0.0,120910900
2022-05-13,0.0,294.0922546386719,0.0,295.12470171225505,286.43652909796657,288.0339179888043,0.0,83684900
2022-05-16,0.0,290.6831970214844,0.0,294.40391787849285,289.40724783468886,292.34874379462224,0.0,59190400
2022-05-17,0.0,298.2123718261719,0.0,298.5922199090593,292.7384158515025,296.53707502676514,0.0,62715300
2022-05-18,0.0,283.5729675292969,0.0,294.3941922213198,282.316487716093,293.70265421999056,0.0,79477100
2022-05-19,0.0,282.0534973144531,0.0,286.73850768800816,280.1054794237619,281.77105612186665,0.0,79920700
2022-05-20,0.0,281.1768798828125,0.0,286.1638006552641,272.9270233764225,285.51123134311183,0.0,91764200
2022-05-23,0.0,285.8521423339844,0.0,286.23199034784994,279.8230248721788,282.21907844050895,0.0,63648400
2022-05-24,0.0,279.7742614746094,0.0,281.35215088037694,274.91396736497427,280.6411435224921,0.0,73491100
2022-05-25,0.0,283.6898193359375,0.0,285.76446288510164,278.07951900291783,278.28405253294534,0.0,67144500
2022-05-26,0.0,291.5500793457031,0.0,293.09877969872235,282.60868452032753,282.8911554322837,0.0,59462200
2022-05-27,0.0,301.066162109375,0.0,301.21225750200745,294.5597896794027,294.6766659935086,0.0,66985600
2022-05-31,0.0,300.26739501953125,0.0,303.23810960712194,296.4200488394447,301.03687020042577,0.0,60968300
2022-06-01,0.0,298.046630859375,0.0,304.52378208840304,295.8356420436472,302.4004504795314,0.0,65341700
2022-06-02,0.0,306.20892333984375,0.0,306.38423780833415,295.514294896039,296.92661969357243,0.0,59291300
2022-06-03,0.0,298.2415466308594,0.0,302.4005540664085,296.9948163878671,300.997978827493,0.0,60914700
2022-06-06,0.0,299.2350158691406,0.0,304.23168628909286,297.67659568206346,302.67326610201565,0.0,51785000
2022-06-07,0.0,301.816162109375,0.0,302.59538713893994,294.8227846687545,295.9136699857499,0.0,44900300
2022-06-08,0.0,299.6441345214844,0.0,303.6180780499389,298.7967217470481,301.01746101503045,0.0,38342100
2022-06-09,0.0,291.6182861328125,0.0,301.01746695663655,291.4527212499062,297.95909417977526,0.0,55900500
2022-06-10,0.0,281.3326721191406,0.0,287.20594344916174,280.8846364355447,286.0176516344523,0.0,85963500
2022-06-13,0.0,268.2518310546875,0.0,275.00170651220577,267.3946983506731,272.47902668639784,0.0,94442000
2022-06-14,0.0,268.7388000488281,0.0,271.417324532628,266.23559003375,270.44331562942807,0.0,64697500
2022-06-15,0.0,275.4496765136719,0.0,279.37493078532503,269.4205596688989,272.15755174098666,0.0,86051400
2022-06-16,0.0,264.3363037109375,0.0,268.8849088704275,262.28112936584387,268.4271234740811,0.0,81910300
2022-06-17,0.0,267.5504455566406,0.0,269.9854672463517,263.4790964252964,265.1056742683673,0.0,82703400
2022-06-21,0.0,274.30072021484375,0.527,276.6135840600137,271.9195970898148,272.02692974453197,0.0,51633700
2022-06-22,0.0,273.900634765625,0.0,278.3018394534136,271.2071926784864,271.8024660137112,0.0,67472900
2022-06-23,0.0,277.9797668457031,0.0,278.8287787279244,273.5492578418302,276.37930737641136,0.0,57457800
2022-06-24,0.0,287.50433349609375,0.0,287.92398502775217,280.5658327618819,280.80003470957627,0.0,58422300
2022-06-27,0.0,285.396484375,0.0,289.42684893372103,284.2644585476467,288.8608509108106,0.0,54151500
2022-06-28,0.0,276.7013244628906,0.0,288.5192298202316,276.51590467871944,285.9331509640633,0.0,61609800
2022-06-29,0.0,276.955078125,0.0,278.45794354155225,274.06647805469794,276.56473159358586,0.0,57302700
2022-06-30,0.0,273.51995849609375,0.0,277.09168696089944,269.12849346614837,273.97862381270477,0.0,79313600
2022-07-01,0.0,275.32537841796875,0.0,275.71572495682835,270.34837814829655,272.2220832289671,0.0,56675100
2022-07-05,0.0,280.0388488769531,0.0,280.15594985091695,270.0751105884705,271.5974828130593,0.0,61829300
2022-07-06,0.0,281.83447265625,0.0,283.9326410168725,278.7019024096697,280.4194628152482,0.0,63194700
2022-07-07,0.0,287.8654479980469,0.0,288.56808365550654,282.6444776054049,282.6444776054049,0.0,56620100
2022-07-08,0.0,288.2264709472656,0.0,289.5926984461402,284.0984834291946,285.0353208882049,0.0,59895500
2022-07-11,0.0,282.0687255859375,0.0,286.040539649993,281.19043841491765,285.8161060220792,0.0,55273900
2022-07-12,0.0,279.3362121582031,0.0,285.2305426707223,277.74552111118555,283.3178239465647,0.0,55797100
2022-07-13,0.0,278.7604675292969,0.0,281.10257652613404,273.2662514366693,273.8322792280034,0.0,73939400
2022-07-14,0.0,279.7558898925781,0.0,280.62440871511484,273.0515607161218,276.16462427336086,0.0,63741800
2022-07-15,0.0,284.8304748535156,0.0,284.93783728464246,281.1318763281155,282.7421043242773,0.0,63818100
2022-07-18,0.0,282.41998291015625,0.0,289.0169486418252,281.24894346518283,287.611677482635,0.0,59519600
2022-07-19,0.0,291.1053161621094,0.0,291.3980983569474,284.4400614458328,286.04049094114333,0.0,55172600
2022-07-20,0.0,295.7213134765625,0.0,296.9021215280179,290.74431281740146,291.5250357377501,0.0,67769400
2022-07-21,0.0,299.9664001464844,0.0,300.02495064223245,293.52557758038677,296.17997591992554,0.0,55049400
2022-07-22,0.0,294.7063293457031,0.0,301.1081070983681,292.881436419772,299.03924389289483,0.0,57127700
2022-07-25,0.0,293.02783203125,0.0,295.2040577901947,291.0272875191682,294.73562410111066,0.0,40582400
2022-07-26,0.0,287.2701110839844,0.0,291.58351859643307,286.4601428848884,291.32977998348684,0.0,50074100
2022-07-27,0.0,299.4100646972656,0.0,301.0983496471215,291.26145191551063,291.82747960619065,0.0,69304400
2022-07-28,0.0,302.33770751953125,0.0,302.91347376867895,295.4479896479993,299.1953693285458,0.0,55139900
2022-07-29,0.0,307.8514709472656,0.0,308.75906308524213,302.454849173802,303.8796571496862,0.0,57501000
2022-08-01,0.0,307.6660461425781,0.0,311.1206738276758,304.9921412634084,306.08512341017763,0.0,46358800
2022-08-02,0.0,306.7486877441406,0.0,310.86690710604597,304.3187533773326,305.3727216247262,0.0,48676500
2022-08-03,0.0,315.1022644042969,0.0,315.92200095901455,308.36866095210183,308.4272114359011,0.0,53735700
2022-08-04,0.0,316.57586669921875,0.0,316.8881558420076,313.0334130508828,315.1803636806415,0.0,38973700
2022-08-05,0.0,313.9897155761719,0.0,316.0195349770357,310.7107696713476,311.491462568251,0.0,53894000
2022-08-08,0.0,312.974853515625,0.0,318.59593879727134,311.5110317053239,314.90710902657366,0.0,43878500
2022-08-09,0.0,309.432373046875,0.0,311.3353531473063,307.81243659216807,311.0816145255079,0.0,39764200
2022-08-10,0.0,318.0688781738281,0.0,318.3616603344505,314.29222357583757,316.7612012446482,0.0,51459600
2022-08-11,0.0,316.2635803222656,0.0,322.3921133408172,315.56094463561175,320.39156870404844,0.0,45897700
2022-08-12,0.0,322.42138671875,0.0,322.6165450793937,317.25896710802823,318.3129056437859,0.0,40928400
2022-08-15,0.0,325.0270080566406,0.0,325.5247170262433,321.45527909341536,321.474815778675,0.0,38266600
2022-08-16,0.0,324.2657775878906,0.0,326.35417748127685,321.2210332564173,324.05108255008014,0.0,41186900
2022-08-17,0.0,320.5672302246094,0.0,323.43632355321506,318.48859834556515,321.13325804129107,0.0,47842200
2022-08-18,0.0,321.3382568359375,0.0,322.51906510368104,318.90832144836827,320.51851995557126,0.0,41937200
2022-08-19,0.0,315.0729675292969,0.0,318.9569851504218,314.31178143869266,318.3031614705781,0.0,51770600
2022-08-22,0.0,306.7779541015625,0.0,311.0523178867668,305.9679859299243,310.8181159636958,0.0,51098900
2022-08-23,0.0,306.5243225097656,0.0,309.354372325522,305.77287484803617,306.5438294144277,0.0,39497100
2022-08-24,0.0,307.412353515625,0.0,309.22747829484655,305.4410543854446,306.04609597851845,0.0,38057100
2022-08-25,0.0,312.8480529785156,0.0,312.8675896671283,308.1443271611861,309.1884976481489,0.0,38098300
2022-08-26,0.0,300.02490234375,0.0,313.7555572354442,299.9370766142662,312.5552127027734,0.0,69047700
2022-08-29,0.0,297.0680847167969,0.0,299.8103092913772,295.96533388003286,297.2730114886391,0.0,48321900
2022-08-30,0.0,293.7596740722656,0.0,299.33197576269185,291.24191431463987,298.7171659965852,0.0,51184500
2022-08-31,0.0,292.05194091796875,0.0,297.555924896819,291.9446082866473,296.6581011353187,0.0,50044000
2022-09-01,0.0,292.1788635253906,0.0,292.54970319492196,285.88444683132894,289.56350871500655,0.0,57990700
2022-09-02,0.0,288.05078125,0.0,296.4238263522278,286.44055392360985,295.047830695625,0.0,64666800
2022-09-06,0.0,285.9820251464844,0.0,289.4464218980534,283.854610895695,288.5290910226605,0.0,57005400
2022-09-07,0.0,291.7591552734375,0.0,292.7545432113645,286.19662144134224,286.46012838191547,0.0,49260400
2022-09-08,0.0,293.2718200683594,0.0,294.5892657011136,288.32412480633064,289.6903525885628,0.0,55649800
2022-09-09,0.0,299.6833190917969,0.0,300.1810279756889,293.27177320994116,295.52605613582205,0.0,56125200
2022-09-12,0.0,303.2453308105469,0.0,303.57712686254604,300.7470771871738,301.0593663354785,0.0,45905700
2022-09-13,0.0,286.6163024902344,0.0,295.7114920734445,285.7282470797957,294.5209158923819,0.0,79562200
2022-09-14,0.0,288.8901062011719,0.0,289.7683933119644,285.9917378884854,287.75808045201677,0.0,54907200
2022-09-15,0.0,284.07904052734375,0.0,289.37806861756616,282.4785809670192,286.97740905861184,0.0,65299400
2022-09-16,0.0,282.34197998046875,0.0,282.7323265374109,278.73120732030344,280.78056397116666,0.0,79920400
2022-09-19,0.0,284.5406188964844,0.519,284.6970440569441,279.6426884526191,279.7013441584104,0.0,52613800
2022-09-20,0.0,282.27252197265625,0.0,284.5601839494864,279.9750741000764,282.0378693199994,0.0,51271100
2022-09-21,0.0,277.2181091308594,0.0,287.3757485704161,277.0812557791903,283.1132455183981,0.0,82931000
2022-09-22,0.0,273.8062438964844,0.0,276.7000351668306,272.58420013628125,275.69307230182534,0.0,62757100
2022-09-23,0.0,269.3481750488281,0.0,271.63583691551656,265.9362092867827,271.3425285725791,0.0,74815200
2022-09-26,0.0,268.2336730957031,0.0,273.2391588301352,267.4417912419773,268.8789156867109,0.0,71176700
2022-09-27,0.0,268.3412780761719,0.0,273.94310779342754,266.02425795648827,271.59678965082986,0.0,69780100
2022-09-28,0.0,273.6790771484375,0.0,274.95977629745494,266.84541972207256,268.32162792209664,0.0,79652100
2022-09-29,0.0,265.7895812988281,0.0,270.0716267058167,262.82734890338435,269.69033479435024,0.0,81216000
2022-09-30,0.0,261.2827453613281,0.0,269.0353839204615,261.1263201777009,264.9684186513129,0.0,78482400
2022-10-03,0.0,267.4124450683594,0.0,269.00599456249716,261.54663628113104,263.052202223666,0.0,61267400
2022-10-04,0.0,275.82012939453125,0.0,276.52402769113763,272.7503415958443,272.7503415958443,0.0,66696900
2022-10-05,0.0,275.67352294921875,0.0,277.46258183875364,269.26023985446955,272.05626158200477,0.0,55766300
2022-10-06,0.0,273.5031433105469,0.0,277.82427276832533,273.1805070928327,274.6762872643789,0.0,53489400
2022-10-07,0.0,263.08154296875,0.0,268.9962218517526,261.75194406425254,268.86912454819236,0.0,71354700
2022-10-10,0.0,260.4516906738281,0.0,263.66811751995755,257.7436530181784,263.277039731882,0.0,60393000
2022-10-11,0.0,256.87359619140625,0.0,261.6444597639264,255.19206279838772,258.7799963749924,0.0,66522500
2022-10-12,0.0,256.7856140136719,0.0,259.42521062634756,256.0915015138821,257.50905437021186,0.0,50580200
2022-10-13,0.0,262.80780029296875,0.0,264.12761327109695,248.57342473862707,249.45330502988705,0.0,112894100
2022-10-14,0.0,254.90850830078125,0.0,265.7309335503903,254.3219512425765,265.13459059619925,0.0,77244300
2022-10-17,0.0,263.32598876953125,0.0,264.1960683906086,260.77434594840025,260.8721154137595,0.0,64576500
2022-10-18,0.0,265.4082946777344,0.0,271.01012274316884,262.7295551546462,270.34533826855227,0.0,69781000
2022-10-19,0.0,264.4404296875,0.0,267.5590871120454,262.07457015959795,263.89295658178486,0.0,53115400
2022-10-20,0.0,263.09136962890625,0.0,268.69322953912973,261.928011298479,263.5508593231311,0.0,60605500
2022-10-21,0.0,269.26025390625,0.0,269.79794124035857,260.8525866557526,261.98664687419677,0.0,77897700
2022-10-24,0.0,272.222412109375,0.0,273.151147234624,265.887328094791,269.52413061213724,0.0,63963600
2022-10-25,0.0,277.85357666015625,0.0,278.2348685509283,271.68470349213027,273.16094157940734,0.0,59014500
2022-10-26,0.0,271.714111328125,0.0,277.62882147848575,271.22529378685823,272.2322567284656,0.0,63492400
2022-10-27,0.0,266.7671813964844,0.0,272.05618881434197,266.24903618804586,270.59952262808065,0.0,57760300
2022-10-28,0.0,274.9305114746094,0.0,275.39978700768586,265.97537143833364,266.1415825130853,0.0,62651300
2022-10-31,0.0,271.733642578125,0.0,273.503159426672,269.81745662103884,272.68194966008537,0.0,47742000
2022-11-01,0.0,268.9571228027344,0.0,275.7614831825195,268.59540266363206,275.204224129554,0.0,45895900
2022-11-02,0.0,259.7380065917969,0.0,271.9877694465551,259.6695649953625,268.9277677479085,0.0,79803100
2022-11-03,0.0,254.6641082763672,0.0,258.58443381449473,254.28284617551688,257.1277673451375,0.0,70038900
2022-11-04,0.0,258.7603759765625,0.0,260.64720401130904,253.28561503914713,259.5913715372942,0.0,78313200
2022-11-07,0.0,261.6053161621094,0.0,262.1430332516671,257.6752346520297,259.8064715479662,0.0,47333800
2022-11-08,0.0,263.5117492675781,0.0,266.74771876778345,259.58163742819613,263.12070123011625,0.0,63213800
2022-11-09,0.0,257.4307556152344,0.0,262.55355148311804,257.14723322127446,261.7714557201731,0.0,64862100
2022-11-10,0.0,276.42620849609375,0.0,276.71948696896897,267.72526572529426,269.83696023512476,0.0,99256700
2022-11-11,0.0,281.5197448730469,0.0,282.1845592972137,274.90116716615194,276.2405222408589,0.0,66961800
2022-11-14,0.0,279.05609130859375,0.0,282.741763917315,278.07845646792043,279.4666812340499,0.0,55290700
2022-11-15,0.0,282.9178161621094,0.0,286.7012589614155,279.5742912260636,285.67472427703444,0.0,73985400
2022-11-16,0.0,279.05609130859375,0.0,283.00574441872726,278.2348816226339,280.96249118192577,0.0,48859800
2022-11-17,0.0,278.4402160644531,0.0,279.9164544303959,274.44169257936795,274.5981177562604,0.0,55462100
2022-11-18,0.0,278.4499206542969,0.0,281.54900592608294,276.00583391974624,281.45126632473546,0.0,53588600
2022-11-21,0.0,275.58551025390625,0.0,278.21532062913855,274.75451464007284,277.0617186327833,0.0,40083500
2022-11-22,0.0,279.5546875,0.0,279.71108281568,274.1874520736571,276.318718646645,0.0,41873400
2022-11-23,0.0,282.3605041503906,0.0,282.9861749393081,279.39827175235274,279.5742388647001,0.0,46390000
2022-11-25,0.0,280.50299072265625,0.0,281.47083963013006,280.0141733212983,280.7669413787728,0.0,15498800
2022-11-28,0.0,276.3871154785156,0.0,280.5420632210341,275.4583803547445,278.52813799616996,0.0,38714200
2022-11-29,0.0,274.2950744628906,0.0,277.012898721607,272.926391353295,276.6120647689657,0.0,35618900
2022-11-30,0.0,286.7989807128906,0.0,286.9065360739054,273.70846396811334,274.55900161910057,0.0,74718100
2022-12-01,0.0,287.15087890625,0.0,289.13547624804187,284.37439980667705,287.12155105725975,0.0,51547300
2022-12-02,0.0,286.0070495605469,0.0,286.8869447509054,281.910757350936,282.08675429003557,0.0,53583200
2022-12-05,0.0,281.2069091796875,0.0,285.15653258522,279.75021293114065,283.88561918438853,0.0,41482100
2022-12-06,0.0,275.3800964355469,0.0,281.1872481242528,273.99187206426274,281.05039479970776,0.0,53937600
2022-12-07,0.0,274.2559814453125,0.0,276.2503654615636,272.5451199701842,274.19732572439835,0.0,45614300
2022-12-08,0.0,277.50164794921875,0.0,278.4694968679625,273.5324529907776,275.60503402306153,0.0,42594900
2022-12-09,0.0,275.7321472167969,0.0,279.25163871744275,275.2921995910729,276.48491532642936,0.0,47860500
2022-12-12,0.0,279.1929016113281,0.0,279.2515871409611,274.871772989639,275.90806337411885,0.0,35732500
2022-12-13,0.0,282.19427490234375,0.0,290.24021992861685,279.51556513695834,290.0153531873076,0.0,80667700
2022-12-14,0.0,280.1021728515625,0.0,284.8925776911261,276.856417960983,281.6077090523937,0.0,64984400
2022-12-15,0.0,270.6972961425781,0.0,276.68041594822324,269.5045805722666,276.0156016536726,0.0,60554100
2022-12-16,0.0,268.1163635253906,0.0,271.55762753266515,266.5130280152086,270.0227634589525,0.0,68300400
2022-12-19,0.0,264.34832763671875,0.655,268.4740151270423,263.113549233201,268.38582094200126,0.0,44167900
2022-12-20,0.0,264.1426086425781,0.0,265.8869638627262,261.6044756479317,263.18222187170676,0.0,51064200
2022-12-21,0.0,267.97430419921875,0.0,269.27765841529884,264.33857367332774,265.1813681287866,0.0,46394700
2022-12-22,0.0,261.4182434082031,0.0,265.09315110385836,257.2043313066332,264.9657495187062,0.0,60278400
2022-12-23,0.0,262.0062255859375,0.0,262.6726316300907,258.2529327193007,260.1540875111518,0.0,39373600
2022-12-27,0.0,258.30194091796875,0.0,261.50648008934456,257.76296633096587,261.39866722805584,0.0,38009000
2022-12-28,0.0,254.8916473388672,0.0,260.1541112739001,254.5290611692624,257.90017946439536,0.0,47139000
2022-12-29,0.0,261.1046142578125,0.0,262.04538214653854,256.9985154694248,257.69428953978155,0.0,45893600
2022-12-30,0.0,260.9479064941406,0.0,261.075308109581,257.0378133464567,258.3411677601905,0.0,37858300
2023-01-03,0.0,259.1839294433594,0.0,264.7403737472238,256.8809810509512,263.27041050608824,0.0,42335300
2023-01-04,0.0,260.41864013671875,0.0,262.094419519153,257.2729276346424,261.30064187756807,0.0,47754900
2023-01-05,0.0,256.3419494628906,0.0,258.9192895246878,256.0283800668829,258.75271045594553,0.0,45396700
2023-01-06,0.0,263.4173889160156,0.0,264.5345752837796,255.126804985391,258.07654065905234,0.0,54659700
2023-01-09,0.0,265.12255859375,0.0,269.7774418403852,264.5149786181728,265.40672993298676,0.0,45568700
2023-01-10,0.0,267.36669921875,0.0,267.4745120737934,263.58400819036984,264.09358467777196,0.0,35247800
2023-01-11,0.0,271.9921569824219,0.0,272.09996982647135,267.6508731910464,268.4348714453479,0.0,44077000
2023-01-12,0.0,273.462158203125,0.0,274.4911504479409,268.25849055952096,272.55078814271513,0.0,60600000
2023-01-13,0.0,275.34375,0.0,275.5887439039788,270.6300696799657,270.963257800599,0.0,44802900
2023-01-17,0.0,275.90228271484375,0.0,277.18604809737275,273.98150939661457,275.14768251608376,0.0,36269700
2023-01-18,0.0,272.31561279296875,0.0,278.9892439492268,272.1098262996405,277.44086582023687,0.0,47754500
2023-01-19,0.0,269.6402587890625,0.0,271.8256149685803,268.4055099682429,270.6888397747378,0.0,44150400
2023-01-20,0.0,277.0194396972656,0.0,277.35262774545413,270.1890099432116,271.2474001259053,0.0,60613600
2023-01-23,0.0,283.17364501953125,0.0,284.3986141043239,277.0684182410667,277.8621958154946,0.0,52799900
2023-01-24,0.0,282.5954895019531,0.0,283.751853248069,281.03733226985304,281.5567180138864,0.0,44875100
2023-01-25,0.0,281.9683532714844,0.0,282.5857126972859,275.54949598721333,278.08762887043525,0.0,50872000
2023-01-26,0.0,287.4660339355469,0.0,287.6424223629357,282.7425444478146,285.38849048457257,0.0,51596300
2023-01-27,0.0,290.32757568359375,0.0,292.28752684887775,286.0352778465848,286.1528701314648,0.0,56441900
2023-01-30,0.0,284.45751953125,0.0,288.4852349810713,284.08515390782713,287.06425833411,0.0,49405800
2023-01-31,0.0,288.7203674316406,0.0,288.81837095968,284.3888926131909,284.4966755594997,0.0,46705100
2023-02-01,0.0,294.89422607421875,0.0,297.35394412149606,286.4468125594158,288.5145763137995,0.0,67562200
2023-02-02,0.0,305.47796630859375,0.0,307.39870992894157,300.5878980976118,301.4110739349037,0.0,83070600
2023-02-03,0.0,300.048828125,0.0,306.13449622905244,298.44168419535396,298.8336683313794,0.0,76170800
2023-02-06,0.0,297.5107116699219,0.0,299.7842616499401,296.16815023108865,297.4323268010993,0.0,40802300
2023-02-07,0.0,303.6747131347656,0.0,304.801678608881,296.2661031769412,297.3832593292003,0.0,67584000
2023-02-08,0.0,298.2751159667969,0.0,303.30239469294725,297.58915111170046,302.36162665672765,0.0,56720900
2023-02-09,0.0,295.63897705078125,0.0,302.8025949668986,294.18863257166754,302.65560463543113,0.0,49137800
2023-02-10,0.0,293.6986389160156,0.0,295.5311881263179,291.2976872269125,293.4830431320697,0.0,50050100
2023-02-13,0.0,298.4024963378906,0.0,298.99048753364445,293.92400177687483,295.09998416838243,0.0,39636700
2023-02-14,0.0,300.60748291015625,0.0,301.55806033599276,294.8844296115814,296.82479185684485,0.0,64079100
2023-02-15,0.0,302.91033935546875,0.0,303.0769183913256,298.1084668717564,298.7944315657326,0.0,43100600
2023-02-16,0.0,297.2265319824219,0.0,302.25381065614226,297.0795416511825,298.28492218029794,0.0,59498600
2023-02-17,0.0,295.1293640136719,0.0,295.88393422598153,292.13064199756906,295.04116982572447,0.0,58230700
2023-02-21,0.0,288.14215087890625,0.0,292.7480469851319,288.0049698813135,291.3074820247996,0.0,46526700
2023-02-22,0.0,288.3577575683594,0.0,290.4254912794168,286.70159677213525,288.72034367644244,0.0,51389200
2023-02-23,0.0,290.8763427734375,0.0,292.1601083198404,286.6918281377228,292.0033086469198,0.0,69294400
2023-02-24,0.0,286.0058288574219,0.0,287.1033965295427,284.24185517881966,285.9176346594632,0.0,74332000
2023-02-27,0.0,288.053955078125,0.0,290.55288024334476,287.4659638902868,289.1613320021509,0.0,48995000
2023-02-28,0.0,287.6816101074219,0.0,290.1903450360639,287.093618816479,287.4268069031681,0.0,48243100
2023-03-01,0.0,285.36883544921875,0.0,288.0441490292622,284.38886009383884,287.3875822887834,0.0,58287000
2023-03-02,0.0,287.7305603027344,0.0,288.53414730120545,282.59549882206886,282.87970005937706,0.0,53565900
2023-03-03,0.0,293.6790466308594,0.0,293.914261084036,288.96536693308644,289.4749733262371,0.0,60511500
2023-03-06,0.0,294.0121765136719,0.0,297.9124889444724,293.8161993990393,294.9137669416939,0.0,56736300
2023-03-07,0.0,290.4059143066406,0.0,294.9824127073463,289.7983343272335,294.06123341389787,0.0,65955800
2023-03-08,0.0,291.8563537597656,0.0,292.4541245480797,288.97522297106235,290.8273613886669,0.0,50876300
2023-03-09,0.0,286.79962158203125,0.0,294.9530245830803,285.98622520297346,292.3560656900784,0.0,71456700
2023-03-10,0.0,282.7719421386719,0.0,288.45581845645546,281.62538745570544,286.9662364321143,0.0,98593600
2023-03-13,0.0,284.86907958984375,0.0,288.57338577191166,279.4792143568282,280.98838499588663,0.0,97123600
2023-03-14,0.0,291.415283203125,0.0,291.9640670408029,287.57379633938,288.4165608377867,0.0,73602500
2023-03-15,0.0,292.944091796875,0.0,293.2772799039836,287.36802837614084,288.8085936693205,0.0,83631500
2023-03-16,0.0,300.666259765625,0.0,301.0288458902674,291.23890089901585,292.0326786060645,0.0,98198100
2023-03-17,0.0,299.2453308105469,0.0,302.9594466580906,297.29518896301664,300.57811315987806,0.0,89923700
2023-03-20,0.0,300.3072814941406,0.472,300.6311608615665,296.4205793211497,298.62893759374526,0.0,56359500
2023-03-21,0.0,304.5964050292969,0.0,305.04788323131515,300.72932185078076,302.24082881743965,0.0,49757000
2023-03-22,0.0,300.45452880859375,0.0,309.4155616024022,300.2876918296602,304.5277173641124,0.0,75791900
2023-03-23,0.0,304.017333984375,0.0,308.33589544993333,301.3280538352292,304.18420090621953,0.0,74576000
2023-03-24,0.0,305.1362609863281,0.0,305.23438628802813,301.26917759155515,303.5953103540764,0.0,57195200
2023-03-27,0.0,303.0456237792969,0.0,306.9127064965641,302.1917301252153,305.8330587920121,0.0,50287400
2023-03-28,0.0,301.4360046386719,0.0,302.49603342767915,299.1294910219015,302.46658984758324,0.0,48585900
2023-03-29,0.0,306.9324035644531,0.0,307.5507487684189,304.3118048316413,305.1264605600593,0.0,53274300
2023-03-30,0.0,309.83758544921875,0.0,310.46575510812926,307.0207064008411,309.4057262969123,0.0,58354800
2023-03-31,0.0,314.9903869628906,0.0,315.22596553535897,309.7590450153617,310.0633053000576,0.0,62138100
2023-04-03,0.0,314.224853515625,0.0,314.48987569045227,311.54539785656647,312.8703889195931,0.0,47126800
2023-04-04,0.0,313.16485595703125,0.0,315.6774746560139,311.94778474615265,314.66653846035115,0.0,45875400
2023-04-05,0.0,310.0730895996094,0.0,313.15496013444977,308.257322684208,312.21273582508866,0.0,62795700
2023-04-06,0.0,312.1637268066406,0.0,312.6544731339284,307.03053939298894,308.4242421889301,0.0,46916500
2023-04-10,0.0,311.9870300292969,0.0,312.03612262814016,307.452539270489,309.2388628884362,0.0,45134700
2023-04-11,0.0,309.9847717285156,0.0,312.0066738913755,309.47440639730115,311.9477567831826,0.0,40113600
2023-04-12,0.0,307.2463684082031,0.0,312.52680195388945,306.78506581343356,311.9379005633457,0.0,62813300
2023-04-13,0.0,313.26300048828125,0.0,313.7340977577321,307.8255231987492,309.00329632515286,0.0,54613800
2023-04-14,0.0,312.674072265625,0.0,314.43092227098646,309.768832905649,311.71219883461987,0.0,56278300
2023-04-17,0.0,312.9391174316406,0.0,313.29247036616664,310.1909499532342,312.2618850971799,0.0,43007000
2023-04-18,0.0,312.9587097167969,0.0,315.4713582784349,311.76131752372714,315.04929370487713,0.0,46746900
2023-04-19,0.0,312.8114013671875,0.0,313.8714298207421,310.4263822758413,310.55398106680326,0.0,38960100
2023-04-20,0.0,310.4264221191406,0.0,313.36107487685706,309.14066944218166,309.8473451843308,0.0,62462100
2023-04-21,0.0,310.7503356933594,0.0,311.52572317920414,308.2868098097779,310.0633088936985,0.0,59002300
2023-04-24,0.0,310.1025695800781,0.0,311.85941960168043,307.9334495735245,310.52460416943904,0.0,44043100
2023-04-25,0.0,304.2528381347656,0.0,309.1406813692748,304.15471285096964,308.4732736850432,0.0,57121600
2023-04-26,0.0,306.09808349609375,0.0,309.11127287941105,305.5778936312846,307.63903402208973,0.0,55400500
2023-04-27,0.0,314.4211730957031,0.0,314.92171397402467,309.21924413400245,309.85723831198396,0.0,65430400
2023-04-28,0.0,316.5902099609375,0.0,316.678540689249,313.056831064611,314.18554141895567,0.0,59712600
2023-05-01,0.0,316.2270812988281,0.0,317.6404329412085,315.1474335230133,316.1289260550677,0.0,41013400
2023-05-02,0.0,313.46905517578125,0.0,316.4822441061862,311.73179441549286,316.1583348327076,0.0,56519400
2023-05-03,0.0,311.4177551269531,0.0,316.5018789481338,311.3097753794873,313.83221822361713,0.0,59882100
2023-05-04,0.0,310.3185119628906,0.0,312.34038421478306,309.28792681621553,311.1920247548366,0.0,50224500
2023-05-05,0.0,316.9141540527344,0.0,317.7680478062891,310.3577608434829,312.5759436628054,0.0,51806100
2023-05-08,0.0,317.6993103027344,0.0,318.04283866891797,315.3731778659205,316.45282560845146,0.0,36465800
2023-05-09,0.0,315.687255859375,0.0,316.90429695051574,315.37317107689563,316.0405787750842,0.0,31768800
2023-05-10,0.0,319.12249755859375,0.0,319.9763912725399,315.6480055940912,318.1213560020154,0.0,60446600
2023-05-11,0.0,320.162841796875,0.0,320.7026506508327,318.12132077434427,319.67209558317825,0.0,44278500
2023-05-12,0.0,319.0144958496094,0.0,321.11490410960397,316.9631801847053,320.6928395840267,0.0,48432800
2023-05-15,0.0,320.74200439453125,0.0,320.9775530551261,317.9643633096372,319.48569495005876,0.0,33375600
2023-05-16,0.0,321.1050720214844,0.0,322.81285929154046,319.98615625643214,320.0254243410232,0.0,40019200
2023-05-17,0.0,324.99176025390625,0.0,325.5708371783504,320.98728442192385,322.1650573359087,0.0,47486100
2023-05-18,0.0,331.0279846191406,0.0,331.24391418025004,325.36478333622733,325.3844024044097,0.0,64213500
2023-05-19,0.0,330.2820129394531,0.0,331.9505320267274,329.22198438728304,331.24385630953753,0.0,61554900
2023-05-22,0.0,331.39117431640625,0.0,332.40211049164327,330.0170607205077,330.0268852313511,0.0,43015900
2023-05-23,0.0,327.1903381347656,0.0,330.8218725069687,326.8370151983698,329.67354301090694,0.0,48216700
2023-05-24,0.0,325.5119934082031,0.0,326.74868358782186,323.46067760334,325.237176696374,0.0,62891200
2023-05-25,0.0,333.4326171875,0.0,334.6987508381004,330.4390771882498,332.8633647442254,0.0,66862800
2023-05-26,0.0,341.9520263671875,0.0,342.7863010934035,334.3552829944159,334.4534382479904,0.0,63007000
2023-05-30,0.0,343.5027160644531,0.0,347.37959301782007,342.079540123524,346.18217110868756,0.0,72652200
2023-05-31,0.0,341.549560546875,0.0,344.1112715102419,340.09697083767367,341.9225324839208,0.0,65105400
2023-06-01,0.0,345.49517822265625,0.0,346.8201691113252,340.2441874526576,341.29439159721204,0.0,50488600
2023-06-02,0.0,348.08624267578125,0.0,349.244396415994,345.49511854593635,347.251968219511,0.0,53372100
2023-06-05,0.0,348.3316650390625,0.0,350.8835514034604,347.3011099461194,347.87036238875686,0.0,47266200
2023-06-06,0.0,348.2728271484375,0.0,349.23470066993315,346.3981727066274,347.7231936940905,0.0,41390400
2023-06-07,0.0,342.3642272949219,0.0,350.5106032126766,341.73605770611135,348.55744268687283,0.0,69225900
2023-06-08,0.0,346.6141357421875,0.0,347.07543850228194,342.43299727167624,342.6587214194635,0.0,47153900
2023-06-09,0.0,347.9390869140625,0.0,351.04060676974495,346.4962917589313,348.06668572991623,0.0,53196900
2023-06-12,0.0,353.8182373046875,0.0,353.9163925495602,348.62616331728384,349.59783135014015,0.0,44606500
2023-06-13,0.0,356.5369873046875,0.0,357.3712319959438,353.3667556384782,356.5664308825815,0.0,57097800
2023-06-14,0.0,359.1281433105469,0.0,359.41278455684176,353.7495829280698,356.54681293006774,0.0,69525600
2023-06-15,0.0,363.4075012207031,0.0,364.8895348483022,357.2437281859161,357.8620434342948,0.0,71138800
2023-06-16,0.0,361.1205139160156,0.0,365.94947000240563,360.67886028031626,365.8218711900571,0.0,80932000
2023-06-20,0.0,360.60357666015625,0.504,361.9992210577164,357.645252046979,359.6698977267216,0.0,49204700
2023-06-21,0.0,355.6893615722656,0.0,359.89591050570834,354.7654906855593,359.4634590270858,0.0,53378300
2023-06-22,0.0,359.8861083984375,0.0,360.0433362169983,354.0382053490681,354.44117286954963,0.0,47603000
2023-06-23,0.0,356.318359375,0.0,358.61819838975356,354.62787557007124,355.99400579954005,0.0,48922900
2023-06-26,0.0,351.541748046875,0.0,358.5788769188875,351.45329616086593,355.78761853845646,0.0,52685500
2023-06-27,0.0,357.5863037109375,0.0,358.31362497396304,352.35762297453897,353.0849142436982,0.0,49428100
2023-06-28,0.0,358.2840576171875,0.0,360.23005920746044,355.68934883834453,355.76799273738425,0.0,46498000
2023-06-29,0.0,357.5666198730469,0.0,358.62810268773603,355.9252956971378,357.98923340395874,0.0,46151000
2023-06-30,0.0,363.0802917480469,0.0,364.1319063790845,360.9278725599883,361.2423581538513,0.0,58712500
2023-07-03,0.0,363.9354248046875,0.0,364.56442610409556,362.63807025771337,363.7191990468585,0.0,19432900
2023-07-05,0.0,363.925537109375,0.0,365.6258589725061,362.33334310732084,362.37266505624507,0.0,34460900
2023-07-06,0.0,361.1539611816406,0.0,361.59625066873787,358.2644125170553,360.22028225556915,0.0,49374700
2023-07-07,0.0,359.9549255371094,0.0,364.1221830587918,359.7288917758838,360.9279564882664,0.0,47133700
2023-07-10,0.0,360.07281494140625,0.0,360.75097612528987,357.1734584248159,359.67968541300456,0.0,48498800
2023-07-11,0.0,361.8518371582031,0.0,362.3039346865907,358.3627408147586,360.4955145791754,0.0,38214100
2023-07-12,0.0,366.42193603515625,0.0,367.76842027241986,363.9451632833012,365.95016265531314,0.0,61975400
2023-07-13,0.0,372.6433410644531,0.0,373.46892209273324,369.0166633368068,369.5965346545085,0.0,46960000
2023-07-14,0.0,372.5647277832031,0.0,376.289665406279,371.6899868150142,373.07579318427884,0.0,55148500
2023-07-17,0.0,376.04400634765625,0.0,376.91874743367106,372.8006497232177,373.28223122359674,0.0,40868900
2023-07-18,0.0,379.1202087402344,0.0,380.48636899587035,373.4787239294401,375.40507947563793,0.0,55262000
2023-07-19,0.0,379.0317687988281,0.0,381.32179994850327,377.7049304495396,380.18170336657397,0.0,54093000
2023-07-20,0.0,370.29437255859375,0.0,377.50840607614344,369.27221176229006,376.0439558023817,0.0,71941700
2023-07-21,0.0,369.183837890625,0.0,373.40022582186054,368.75138630824864,372.6729045275726,0.0,60499600
2023-07-24,0.0,369.7734680175781,0.0,371.1002764580917,367.9158882106813,370.15675956883325,0.0,40380100
2023-07-25,0.0,372.27972412109375,0.0,373.94072429184797,370.4614661242125,370.48114209864303,0.0,38894400
2023-07-26,0.0,371.0413513183594,0.0,372.73183551991457,368.7415117640106,371.23793110681225,0.0,47075700
2023-07-27,0.0,370.1567687988281,0.0,378.10793162303287,368.8692522842773,376.4960914801021,0.0,63940200
2023-07-28,0.0,376.8990783691406,0.0,377.92120924637163,373.6950139044031,374.2060793430186,0.0,56902900
2023-07-31,0.0,377.0955810546875,0.0,378.27499960431606,375.7785806707894,377.20370891876894,0.0,44019900
2023-08-01,0.0,376.2208557128906,0.0,376.9776307570312,374.1568883270381,375.7490823123402,0.0,41060600
2023-08-02,0.0,367.96502685546875,0.0,372.7514469360487,366.7266403892012,372.7514469360487,0.0,72687100
2023-08-03,0.0,367.3753662109375,0.0,369.4983018652998,365.39001240778197,365.5571082205294,0.0,47666400
2023-08-04,0.0,365.6553955078125,0.0,371.6113968871545,365.1541380670017,369.30171945598914,0.0,61702800
2023-08-07,0.0,368.75128173828125,0.0,368.8495716143789,365.13444225121697,367.46376534482164,0.0,37230400
2023-08-08,0.0,365.6160583496094,0.0,366.2647356007834,362.490637952567,366.24508962124304,0.0,44726500
2023-08-09,0.0,361.59625244140625,0.0,366.05834931171427,360.83947730891896,365.9010914931724,0.0,51150900
2023-08-10,0.0,362.2646179199219,0.0,367.93558806617574,360.74122949055817,364.60377950348595,0.0,72035300
2023-08-11,0.0,359.9549255371094,0.0,361.68473167795355,358.4315371702507,359.7092158009151,0.0,48707200
2023-08-14,0.0,363.9944152832031,0.0,364.1123511595301,358.4413811511349,359.15883439674536,0.0,42130800
2023-08-15,0.0,360.1318054199219,0.0,363.8174509109836,359.4634522422092,363.0213238905632,0.0,45539900
2023-08-16,0.0,356.318359375,0.0,361.12442513825414,356.2200695038346,359.5911991284184,0.0,53190500
2023-08-17,0.0,352.4263000488281,0.0,358.05797679257125,352.0135245770987,357.7139772368915,0.0,62604300
2023-08-18,0.0,351.9841003417969,0.0,353.2421329350638,348.6227781037681,349.1633574955248,0.0,61191400
2023-08-21,0.0,357.6551208496094,0.0,358.3332821870835,352.98663540709816,353.44857095590135,0.0,50696500
2023-08-22,0.0,357.1439514160156,0.0,360.269371456859,356.45595229030914,360.2595334712791,0.0,44530200
2023-08-23,0.0,362.7756652832031,0.0,363.8666320990124,358.107180337032,358.3234061027145,0.0,51770600
2023-08-24,0.0,355.0210876464844,0.0,366.34338158228024,354.81469986472706,366.24512168211504,0.0,66842500
2023-08-25,0.0,357.77294921875,0.0,359.46343306019554,352.42630404552017,355.85643166198474,0.0,69960500
2023-08-28,0.0,360.4659729003906,0.0,361.3996517770629,357.99903788003854,360.6920066314646,0.0,40910000
2023-08-29,0.0,368.3385314941406,0.0,368.6923691023836,359.945108707373,360.26943235388745,0.0,58492400
2023-08-30,0.0,370.39263916015625,0.0,370.97254048337203,367.44412257396607,368.44663740934226,0.0,41731500
2023-08-31,0.0,371.50323486328125,0.0,373.20355681458847,370.4024601871893,370.47126610291014,0.0,35730700
2023-09-01,0.0,371.110107421875,0.0,374.2944956090259,369.6260112017312,373.87188211383943,0.0,39801200
2023-09-05,0.0,371.5819091796875,0.0,372.80061981456237,369.38032965344104,370.30420061660834,0.0,32344200
2023-09-06,0.0,368.3090515136719,0.0,371.1494704221554,366.30408168942176,370.80547079743104,0.0,42998700
2023-09-07,0.0,365.6750183105469,0.0,366.45146939646156,362.8149536720257,363.85676044832894,0.0,52060700
2023-09-08,0.0,366.1861267089844,0.0,368.4171903454123,365.22296372375945,365.6259312968317,0.0,35800100
2023-09-11,0.0,370.5007019042969,0.0,371.01176722494336,367.24750824223014,369.21318562082547,0.0,39936600
2023-09-12,0.0,366.3924865722656,0.0,370.48109960097645,366.10745492048966,368.8299076129813,0.0,41391000
2023-09-13,0.0,367.7881164550781,0.0,369.39014857434654,365.49811513938084,366.62837381440505,0.0,46300700
2023-09-14,0.0,370.795654296875,0.0,371.7784932851186,367.4736837114587,369.5376215916778,0.0,48039400
2023-09-15,0.0,364.4464416503906,0.0,369.8618928673542,363.5127328219973,369.45892537267173,0.0,69811200
2023-09-18,0.0,364.82635498046875,0.536,365.9385752320026,363.2220040008067,363.5074482335583,0.0,36903500
2023-09-19,0.0,364.048828125,0.0,364.84607760693416,361.0271378460605,363.5074962674378,0.0,37621700
2023-09-20,0.0,358.802734375,0.0,365.46617463630355,358.7239766256181,365.11185487592627,0.0,45514200
2023-09-21,0.0,352.2278137207031,0.0,355.9089722370328,352.0605060828978,355.12154499734396,0.0,69734800
2023-09-22,0.0,352.277099609375,0.0,356.10586190471264,351.9621286645115,353.9700308914129,0.0,51589700
2023-09-25,0.0,353.9503173828125,0.0,354.0389273640815,350.3282417213544,351.31250337092115,0.0,39168000
2023-09-26,0.0,348.63525390625,0.0,351.91286148829664,347.6509924164087,351.37149964651775,0.0,53657700
2023-09-27,0.0,349.4522705078125,0.0,351.3617405439319,345.8301647465173,349.7869158699708,0.0,56066000
2023-09-28,0.0,352.3755187988281,0.0,354.50152754238655,347.68057155948935,348.536874378989,0.0,56453300
2023-09-29,0.0,352.63134765625,0.0,357.23771418524734,351.40102081312307,355.849901901727,0.0,64829600
2023-10-02,0.0,355.5743713378906,0.0,356.9720060523361,352.2869410494211,352.8971784631042,0.0,51625100
2023-10-03,0.0,349.3341064453125,0.0,355.3282554041325,347.71990315980014,353.1333414353524,0.0,60478500
2023-10-04,0.0,354.0881042480469,0.0,354.9345547909679,349.70812819170675,350.17073233689933,0.0,54786700
2023-10-05,0.0,353.0448303222656,0.0,354.48184398872326,349.55071331458714,354.0782930886823,0.0,45897400
2023-10-06,0.0,358.960205078125,0.0,360.1511531623578,349.2652226471083,350.0526198848716,0.0,75049100
2023-10-09,0.0,360.79095458984375,0.0,361.3322864922869,355.10192335075635,356.5979902725734,0.0,45304800
2023-10-10,0.0,362.7889404296875,0.0,365.43660625124284,360.6235831654883,361.12553610202554,0.0,46968800
2023-10-11,0.0,365.3775939941406,0.0,365.5646061019628,362.39528253424044,364.11774034197475,0.0,38215100
2023-10-12,0.0,364.1079406738281,0.0,367.85797552501066,361.71619183878124,365.8796298398991,0.0,49587900
2023-10-13,0.0,359.5310363769531,0.0,365.31849875234707,358.13337184276384,364.73778807689456,0.0,52469900
2023-10-16,0.0,363.5960693359375,0.0,364.649236422345,360.7023379238582,360.84997115156034,0.0,44201100
2023-10-17,0.0,362.4051208496094,0.0,364.0980519457113,357.93656492665207,360.0527212874597,0.0,50999100
2023-10-18,0.0,357.651123046875,0.0,362.1196789996307,356.32236391560224,359.9149426875973,0.0,54280500
2023-10-19,0.0,354.30462646484375,0.0,360.2593967452439,353.50737702332975,359.06844869661955,0.0,72274200
2023-10-20,0.0,349.0191650390625,0.0,354.373550479642,348.79277406044923,353.802661937845,0.0,72559700
2023-10-23,0.0,350.0722961425781,0.0,353.6057912748692,345.5938883563463,347.70022235548595,0.0,60665200
2023-10-24,0.0,353.4779052734375,0.0,354.2456281895767,350.19047483575025,351.88340614278565,0.0,47082100
2023-10-25,0.0,344.8262023925781,0.0,351.26328161200416,344.2454916580146,351.08612173446545,0.0,71190500
2023-10-26,0.0,338.2513732910156,0.0,344.56049427805004,336.96199289038606,343.62543366509755,0.0,78621400
2023-10-27,0.0,339.8753662109375,0.0,343.34980841162735,338.664713645482,340.9777343824353,0.0,63476700
2023-10-30,0.0,343.7041931152344,0.0,345.0231001713401,340.997473475985,342.355729372727,0.0,55298500
2023-10-31,0.0,345.3478698730469,0.0,345.72189409468723,341.1647579872037,343.7336964353076,0.0,47671900
2023-11-01,0.0,351.3420104980469,0.0,351.9030468160759,346.0860571858595,346.18448935280355,0.0,58992700
2023-11-02,0.0,357.7200622558594,0.0,357.95627544374383,354.6294662070536,355.84997109811536,0.0,58162400
2023-11-03,0.0,361.92279052734375,0.0,363.21217069923983,358.7829939153068,359.009384875461,0.0,53280500
2023-11-06,0.0,363.399169921875,0.0,363.9602061702553,361.1353805495958,362.6905004600463,0.0,38848700
2023-11-07,0.0,366.8343200683594,0.0,367.7004450680254,363.241741103211,364.4425414885638,0.0,50777400
2023-11-08,0.0,367.07061767578125,0.0,367.90724625786714,364.78712296902313,367.208398715742,0.0,35663400
2023-11-09,0.0,364.2457275390625,0.0,368.90126606687403,363.7535966985052,367.7595489495898,0.0,53859400
2023-11-10,0.0,372.43475341796875,0.0,372.5823866474113,365.43663796959595,365.96814763286875,0.0,58309800
2023-11-13,0.0,371.2733154296875,0.0,372.3264825668153,369.3343188464061,370.8599423722135,0.0,40733500
2023-11-14,0.0,379.2655029296875,0.0,380.1808890311,377.14934653163624,377.6710039696422,0.0,67792600
2023-11-15,0.0,379.5509338378906,0.0,381.6474157438796,378.19264809388204,381.155284969226,0.0,54141400
2023-11-16,0.0,379.875732421875,0.0,380.1119455665151,377.52333305315267,378.7831865533611,0.0,45343500
2023-11-17,0.0,379.9643249511719,0.0,380.978113113573,378.2418672940734,379.1473710700725,0.0,46571900
2023-11-20,0.0,384.59033203125,0.0,385.24980045802454,379.97414315566067,379.97414315566067,0.0,44429600
2023-11-21,0.0,382.3561096191406,0.0,383.1041580561983,380.6139773793034,382.8876193000648,0.0,43337000
2023-11-22,0.0,383.92108154296875,0.0,386.8837186036944,382.9171455132762,384.4230645764553,0.0,44121000
2023-11-24,0.0,383.37969970703125,0.0,384.10804359224113,382.3855859976571,383.5174806952141,0.0,15718800
2023-11-27,0.0,383.0450744628906,0.0,384.9938930766563,382.1690672796005,382.8875890129527,0.0,34139700
2023-11-28,0.0,384.0489807128906,0.0,384.629691368657,381.9426467748075,382.2969965190829,0.0,35491100
2023-11-29,0.0,383.67498779296875,0.0,387.93685707414187,383.3304902471519,386.50966582887696,0.0,38811700
2023-11-30,0.0,382.7104187011719,0.0,384.40334982807576,379.7478117570499,383.9407456818497,0.0,52834400
2023-12-01,0.0,383.802978515625,0.0,384.3935414950963,379.99389085209225,381.6474431647872,0.0,40490100
2023-12-04,0.0,380.2399597167969,0.0,380.51555177142023,376.6375585502535,380.0135687287101,0.0,51186900
2023-12-05,0.0,381.1947021484375,0.0,382.3856503323413,378.16315945105106,378.3403493760643,0.0,42933000
2023-12-06,0.0,378.9898681640625,0.0,384.2261464093733,378.6454006783333,384.12771425461796,0.0,41994100
2023-12-07,0.0,384.2852783203125,0.0,385.1120545223201,380.86988910871304,381.9624351866648,0.0,49593500
2023-12-08,0.0,385.9978332519531,0.0,386.44073289033656,382.36590603082794,382.552918112793,0.0,46687500
2023-12-11,0.0,389.2951354980469,0.0,389.56090535273165,385.36794134333326,385.5746278679813,0.0,41198000
2023-12-12,0.0,392.39556884765625,0.0,392.51367542874294,388.20260499540507,389.3344997805244,0.0,39221200
2023-12-13,0.0,397.3857421875,0.0,397.9959795327111,392.5628666775999,393.3305894727491,0.0,55408100
2023-12-14,0.0,397.041259765625,0.0,399.905434289617,394.0392441768575,398.6062319416691,0.0,55447800
2023-12-15,0.0,398.9606018066406,0.0,400.1417277666197,397.2184695510884,397.8188547219358,0.0,62896600
2023-12-18,0.0,401.47344970703125,0.808,402.37092028167035,399.0276249383445,399.3530667480488,0.0,46610000
2023-12-19,0.0,403.52490234375,0.0,403.64324484426675,401.7398327339718,401.9272183922163,0.0,35711900
2023-12-20,0.0,397.5285339355469,0.0,404.8167689926573,397.3510202238617,402.725971684528,0.0,54042400
2023-12-21,0.0,402.1539611816406,0.0,402.51889062414244,398.89942259726985,401.4537481111412,0.0,45568900
2023-12-22,0.0,402.7555847167969,0.0,404.3236828046268,400.8817585167201,403.36704094129067,0.0,34314000
2023-12-26,0.0,405.22113037109375,0.0,405.8917577986872,403.5149460858929,403.6135748481326,0.0,22722500
2023-12-27,0.0,406.046142578125,0.216,406.3323074650757,404.64494944388275,405.5034441047349,0.0,31980500
2023-12-28,0.0,405.84869384765625,0.0,407.4472479623729,405.493479675344,407.20056141612145,0.0,27029200
2023-12-29,0.0,404.0923156738281,0.0,406.18424303030133,402.1780255292888,405.8289987195395,0.0,42662100
2024-01-02,0.0,397.2542419433594,0.0,400.70785445099557,394.93538180846707,400.4611678433073,0.0,58026900
2024-01-03,0.0,393.0506286621094,0.0,395.6852544540013,392.61648800716534,394.6294287174648,0.0,47002800
2024-01-04,0.0,391.02777099609375,0.0,394.29389840935306,390.8106856341957,391.1856539968472,0.0,39432800
2024-01-05,0.0,391.4916076660156,0.0,394.2643624530388,390.1002917227411,391.19559581132245,0.0,44922800
2024-01-08,0.0,399.5829772949219,0.0,399.8691120770512,392.5671945465246,392.7152004878176,0.0,42473800
2024-01-09,0.0,400.3723449707031,0.0,401.29988897993053,396.3858811510308,396.58324247290847,0.0,39132900
2024-01-10,0.0,403.08587646484375,0.0,404.09234688237234,399.8000244303325,400.68809010616457,0.0,33962800
2024-01-11,0.0,403.92462158203125,0.0,405.75010833943963,398.88233210983117,404.3587923820562,0.0,54536200
2024-01-12,0.0,404.1318359375,0.0,405.79943969142045,402.7405199592706,404.96069926457324,0.0,39595000
2024-01-16,0.0,404.0923156738281,0.0,405.67111570510156,401.43796583773303,402.8983611364545,0.0,43903000
2024-01-17,0.0,401.8128967285156,0.0,402.18786508866873,397.57977736936346,400.78670240011076,0.0,54386000
2024-01-18,0.0,407.516357421875,0.0,408.0985341433326,403.73713222559695,405.0790927808669,0.0,59562500
2024-01-19,0.0,415.5978088378906,0.0,415.7556918630463,409.13463247146666,409.71680918810495,0.0,70325100
2024-01-22,0.0,416.1405334472656,0.0,419.10077238644385,415.53860253748337,417.79826002605955,0.0,44880600
2024-01-23,0.0,417.8673400878906,0.0,418.08442548159593,414.99590469924146,416.8312383898438,0.0,33003800
2024-01-24,0.0,420.1861877441406,0.0,424.1529273697124,419.69281456588413,421.77486503694314,0.0,46948000
2024-01-25,0.0,420.69927978515625,0.0,423.3536296702719,418.36069593474804,422.68261931824196,0.0,44367200
2024-01-26,0.0,418.1929626464844,0.0,420.56114783250166,417.5417064505357,418.81461765684946,0.0,37137000
2024-01-29,0.0,422.4753723144531,0.0,422.6727335963346,417.9955362110561,418.64679230554054,0.0,38694700
2024-01-30,0.0,419.6632080078125,0.0,422.0116691243493,418.7554182347818,421.43936949466547,0.0,36739000
2024-01-31,0.0,411.443603515625,0.0,417.2654006290457,411.2659964098067,415.2721839553905,0.0,64010600
2024-02-01,0.0,416.2885437011719,0.0,416.7819168628328,412.2724789381055,413.2395011756799,0.0,51008600
2024-02-02,0.0,423.32403564453125,0.0,424.5377143092311,417.18647251424335,418.1830657905494,0.0,59602400
2024-02-05,0.0,422.771484375,0.0,423.9160836378695,419.3671974329479,423.3832622919812,0.0,39889200
2024-02-06,0.0,421.9228820800781,0.0,424.51802988415363,419.584297971648,423.9160989320108,0.0,35846100
2024-02-07,0.0,426.2645568847656,0.0,427.0934202261627,423.4029984199902,424.70551086208974,0.0,37712700
2024-02-08,0.0,427.05389404296875,0.0,427.81367777218287,425.702056574304,426.3828837446025,0.0,29889900
2024-02-09,0.0,431.25750732421875,0.0,432.0469225216941,427.39935535279267,428.1887404371573,0.0,36943900
2024-02-12,0.0,429.5700988769531,0.0,433.3197526076636,428.8892415712298,431.1488988628783,0.0,33203300
2024-02-13,0.0,422.8700866699219,0.0,425.5540376317795,419.6927625909073,421.6169297930613,0.0,64491700
2024-02-14,0.0,427.4782409667969,0.0,427.90253465627023,423.1957655614689,425.5442266157376,0.0,45092700
2024-02-15,0.0,428.75115966796875,0.0,429.2149316499549,425.61328343662643,428.1689829438769,0.0,38796100
2024-02-16,0.0,424.8633728027344,0.0,429.2247747002088,424.15291424350715,429.12612415809764,0.0,53716500
2024-02-20,0.0,421.6564636230469,0.0,424.37986311162143,417.8870852842458,422.87014237875525,0.0,53999500
2024-02-21,0.0,419.9690856933594,0.0,420.05791936146005,416.04185462250535,418.9231370059664,0.0,49779000
2024-02-22,0.0,432.26397705078125,0.0,433.30004866411934,427.9617473429976,428.73140828484816,0.0,53887800
2024-02-23,0.0,430.9910583496094,0.0,434.75055943637386,430.01418912468716,433.82301548242646,0.0,39853900
2024-02-26,0.0,430.7640075683594,0.0,432.7868551865764,430.5765233961075,431.8001090644516,0.0,33043200
2024-02-27,0.0,431.8001708984375,0.0,432.184986282359,429.26422577428366,431.8692503640229,0.0,33713200
2024-02-28,0.0,429.50103759765625,0.0,430.8825064645186,428.5438925123563,429.6589206142435,0.0,32938800
2024-02-29,0.0,433.181640625,0.0,434.25719051548447,429.25437937497003,432.4218567885407,0.0,42495200
2024-03-01,0.0,439.7039794921875,0.0,440.6611245537349,434.01046450298435,434.06966686859715,0.0,43853000
2024-03-04,0.0,438.13507080078125,0.0,440.12831755147187,437.8883842316844,439.7039937666643,0.0,34325700
2024-03-05,0.0,430.2706604003906,0.0,435.1057407802523,427.9024755873973,435.0958636822441,0.0,57917100
2024-03-06,0.0,432.9743957519531,0.0,436.13196568615194,431.0995838983498,434.48411631091494,0.0,46234500
2024-03-07,0.0,439.546142578125,0.0,440.7992995133113,435.0169506522898,436.55630255352224,0.0,44526700
2024-03-08,0.0,433.20135498046875,0.0,442.6938797953184,432.53037471556775,439.901370869489,0.0,72096000
2024-03-11,0.0,431.5929870605469,0.0,432.8461440453612,429.6688196926347,431.71139180076773,0.0,45860000
2024-03-12,0.0,437.77978515625,0.0,438.13499930349246,430.6752010803839,433.9018801500113,0.0,55300900
2024-03-13,0.0,434.4150390625,0.0,436.8029782510088,433.30001097548626,436.78322405350747,0.0,37928700
2024-03-14,0.0,433.31982421875,0.0,436.1715056274267,430.60627164587515,435.6485312451789,0.0,52195200
2024-03-15,0.0,428.16900634765625,0.0,433.0533829051464,427.00462272271886,430.29050506130005,0.0,73069800
2024-03-18,0.0,432.25262451171875,0.573,435.77008416544805,432.01547173361786,433.4876884393745,0.0,47323800
2024-03-19,0.0,433.3294982910156,0.0,433.73460278569667,428.15209097734186,430.24678425169964,0.0,43004100
2024-03-20,0.0,438.4674377441406,0.0,438.80337150894667,432.82567425217115,434.52512339661354,0.0,43653500
2024-03-21,0.0,440.5423583984375,0.0,443.97089707149223,440.3447662615523,443.51640198843563,0.0,39345700
2024-03-22,0.0,441.0462341308594,0.0,442.1429563269523,439.17880316614946,440.0285427517674,0.0,28253900
2024-03-25,0.0,439.4455871582031,0.0,440.9276637079466,437.2521126584658,438.2500236979711,0.0,27789200
2024-03-26,0.0,438.0228271484375,0.0,441.88611062299844,437.79556453713616,440.9672001706422,0.0,34142000
2024-03-27,0.0,439.51470947265625,0.0,441.2042983789603,436.64936762664576,441.10548724918266,0.0,41359200
2024-03-28,0.0,438.7045593261719,0.0,440.3150873730311,438.3488452662453,439.46534778476365,0.0,36839600
2024-04-01,0.0,439.6333312988281,0.0,442.18248976686664,437.7263698364116,439.65308146497904,0.0,38729000
2024-04-02,0.0,435.8392333984375,0.0,436.15541700683673,432.7960490881484,434.8215419081569,0.0,44259700
2024-04-03,0.0,436.8173522949219,0.0,438.6946431607458,433.7049976814608,433.71485768745384,0.0,39949800
2024-04-04,0.0,430.1380920410156,0.0,441.6093791189941,429.9108294700598,440.9967622085378,0.0,57267700
2024-04-05,0.0,435.2068786621094,0.0,437.87462875113954,430.7507584555262,431.56096761180083,0.0,54744600
2024-04-08,0.0,435.33526611328125,0.0,437.2125569373429,433.9520007772844,436.1355849917124,0.0,28144900
2024-04-09,0.0,436.9458312988281,0.0,437.94374236584986,432.21305827665964,437.66708927505294,0.0,39443600
2024-04-10,0.0,433.1319274902344,0.0,433.99152706641837,431.0669044449502,431.7783023964343,0.0,61502200
2024-04-11,0.0,440.0483093261719,0.0,440.99682993017785,432.7268471276374,434.9993827274123,0.0,45474600
2024-04-12,0.0,433.0331726074219,0.0,436.95573693295404,431.6597971695677,435.829374285995,0.0,53665000
2024-04-15,0.0,425.9092712402344,0.0,436.86675345867155,425.06942184073426,436.77783248501964,0.0,63453600
2024-04-16,0.0,425.94879150390625,0.0,428.57701077839033,424.5655261365261,425.75116924302756,0.0,47619000
2024-04-17,0.0,420.7516784667969,0.0,427.9446892970782,419.82290801689595,427.9249391300538,0.0,56880500
2024-04-18,0.0,418.3507080078125,0.0,423.12298141821606,417.77762150042236,421.3938920422411,0.0,46549400
2024-04-19,0.0,409.69537353515625,0.0,417.69859329896826,408.13426609892537,417.17492743365193,0.0,75231000
2024-04-22,0.0,413.8155822753906,0.0,416.147368473136,408.993887927526,412.3236154173701,0.0,47807700
2024-04-23,0.0,419.9908752441406,0.0,421.18640859511777,413.86494655360076,415.7422375545966,0.0,44384700
2024-04-24,0.0,421.4136657714844,0.0,424.59519137964264,419.1312702431236,423.0834744692618,0.0,48440300
2024-04-25,0.0,419.37823486328125,0.0,420.23783435931756,413.1436358245047,414.23046773958583,0.0,57392200
2024-04-26,0.0,425.8500061035156,0.0,427.381473182625,421.81877105316397,422.5103887021801,0.0,41874900
2024-04-29,0.0,427.5791015625,0.0,428.57704279451684,424.84221094712433,427.9545657944638,0.0,30022200
2024-04-30,0.0,419.5165710449219,0.0,427.39133873179975,419.4375402321003,425.9981832015452,0.0,43665900
2024-05-01,0.0,416.4833068847656,0.0,425.0003330647084,415.63359737530845,418.09383507210157,0.0,52251700
2024-05-02,0.0,421.7989501953125,0.0,422.6980801902515,415.6038815105745,420.21806262347377,0.0,36559000
2024-05-03,0.0,430.2764892578125,0.0,431.26454032422834,427.45064752834196,429.2489077059209,0.0,48515300
2024-05-06,0.0,434.989501953125,0.0,435.0784229348323,431.3040604511998,432.07473911225696,0.0,30227200
2024-05-07,0.0,435.0586242675781,0.0,436.68890238965724,434.32744602239535,435.43408847265937,0.0,30996100
2024-05-08,0.0,434.8017578125,0.0,436.20480361971187,432.3217399415846,432.44033140017706,0.0,24896700
2024-05-09,0.0,435.750244140625,0.0,436.32333061017573,433.22083597558594,435.0684865337355,0.0,24580100
2024-05-10,0.0,436.77789306640625,0.0,439.00100817482354,435.23653567013787,437.25216847792285,0.0,27116600
2024-05-13,0.0,437.78564453125,0.0,438.78358573741383,436.3727387710848,438.6847746021528,0.0,22994200
2024-05-14,0.0,440.6015930175781,0.0,441.1351490219814,437.1730547027617,437.36078681259016,0.0,34478300
2024-05-15,0.0,447.48834228515625,0.0,447.73535506298566,441.56003561725066,443.0717526114495,0.0,41464700
2024-05-16,0.0,446.5792541503906,0.0,449.2568636316633,446.411272231041,447.30051200550537,0.0,34780400
2024-05-17,0.0,446.3619384765625,0.0,447.31045901301263,444.16846400588616,446.70773221124824,0.0,35803700
2024-05-20,0.0,449.4743347167969,0.0,450.13631207581267,446.3916200736185,446.57935219702347,0.0,24474200
2024-05-21,0.0,450.3536376953125,0.0,450.54136979919565,447.42901515243744,447.62663741534305,0.0,23167700
2024-05-22,0.0,450.2647399902344,0.0,451.3614923460644,447.6661608786562,450.6105638917276,0.0,25120000
2024-05-23,0.0,448.2392578125,0.0,455.0765544193966,446.4508877649814,455.04691409303155,0.0,40899200
2024-05-24,0.0,452.4779357910156,0.0,453.7426397762389,448.15026788993123,449.8497166969114,0.0,29669500
2024-05-28,0.0,454.1873474121094,0.0,454.24662806913835,451.23308410942803,453.69332183491565,0.0,26216800
2024-05-29,0.0,450.98602294921875,0.0,452.7645027751896,449.899160765381,450.0375023855627,0.0,29739200
2024-05-30,0.0,446.15447998046875,0.0,450.195635675604,444.8304950718889,450.0572940426685,0.0,30536800
2024-05-31,0.0,445.3244934082031,0.0,447.07336311604297,437.76590868384545,446.3817152995183,0.0,55941300
2024-06-03,0.0,447.7156066894531,0.0,450.1363138301229,442.54808850150624,449.13840270768463,0.0,32997500
2024-06-04,0.0,448.9407958984375,0.0,450.1363293463118,445.73951982353225,447.45871917443645,0.0,23767400
2024-06-05,0.0,457.99127197265625,0.0,458.0703027841876,448.9802518119225,452.5076010658575,0.0,33817400
2024-06-06,0.0,457.83319091796875,0.0,458.98922386503307,456.6672979648091,458.6730403056571,0.0,21966800
2024-06-07,0.0,457.4281311035156,0.0,460.17491196915165,456.3215186904431,457.467661590533,0.0,25829700
2024-06-10,0.0,459.2757568359375,0.0,459.6314708938704,456.01520042833266,456.3017436759834,0.0,20660800
2024-06-11,0.0,462.42767333984375,0.0,462.5462648024494,456.5092567926191,458.0012236295698,0.0,22053300
2024-06-12,0.0,468.484375,0.0,470.80630087751473,465.6585636171395,466.35018122447093,0.0,34532600
2024-06-13,0.0,471.023681640625,0.0,472.6737401049363,468.7511763645749,472.01173265680745,0.0,25859000
2024-06-14,0.0,473.4641418457031,0.0,473.5333126495915,470.36164735848314,470.82603251571277,0.0,23372600
2024-06-17,0.0,479.2640686035156,0.0,481.0425485388574,472.4267718136733,473.7309763615581,0.0,37054500
2024-06-18,0.0,479.41229248046875,0.0,480.0940501896612,477.6535626306648,479.21470034122336,0.0,24438600
2024-06-20,0.0,475.7169494628906,0.0,481.0227788796813,473.8890489544044,480.6078143162827,0.0,33918700
2024-06-21,0.0,474.44232177734375,0.0,476.7741378160484,472.9503852718537,475.44026293593026,0.0,37456800
2024-06-24,0.0,469.0410461425781,0.762,474.9490883159995,468.90251482270855,473.2172505120753,0.0,37751000
2024-06-25,0.0,474.40472412109375,0.0,474.7015984686123,470.1889271812349,471.129079616459,0.0,29014700
2024-06-26,0.0,475.38446044921875,0.0,475.92877037792846,473.16771802191516,473.58334212660935,0.0,22737100
2024-06-27,0.0,476.6116027832031,0.0,478.0861593754013,474.32557950230506,475.1370763918568,0.0,26222100
2024-06-28,0.0,474.1375427246094,0.0,482.1436072423702,473.49429478929665,477.4033117975724,0.0,34881600
2024-07-01,0.0,476.9184265136719,0.0,477.4824878396145,471.3171649653183,475.05793318372764,0.0,24898300
2024-07-02,0.0,481.9258728027344,0.0,481.98524767467785,475.2953968944467,475.42405251727433,0.0,26723600
2024-07-03,0.0,485.94378662109375,0.0,486.0724422579742,481.17380338161604,481.17380338161604,0.0,18064900
2024-07-05,0.0,491.0106201171875,0.0,491.4460560048313,486.4880424937544,486.7849470721582,0.0,28495900
2024-07-08,0.0,492.1783142089844,0.0,492.7324997890288,490.35741441728845,491.3767232735326,0.0,22109400
2024-07-09,0.0,492.6039123535156,0.0,494.8107793015075,491.08979257688713,493.6925021081496,0.0,25614500
2024-07-10,0.0,497.7400207519531,0.0,498.29420637540426,493.2174734535237,494.5237508797434,0.0,28046900
2024-07-11,0.0,486.824462890625,0.0,498.05667216311593,485.636935294942,497.84886011902,0.0,49966600
2024-07-12,0.0,489.68450927734375,0.0,494.43468031357077,486.9333627636992,487.3984860685638,0.0,37109400
2024-07-15,0.0,491.0007019042969,0.0,495.8102781057871,488.9620840273778,491.4559193387255,0.0,31151400
2024-07-16,0.0,491.1887512207031,0.0,493.2669624935249,488.0318560940838,492.45546558304693,0.0,25950600
2024-07-17,0.0,476.7699279785156,0.0,483.72696575198995,476.70067742779014,483.21237345638946,0.0,56268800
2024-07-18,0.0,474.5136413574219,0.0,480.6690887882238,471.32705866428927,480.4909641521686,0.0,49347400
2024-07-19,0.0,470.30767822265625,0.0,476.6907485196248,469.0211824453809,474.17710163389285,0.0,42042900
2024-07-22,0.0,477.3142395019531,0.0,478.3335484183621,472.7520687745181,476.16627496100256,0.0,40300000
2024-07-23,0.0,475.6318664550781,0.0,479.4023218426893,475.15686747764715,476.413675873234,0.0,23282500
2024-07-24,0.0,458.5707702636719,0.0,469.2685752072546,457.7098044757432,468.90242012051243,0.0,58818600
2024-07-25,0.0,453.5138244628906,0.0,463.08347745644176,450.9012394618867,458.90727360561084,0.0,59256800
2024-07-26,0.0,458.1650695800781,0.0,461.0943407799324,454.9982686823399,457.848383450134,0.0,39992100
2024-07-29,0.0,459.0854187011719,0.0,463.05381067459047,456.8290828356766,460.8766312425985,0.0,28218500
2024-07-30,0.0,452.7815246582031,0.0,461.7178056143378,449.4365991488919,461.01518280406907,0.0,41317200
2024-07-31,0.0,466.1810302734375,0.0,467.88318054552457,461.56939023161044,463.01422923671885,0.0,44552100
2024-08-01,0.0,454.8894348144531,0.0,470.61450517713496,451.2476348425809,466.86386133368035,0.0,56653900
2024-08-02,0.0,444.0926208496094,0.0,448.86260343484975,439.85704229778526,446.2104252259462,0.0,66323200
2024-08-05,0.0,430.85150146484375,0.0,437.6996954353394,419.0552302659208,420.30213280152026,0.0,87483500
2024-08-06,0.0,434.9683837890625,0.0,442.4301391633236,430.04996319341984,432.6922661729256,0.0,63164400
2024-08-07,0.0,430.25775146484375,0.0,444.3400770278095,429.8619088840542,441.85611726701137,0.0,54929200
2024-08-08,0.0,443.4197082519531,0.0,444.33014311023425,432.61302829327946,436.48245194310226,0.0,47890100
2024-08-09,0.0,445.7354431152344,0.0,447.36831262214395,440.985241585035,442.10351876153544,0.0,33574000
2024-08-12,0.0,446.69537353515625,0.0,449.65433226208825,443.8947276771572,446.7052794147843,0.0,27795000
2024-08-13,0.0,457.77911376953125,0.0,458.0463309110078,450.9507312570199,451.08929276754145,0.0,40084500
2024-08-14,0.0,457.9275817871094,0.0,460.2828556615313,453.6425036465701,458.69948537304487,0.0,34733700
2024-08-15,0.0,469.4962463378906,0.0,469.8920888985799,463.5189240086724,463.89498501162524,0.0,38280600
2024-08-16,0.0,470.0998840332031,0.0,471.46556648913753,466.75495864422777,467.71489267478665,0.0,38383600
2024-08-19,0.0,476.275146484375,0.0,476.31473980211405,468.4571423782289,470.23847926625564,0.0,23737700
2024-08-20,0.0,475.275634765625,0.0,477.92781315701507,473.5833602435094,475.36469707718084,0.0,29209300
2024-08-21,0.0,477.4923400878906,0.0,479.34292733029224,474.3453511879504,476.0573769337116,0.0,25658800
2024-08-22,0.0,469.9217834472656,0.0,480.50083988140653,468.89256861321644,479.8080927390778,0.0,37739600
2024-08-23,0.0,475.018310546875,0.0,477.72986373864114,470.3472959517967,474.2661885575702,0.0,36061500
2024-08-26,0.0,470.4067077636719,0.0,475.39440887231615,468.3284964516656,474.47406807156517,0.0,27452600
2024-08-27,0.0,471.81195068359375,0.0,472.8807286031664,466.8143440444415,468.77380546465093,0.0,27510000
2024-08-28,0.0,466.4581298828125,0.0,472.0692672340193,463.03404773017155,471.3468628213856,0.0,37372400
2024-08-29,0.0,465.7752380371094,0.0,472.96977514887374,464.4986179028176,468.3680414193151,0.0,41081500
2024-08-30,0.0,471.3269958496094,0.0,471.95046219356595,465.6267968495416,470.10978079793205,0.0,33466500
2024-09-03,0.0,457.0170593261719,0.0,468.41748705690793,454.6419739907079,468.2888616427739,0.0,44985200
2024-09-04,0.0,455.8295593261719,0.0,459.6297325855357,452.9794746829276,453.9097213390106,0.0,32505100
2024-09-05,0.0,456.2550964355469,0.0,460.5302382843721,453.18726380172785,454.2065727199707,0.0,34452400
2024-09-06,0.0,444.0332946777344,0.0,456.43325146305574,443.53848390385747,455.55247378914544,0.0,50624400
2024-09-09,0.0,449.74334716796875,0.0,450.7329685991711,445.15151943163164,448.3578832044554,0.0,32981200
2024-09-10,0.0,453.8998107910156,0.0,454.404527431382,447.5365516543528,451.50491342000015,0.0,29680300
2024-09-11,0.0,463.75640869140625,0.0,464.49862479430976,446.5963760163785,455.1368141392579,0.0,57843000
2024-09-12,0.0,468.3087158203125,0.0,469.12021274769836,462.004831315396,463.7861380430132,0.0,40067800
2024-09-13,0.0,470.4067077636719,0.0,471.5843598337803,467.3487807735019,467.57640460415297,0.0,29111800
2024-09-16,0.0,468.3284912109375,0.0,468.94205173790556,465.0132831893614,468.2790222139315,0.0,22585600
2024-09-17,0.0,468.57586669921875,0.0,472.6432267020708,466.08203143235426,471.3468249743636,0.0,30084400
2024-09-18,0.0,466.54718017578125,0.0,473.8604676353551,465.9434953333067,469.7733560531388,0.0,39909200
2024-09-19,0.0,478.3434143066406,0.0,481.1836532649459,475.50320554918557,477.6011982117997,0.0,52782500
2024-09-20,0.0,477.4330139160156,0.0,478.6700408299841,473.335966280543,477.4824829122334,0.0,34577700
2024-09-23,0.0,478.69854736328125,0.677,479.7886668451641,477.271487358506,478.60935989339436,0.0,24843000
2024-09-24,0.0,481.007568359375,0.0,481.9589315670274,475.85432326157445,480.10574366251944,0.0,25952600
2024-09-25,0.0,481.4535217285156,0.0,483.40581684032236,480.2048367630411,480.3832116885974,0.0,26549900
2024-09-26,0.0,485.07073974609375,0.0,489.2627322137733,481.4337116875212,488.93568125355074,0.0,32020200
2024-09-27,0.0,482.37518310546875,0.0,486.2302350383357,481.19587618082716,486.091478815064,0.0,22851100
2024-09-30,0.0,483.6833190917969,0.0,484.0202596018101,478.5796124436247,481.41389274489046,0.0,30281100
2024-10-01,0.0,476.9444274902344,0.0,483.61395044024334,473.109215140219,483.31665887950265,0.0,42735400
2024-10-02,0.0,477.61834716796875,0.0,479.53099347672526,473.42635462803594,476.0426111384499,0.0,23744000
2024-10-03,0.0,477.2615661621094,0.0,480.1949538329901,474.6849283697324,475.4281875265743,0.0,25337200
2024-10-04,0.0,482.9400329589844,0.0,483.49499732601123,478.054350472024,483.06886937334593,0.0,30686600
2024-10-07,0.0,477.7669372558594,0.0,482.1967625321667,476.5479814908954,481.0273755179477,0.0,24975100
2024-10-08,0.0,484.9022521972656,0.0,485.5860530274448,479.50125391077506,480.30397136476074,0.0,28272000
2024-10-09,0.0,488.7176513671875,0.0,489.29245536882917,483.5644061682119,484.6049568617026,0.0,24995000
2024-10-10,0.0,488.1626892089844,0.0,490.0257969581118,485.13019433844016,486.4383376827158,0.0,25750400
2024-10-11,0.0,488.92572021484375,0.0,489.94649172199814,485.7644194068518,486.32927332481586,0.0,20644500
2024-10-14,0.0,493.0285339355469,0.0,494.34656675942244,490.8086764455291,491.3140720656338,0.0,26060100
2024-10-15,0.0,486.4383544921875,0.0,494.019591930527,484.28784466660454,493.355600435728,0.0,34784500
2024-10-16,0.0,486.4977722167969,0.0,487.2707604745814,483.18779530560226,486.76533460642946,0.0,22996800
2024-10-17,0.0,486.8347473144531,0.0,492.0276416079537,486.7752890014201,491.97810309485703,0.0,27210700
2024-10-18,0.0,490.02581787109375,0.0,491.11593737118017,488.86632025661703,489.61949922818457,0.0,25335000
2024-10-21,0.0,490.96728515625,0.0,491.7700026314171,486.8942092236496,488.8167753413639,0.0,30336500
2024-10-22,0.0,491.5023498535156,0.0,492.9789784395571,487.54822127484874,488.30140014441923,0.0,26685800
2024-10-23,0.0,483.9706726074219,0.0,489.80774860991164,480.69042485410046,489.1536769704334,0.0,39346600
2024-10-24,0.0,487.8951110839844,0.0,488.56899209054706,485.0409912405532,487.68697675640317,0.0,22024900
2024-10-25,0.0,490.86810302734375,0.0,495.78351439895096,489.9860877731949,490.6897281141299,0.0,38762100
2024-10-28,0.0,490.94744873046875,0.0,494.03940202418397,490.65015716118575,493.97994371032735,0.0,20477800
2024-10-29,0.0,495.6647033691406,0.0,496.8440103965107,489.41141832987284,491.26460644622745,0.0,28014100
2024-10-30,0.0,491.91864013671875,0.0,495.8529597761459,491.43305383710356,494.9015965333086,0.0,29756000
2024-10-31,0.0,479.5012512207031,0.0,488.00412245137545,479.40214395365643,487.954583939498,0.0,41245200
2024-11-01,0.0,483.0490417480469,0.0,486.33920932217706,480.83910402420423,481.13639556987664,0.0,33655800
2024-11-04,0.0,481.6418151855469,0.0,484.98152122615164,479.89762415814664,482.4445325917277,0.0,23291600
2024-11-05,0.0,487.7861022949219,0.0,488.45009377025474,483.1382526974681,483.2274401655053,0.0,24353600
2024-11-06,0.0,501.0359191894531,0.0,501.8584762261197,495.10968577343385,496.0610489877298,0.0,43082200
2024-11-07,0.0,508.9243469238281,0.0,509.70728521710686,503.7711019992823,503.83056030755586,0.0,32853100
2024-11-08,0.0,509.5190124511719,0.0,510.2919704920393,507.80452026333353,508.4288627704024,0.0,22924500
2024-11-11,0.0,509.2217102050781,0.0,510.94606166969805,506.3279414175583,510.7379273428509,0.0,24167500
2024-11-12,0.0,508.300048828125,0.0,510.0343202052163,505.2477445114932,509.15236530324336,0.0,25835300
2024-11-13,0.0,507.6459655761719,0.0,510.35140934593795,505.36664976558126,507.7946415908849,0.0,24567400
2024-11-14,0.0,504.1180114746094,0.0,508.18113740505333,503.2062669199819,507.30907205086606,0.0,28679500
2024-11-15,0.0,492.1069641113281,0.0,498.80618640857796,490.0456416788712,498.41970735455106,0.0,51461100
2024-11-18,0.0,495.5259094238281,0.0,497.6268806924794,492.265501060555,493.6529120920853,0.0,27080800
2024-11-19,0.0,498.9349670410156,0.0,499.4205835584643,492.612304704476,492.94927544853863,0.0,24523000
2024-11-20,0.0,498.6475524902344,0.0,498.9547638099584,492.0969470346055,498.63763269176326,0.0,29565500
2024-11-21,0.0,500.4413146972656,0.0,502.4034993526954,493.08799140909434,501.68996941164187,0.0,34526700
2024-11-22,0.0,501.2440185546875,0.0,501.9773578308753,498.2610624556709,499.8863368165391,0.0,23826600
2024-11-25,0.0,502.036865234375,0.0,506.8532002381663,499.727820122481,505.3171131868859,0.0,26375200
2024-11-26,0.0,504.73236083984375,0.0,505.55491780378014,502.671069017246,503.5134050919411,0.0,26557100
2024-11-27,0.0,500.7584533691406,0.0,503.6720316612962,497.41874708868886,503.6026837920866,0.0,24957400
2024-11-29,0.0,505.15850830078125,0.0,505.7531216213566,500.7683318681806,501.38275454356886,0.0,15334000
2024-12-02,0.0,510.65863037109375,0.0,511.6199436122003,506.03062055439545,506.417129810714,0.0,25147200
2024-12-03,0.0,512.2245483398438,0.0,512.5020608313189,508.756005115966,509.3308092150262,0.0,18597900
2024-12-04,0.0,518.5570678710938,0.0,518.8147407281132,514.9299292457346,515.6434895026028,0.0,26086200
2024-12-05,0.0,517.1201171875,0.0,519.330055223799,516.7336078801881,518.6066356126173,0.0,18169600
2024-12-06,0.0,521.7481079101562,0.0,521.9859411713386,517.6552224953138,517.7840589262187,0.0,23762600
2024-12-09,0.0,517.6849975585938,0.0,521.6192872606202,516.5353894459821,520.8264895371643,0.0,20674400
2024-12-10,0.0,515.9209594726562,0.0,520.6580271192222,514.4938993957188,518.9138358600111,0.0,24350000
2024-12-11,0.0,525.1570434570312,0.0,525.8408441322144,519.8749932349128,520.281281526395,0.0,32168600
2024-12-12,0.0,521.7678833007812,0.0,524.2057949010591,521.2922168369533,522.9372703487448,0.0,23577500
2024-12-13,0.0,525.7617797851562,0.0,528.3780062636245,522.5607689543002,525.6924016663945,0.0,28780400
2024-12-16,0.0,533.3330078125,0.0,534.3042408794819,528.2094917796982,528.2887896903175,0.0,31979900
2024-12-17,0.0,530.984375,0.0,532.6492683954417,529.3294014053522,531.5393394651472,0.0,28579100
2024-12-18,0.0,511.82806396484375,0.0,532.0546577112797,510.381224801886,530.3402258870792,0.0,54703200
2024-12-19,0.0,509.5487060546875,0.0,517.0705149732767,509.21179579232137,516.5056307829288,0.0,46441800
2024-12-20,0.0,513.9983520507812,0.0,520.1030209685301,504.71260298135905,505.852260942774,0.0,60530000
2024-12-23,0.0,519.006103515625,0.835,519.3833002478667,512.3159202923702,515.7106302984251,0.0,29672800
2024-12-24,0.0,526.043701171875,0.0,526.1330021589947,520.316321172994,520.9516062143355,0.0,17558200
2024-12-26,0.0,525.6863403320312,0.0,527.3142356084127,522.4206745678785,524.4158307733787,0.0,19090500
2024-12-27,0.0,518.6983032226562,0.0,522.559570841844,514.0330238895601,522.1228199982326,0.0,33839600
2024-12-30,0.0,511.7997741699219,0.0,515.5220627362082,508.04770850678767,511.7005373751371,0.0,34584000
2024-12-31,0.0,507.4521179199219,0.0,513.8345638741997,506.48928482473434,513.0802310210817,0.0,29117000
2025-01-02,0.0,506.45953369140625,0.0,512.8221689652438,501.9729160194123,510.49943434648804,0.0,36389800
2025-01-03,0.0,514.7477416992188,0.0,515.8098417331423,508.7424629551306,509.55634989003045,0.0,29059500
2025-01-06,0.0,520.6637573242188,0.0,524.018784806924,518.1723564940825,520.1476411928097,0.0,36109700
2025-01-07,0.0,511.3729248046875,0.0,522.1030388371797,509.48700174108643,521.7060311004783,0.0,36690300
2025-01-08,0.0,511.4622802734375,0.0,513.1000507629971,506.7970001880406,511.2736819109176,0.0,30777800
2025-01-10,0.0,503.44195556640625,0.0,507.7994984696709,500.19613120906627,507.7002616861164,0.0,40532500
2025-01-13,0.0,501.8240051269531,0.0,502.28059733248006,496.00732395497107,497.4962392396563,0.0,31694200
2025-01-14,0.0,501.3475646972656,0.0,506.39004165996994,497.8833646668992,504.98052179626774,0.0,33737200
2025-01-15,0.0,512.8817749023438,0.0,514.0232404431067,507.6804761210501,509.23891191733566,0.0,34957600
2025-01-16,0.0,509.2884521484375,0.0,515.2242416848954,509.15940797728683,515.144815906314,0.0,28229000
2025-01-17,0.0,517.8844604492188,0.0,520.1972592877152,509.31822917298143,518.9862432829292,0.0,51837900
2025-01-21,0.0,520.9218139648438,0.0,522.0831509199561,516.2168513724278,520.6041714349437,0.0,23628000
2025-01-22,0.0,527.5822143554688,0.0,529.8751413083515,525.3488415863966,525.6565483001042,0.0,33593000
2025-01-23,0.0,528.7039184570312,0.0,528.8230268358762,524.5448792406889,525.1304853393235,0.0,23096600
2025-01-24,0.0,525.7161865234375,0.0,529.8454186239994,524.247142698527,529.0811499069405,0.0,19878300
2025-01-27,0.0,510.4100341796875,0.0,514.1620686543571,506.3800095193755,507.2237341179043,0.0,60771700
2025-01-28,0.0,517.9539184570312,0.0,519.135127001106,507.9980395084438,511.4125906777684,0.0,33194200
2025-01-29,0.0,516.9811401367188,0.0,518.7281436223639,513.0801896776674,518.5990994614392,0.0,26649000
2025-01-30,0.0,519.184814453125,0.0,522.2122638046841,514.3806144435209,519.8399711897874,0.0,27431300
2025-01-31,0.0,518.4303588867188,0.0,527.5921922182381,517.3385119017584,523.0261489535886,0.0,38755200
2025-02-03,0.0,514.28125,0.0,517.000992221849,507.27342449560086,509.6755241871737,0.0,40580800
2025-02-04,0.0,520.59423828125,0.0,521.2295233442737,514.4003603770645,514.7974286874838,0.0,26046800
2025-02-05,0.0,522.9566040039062,0.0,523.1154555461139,516.7726625026758,517.9638067327847,0.0,21134100
2025-02-06,0.0,525.6863403320312,0.0,525.8948102853632,521.8548794809367,523.4629031663001,0.0,19434500
2025-02-07,0.0,519.0557250976562,0.0,528.1678797493125,518.3311390158517,526.2224024701397,0.0,29605500
2025-02-10,0.0,525.3389282226562,0.0,526.4407109622551,522.8574028177311,523.3239005134812,0.0,20852800
2025-02-11,0.0,524.0883178710938,0.0,526.0040485358071,521.94430621765,522.0733504071393,0.0,19325500
2025-02-12,0.0,524.39599609375,0.0,525.2794337785684,518.0929450820138,518.4403344445669,0.0,25009400
2025-02-13,0.0,531.9398803710938,0.0,532.2574623508953,525.2794434932922,526.0635838146525,0.0,28714800
2025-02-14,0.0,534.1731567382812,0.0,534.8580601398642,531.7114424599516,532.0489565555039,0.0,17862600
2025-02-18,0.0,535.3840942382812,0.0,536.0094434356852,532.0786857068766,535.7414193270516,0.0,20565000
2025-02-19,0.0,535.5331420898438,0.0,536.8135875991883,532.4957569178074,534.5901501639886,0.0,19666900
2025-02-20,0.0,533.2599487304688,0.0,535.1161249242239,528.52523935916,534.7488640035847,0.0,26550800
2025-02-21,0.0,522.1923217773438,0.0,534.4212850908257,521.8250608987436,534.4014135025412,0.0,47093800
2025-02-24,0.0,516.0283203125,0.0,525.160347339716,515.6908667320525,523.9791386398983,0.0,39268400
2025-02-25,0.0,509.52667236328125,0.0,515.4823335308943,505.67533996149535,515.402907751773,0.0,48940000
2025-02-26,0.0,510.7574768066406,0.0,515.8197643424149,507.591048002011,511.72034015672153,0.0,34457600
2025-02-27,0.0,496.5730895996094,0.0,515.2341793751592,496.35471414579564,514.3011233717788,0.0,52448000
2025-02-28,0.0,504.41473388671875,0.0,505.0202115627976,493.2577747457523,496.43413947250224,0.0,47654000
2025-03-03,0.0,493.37689208984375,0.0,509.2487196326077,489.93253345416554,507.7399630206097,0.0,44587200
2025-03-04,0.0,491.88800048828125,0.0,500.01748091232383,484.1357168084358,490.5281292836156,0.0,67875400
2025-03-05,0.0,498.30023193359375,0.0,499.9082555325708,487.6296728031353,492.5331693757525,0.0,46323700
2025-03-06,0.0,484.5922546386719,0.0,494.89552185491164,482.6070344726668,490.0416743008981,0.0,57574300
2025-03-07,0.0,488.15576171875,0.0,489.6347411717219,476.9789615630039,483.5599718062666,0.0,54714700
2025-03-10,0.0,469.2366638183594,0.0,480.39359355913183,465.19673274957023,479.87744712390025,0.0,76668000
2025-03-11,0.0,468.114990234375,0.0,475.2717015064333,463.55891291656457,468.85944790641054,0.0,68760800
2025-03-12,0.0,473.3956604003906,0.0,477.50505079394827,468.3035653299785,475.6190975102553,0.0,46971100
2025-03-13,0.0,464.8790588378906,0.0,472.760386273074,462.98316971511383,472.7306091786664,0.0,46563300
2025-03-14,0.0,476.1153869628906,0.0,477.0087300371878,469.6237081167645,470.2292160585815,0.0,43563000
2025-03-17,0.0,479.202392578125,0.0,482.2497130174167,474.2691189068619,476.06574086012523,0.0,41744400
2025-03-18,0.0,471.03326416015625,0.0,476.0657749736721,468.91899953639006,475.86727110411596,0.0,39072300
2025-03-19,0.0,477.3363342285156,0.0,481.74349565345614,471.3608014299573,473.28646764378425,0.0,40430300
2025-03-20,0.0,475.7183532714844,0.0,480.9692391887988,472.66109702608003,473.355936252415,0.0,36780500
2025-03-21,0.0,477.2867126464844,0.0,478.0510116397219,469.4153205735283,470.57665761140777,0.0,42234900
2025-03-24,0.0,487.76043701171875,0.716,488.60541998448804,481.53742091872255,484.8576794709337,0.0,34567200
2025-03-25,0.0,490.5438537597656,0.0,490.70291186860106,487.5218407035887,488.4861096315565,0.0,26035200
2025-03-26,0.0,481.5175476074219,0.0,490.2456607367531,479.96676889831855,489.3907271556028,0.0,34627100
2025-03-27,0.0,478.77386474609375,0.0,483.70454516246133,477.41196560654595,479.55920474042404,0.0,33469800
2025-03-28,0.0,466.16876220703125,0.0,477.6803158784236,465.2840071747282,476.9745201773356,0.0,46363800
2025-03-31,0.0,466.1488952636719,0.0,467.08331235256605,454.6273605455005,459.19026229129486,0.0,53000300
2025-04-01,0.0,469.90655517578125,0.0,470.83105198841025,461.6754876852753,464.53844262078127,0.0,41156200
2025-04-02,0.0,473.3361511230469,0.0,476.7260031222664,463.1069521266998,463.3654253458386,0.0,49894500
2025-04-03,0.0,447.9967956542969,0.0,457.3511902166352,447.4798795534505,453.742637111202,0.0,70456300
2025-04-04,0.0,420.17218017578125,0.0,437.76756110951874,420.17218017578125,435.55075905226965,0.0,117088400
2025-04-07,0.0,421.1861877441406,0.0,440.52125924890055,400.01207316550386,406.24500940343484,0.0,161557000
2025-04-08,0.0,413.6012878417969,0.0,440.52127536489417,407.3683513758407,435.57069379132787,0.0,101248100
2025-04-09,0.0,463.24615478515625,0.0,465.0653269802432,412.97499289588256,413.1141801222823,0.0,142876900
2025-04-10,0.0,443.54327392578125,0.0,452.89766878987024,430.07336033484415,450.8796663706337,0.0,108384100
2025-04-11,0.0,451.71466064453125,0.0,453.0964608286063,438.72189215337244,442.0222794815872,0.0,52483800
2025-04-14,0.0,454.7765197753906,0.0,462.30176158755654,449.955174921676,461.7152518499013,0.0,43941200
2025-04-15,0.0,455.28350830078125,0.0,459.6475802526805,453.45438538142065,455.83027629002765,0.0,35404200
2025-04-16,0.0,441.55511474609375,0.0,449.94524106408096,435.1730706709317,446.3764597793453,0.0,48980600
2025-04-17,0.0,441.4755859375,0.0,445.10401010316673,438.7517574071589,444.5274509761507,0.0,44837000
2025-04-21,0.0,430.5504455566406,0.0,436.48516600290554,425.4010649605608,435.640213497503,0.0,44149300
2025-04-22,0.0,441.8533020019531,0.0,444.93495790304166,435.0338262355641,436.2267468236976,0.0,52304400
2025-04-23,0.0,451.8737487792969,0.0,460.641633756553,450.20368411807647,455.46243104941027,0.0,55801100
2025-04-24,0.0,464.58819580078125,0.0,464.896361425193,453.1362539590864,453.78243704630535,0.0,45956100
2025-04-25,0.0,469.76739501953125,0.0,470.2942617606861,462.639783263479,464.210432874224,0.0,38697100
2025-04-28,0.0,469.6182556152344,0.0,472.0040665388327,463.27595392675005,470.23458681729716,0.0,33550800
2025-04-29,0.0,472.71978759765625,0.0,473.60454257977767,466.8148884332728,467.3914778308246,0.0,30613100
2025-04-30,0.0,472.6601867675781,0.0,474.37997416490805,459.697238824554,464.36947606745446,0.0,46810600
2025-05-01,0.0,478.83343505859375,0.0,484.300932012728,477.898987697636,480.5532222946606,0.0,43316500
2025-05-02,0.0,485.94122314453125,0.0,488.00894827712347,481.9648613296433,483.66477784831574,0.0,39218100
2025-05-05,0.0,483.058349609375,0.0,486.14003597307794,481.2391774925475,481.73622270162116,0.0,28309500
2025-05-06,0.0,478.5650634765625,0.0,482.1835367600156,475.36409117258444,476.7259901676863,0.0,32786300
2025-05-07,0.0,480.4438781738281,0.0,482.9291041737698,473.9624196873836,479.2310866723673,0.0,38006300
2025-05-08,0.0,485.4044189453125,0.0,489.78836133137906,481.30877127503675,485.642990937839,0.0,39577600
2025-05-09,0.0,485.0863037109375,0.0,488.63521379310254,483.326774588034,487.31305654497106,0.0,27767400
2025-05-12,0.0,504.84881591796875,0.0,504.88858802841014,498.51646492128515,503.99388239825186,0.0,45090600
2025-05-13,0.0,512.5431518554688,0.0,514.3325026354601,505.4155095627927,506.15112683099704,0.0,53269600
2025-05-14,0.0,515.6148071289062,0.0,516.1615447200978,512.7021295054291,513.7161211405411,0.0,47014500
2025-05-15,0.0,516.1814575195312,0.0,518.8456125999866,512.125551562593,513.4676100523011,0.0,50153300
2025-05-16,0.0,518.4281005859375,0.0,518.6169801912382,514.0441278903378,517.5830873308704,0.0,48394600
2025-05-19,0.0,518.9251708984375,0.0,519.442117353632,511.2010686059385,511.2010686059385,0.0,52536200
2025-05-20,0.0,517.1954345703125,0.0,517.8515075410328,513.6067220946634,516.4001137065187,0.0,42517600
2025-05-21,0.0,510.0081481933594,0.0,519.909311026266,508.2187974987168,513.2191016405527,0.0,71292800
2025-05-22,0.0,510.96246337890625,0.0,514.6505605896812,509.2724975713598,510.62444594761195,0.0,55607200
2025-05-23,0.0,506.2305908203125,0.0,508.8152319544728,502.59221627823973,503.1886765918508,0.0,58368100
2025-05-27,0.0,518.1398315429688,0.0,518.626986864166,511.54906721801433,513.0998460017336,0.0,47226300
2025-05-28,0.0,515.8433837890625,0.0,520.5852140545883,515.3264980787542,519.0940785672615,0.0,46637200
2025-05-29,0.0,516.8574829101562,0.0,523.3687637584553,514.2629211840699,523.21968658337,0.0,58513300
2025-05-30,0.0,516.042236328125,0.0,517.6029654866918,508.9046747674079,516.370303138387,0.0,67662800
2025-06-02,0.0,520.1181640625,0.0,520.3567360983059,512.9208971603309,514.1834116366912,0.0,44762800
2025-06-03,0.0,524.1838989257812,0.0,525.6153916465726,519.6011563664897,520.4660102317107,0.0,44070300
2025-06-04,0.0,525.645263671875,0.0,526.7089478092026,522.8617616763219,524.889745168766,0.0,41359300
2025-06-05,0.0,521.6886596679688,0.0,529.8998557728775,519.5712423411791,527.0468212855055,0.0,61031200
2025-06-06,0.0,526.7883911132812,0.0,528.6572860020211,525.0885352856423,526.8679353376542,0.0,42467000
2025-06-09,0.0,527.5637817382812,0.0,529.2039944759547,525.8837665533798,527.0070935472497,0.0,33688700
2025-06-10,0.0,531.0530395507812,0.0,531.7389643345455,525.7644714899908,528.0309659877803,0.0,40664800
2025-06-11,0.0,529.2636108398438,0.0,533.6078414430042,526.9772151943893,532.4546626717411,0.0,53701000
2025-06-12,0.0,530.5062255859375,0.0,531.4804753804111,527.7029442130614,527.9514667987352,0.0,34104900
2025-06-13,0.0,523.8458862304688,0.0,528.7268432784747,522.6231138097035,524.5616021772432,0.0,55814400
2025-06-16,0.0,531.1326293945312,0.0,532.2062642001805,527.3153555791812,527.3650479728419,0.0,37622100
2025-06-17,0.0,525.953369140625,0.0,530.1782533672921,524.7902396796701,528.5678317630843,0.0,42180900
2025-06-18,0.0,525.8638916015625,0.0,529.4028511373086,524.2833217813045,526.9673174269449,0.0,43983500
2025-06-20,0.0,523.7167358398438,0.0,530.4069457539052,521.7782471531975,529.1146401876316,0.0,61643500
2025-06-23,0.0,529.1017456054688,0.591,529.6192118620138,521.1400908129034,524.2849177292203,0.0,50666100
2025-06-24,0.0,537.1928100585938,0.0,538.1083833993794,533.6996241180443,534.3166475371182,0.0,45442000
2025-06-25,0.0,538.5661010742188,0.0,540.7058200544818,536.7946645040316,539.4618115177252,0.0,44804200
2025-06-26,0.0,543.6018676757812,0.0,544.0497229160504,538.9244439782782,540.7456288167091,0.0,43811400
2025-06-27,0.0,545.4629516601562,0.0,547.3538082383178,541.9299187322695,544.6369129629151,0.0,57577100
2025-06-30,0.0,548.9959716796875,0.0,550.1503850048523,546.3785725646466,548.6177881825827,0.0,45548700
2025-07-01,0.0,544.3682250976562,0.0,548.0704264374054,542.0493759591154,547.0950823478822,0.0,56166700
2025-07-02,0.0,548.1598510742188,0.0,548.3589045674089,543.5022908980393,543.5420772996381,0.0,36538300
2025-07-03,0.0,553.553955078125,0.0,554.5292991491806,550.528547956803,550.528547956803,0.0,26443500
2025-07-07,0.0,549.3840942382812,0.0,551.6830197478901,546.9458251844275,550.8669428006658,0.0,45349300
2025-07-08,0.0,549.6925659179688,0.0,551.3545443122363,548.4584584278795,550.7275591514004,0.0,36153300
2025-07-09,0.0,553.5838012695312,0.0,554.957191559505,550.448875446199,551.8222657361728,0.0,43045500
2025-07-10,0.0,552.7877807617188,0.0,554.6288895494391,550.1007095165064,554.2208813763241,0.0,34710900
2025-07-11,0.0,551.5436401367188,0.0,553.1259849885996,549.4039211443059,550.6479296881262,0.0,39618600
2025-07-14,0.0,553.5440673828125,0.0,554.280510790838,548.9860026438791,551.3346764161255,0.0,36453300
2025-07-15,0.0,554.0515747070312,0.0,558.112036002509,553.9918647207423,557.5646843377589,0.0,43277700
2025-07-16,0.0,554.618896484375,0.0,557.5249447079008,548.9163797161671,554.608995438005,0.0,52314700
2025-07-17,0.0,559.1072387695312,0.0,559.6148040205102,554.5392729959415,555.3453881761403,0.0,40423800
2025-07-18,0.0,558.56982421875,0.0,562.0231629422733,557.2959302535468,560.4208944407413,0.0,50484700
2025-07-21,0.0,561.4658813476562,0.0,563.3468370391857,559.3660092861638,559.3958946507648,0.0,39595200
2025-07-22,0.0,558.5598754882812,0.0,561.6449925970527,555.9325146805868,561.5952444003194,0.0,43270600
2025-07-23,0.0,561.1076049804688,0.0,561.1473913894928,556.897899192682,559.644679980569,0.0,40215300
2025-07-24,0.0,562.3018798828125,0.0,563.5259649748344,560.590092369004,562.4212998555654,0.0,42275500
2025-07-25,0.0,563.6552734375,0.0,564.9789154964288,561.5653634434884,562.2221732082169,0.0,30630800
2025-07-28,0.0,565.4169311523438,0.0,566.3125810251406,564.1529987987896,565.0188240471344,0.0,31498700
2025-07-29,0.0,564.541015625,0.0,569.3677442783611,563.8145341030877,568.0242394036405,0.0,45463300
2025-07-30,0.0,565.2974243164062,0.0,567.88493787487,562.3416283337683,565.4566306884598,0.0,43433800
2025-07-31,0.0,562.3018798828125,0.0,571.8757657350329,561.1673293990499,571.7861703841629,0.0,64613600
2025-08-01,0.0,551.2252197265625,0.0,556.3405979294319,549.0357523301388,556.1515061828632,0.0,69400800
2025-08-04,0.0,561.3961791992188,0.0,561.6151562999452,556.2709001900665,556.3703965814645,0.0,47669800
2025-08-05,0.0,557.5845336914062,0.0,563.8443626007596,557.047083143738,562.6799876518158,0.0,48666600
2025-08-06,0.0,564.6007690429688,0.0,565.0386624956789,557.9428326498341,558.4205125100245,0.0,41823700
2025-08-07,0.0,566.5115966796875,0.0,570.5720580592475,562.4013871009583,568.9299422883823,0.0,44463000
2025-08-08,0.0,571.7960815429688,0.0,572.0150586353669,567.4172078636645,567.7157577691117,0.0,35255500
2025-08-11,0.0,570.104248046875,0.0,574.0353274481827,568.8304148017489,571.9354554685915,0.0,33112900
2025-08-12,0.0,577.269775390625,0.0,577.5683253251331,569.7460133279651,572.4031988590039,0.0,42143300
2025-08-13,0.0,577.5584106445312,0.0,580.5241078283162,576.1650966595718,579.9667943828545,0.0,41209300
2025-08-14,0.0,577.110595703125,0.0,579.091047893356,575.1400445589929,575.5083270283026,0.0,45425000
2025-08-15,0.0,574.57275390625,0.0,577.060771050305,572.811218330625,577.0209239007323,0.0,49480200
2025-08-18,0.0,574.3438720703125,0.0,575.0007426774456,572.4828399211221,573.6771004174088,0.0,29831000
2025-08-19,0.0,566.5513916015625,0.0,573.7964659713523,565.5262993771687,573.6272978127284,0.0,53752600
2025-08-20,0.0,563.1876220703125,0.0,565.7253875756548,556.1614636230435,565.6059676042936,0.0,76781100
2025-08-21,0.0,560.5802001953125,0.0,563.774775630925,558.2911756152315,561.6450181787756,0.0,46436900
2025-08-22,0.0,569.2284545898438,0.0,571.238791941298,560.5702032580724,561.9634564557491,0.0,51502100
2025-08-25,0.0,567.58642578125,0.0,570.542161218221,566.4319517221652,567.6660593438861,0.0,34044700
2025-08-26,0.0,569.8653564453125,0.0,570.1738681264644,566.0736209319145,567.0987131018536,0.0,34103000
2025-08-27,0.0,570.7412109375,0.0,571.6567843025553,567.6361701841732,568.8503542214644,0.0,36927100
2025-08-28,0.0,574.3140258789062,0.0,575.2295992365423,569.7161747720991,571.3582297430389,0.0,46787900
2025-08-29,0.0,567.666015625,0.0,572.273828233091,565.8148847062891,571.9055458127416,0.0,56030400
2025-09-02,0.0,562.908935546875,0.0,563.257233673264,556.8580604404501,558.6195961337324,0.0,65876800
2025-09-03,0.0,567.3375854492188,0.0,568.9597775003773,564.0135677896833,566.5015849549442,0.0,54230200
2025-09-04,0.0,572.4728393554688,0.0,572.8410610450118,566.3026052373926,568.0043701424134,0.0,47526300
2025-09-05,0.0,573.298828125,0.0,578.3345721151251,568.7905728965633,577.707586970244,0.0,68342500
2025-09-08,0.0,576.0953979492188,0.0,578.0559870759845,575.0006946855148,575.5977945125156,0.0,46371400
2025-09-09,0.0,577.7275390625,0.0,578.1554707195171,574.274139701763,576.8915385805233,0.0,44007600
2025-09-10,0.0,577.9166870117188,0.0,580.9719796320359,575.7769677758832,580.942094267134,0.0,49308000
2025-09-11,0.0,581.2803955078125,0.0,582.0765487866307,578.8321649514098,580.4443950823623,0.0,44745800
2025-09-12,0.0,583.8480834960938,0.0,585.0423439865303,581.3003561297145,582.2358530939185,0.0,50745900
2025-09-15,0.0,588.8440551757812,0.0,588.9535133647106,585.4702889551867,585.6195942983544,0.0,44360300
2025-09-16,0.0,588.3463745117188,0.0,590.018314719858,587.6596793599289,589.7695130089575,0.0,36942100
2025-09-17,0.0,587.1720581054688,0.0,588.9136701422223,581.5690385221046,588.2667613743852,0.0,69384800
2025-09-18,0.0,592.466552734375,0.0,595.2730433570825,590.1178791327126,592.058483907603,0.0,61069300
2025-09-19,0.0,596.4772338867188,0.0,597.1738908683575,592.9940097211341,594.4669572446983,0.0,58196100
2025-09-22,0.0,600.0083618164062,0.694,600.6759063866804,595.5446250028239,595.56457167487,0.0,57154800
2025-09-23,0.0,596.0228881835938,0.0,600.376978885606,594.8072966999976,600.1776946146698,0.0,64635500
2025-09-24,0.0,593.9305419921875,0.0,597.7167610032964,591.2005236200914,597.3979183069385,0.0,49850300
2025-09-25,0.0,591.3699951171875,0.0,592.9541745739684,586.3582716088486,590.0448183593098,0.0,70920200
2025-09-26,0.0,593.8009643554688,0.0,594.1297803627111,588.9088608410209,592.1868651388552,0.0,54337400
2025-09-29,0.0,596.5509643554688,0.0,599.858888854889,595.2357610619866,596.929586249639,0.0,48332900
2025-09-30,0.0,598.18505859375,0.0,598.5238479838199,593.9305790157047,596.2521164355429,0.0,46533800
2025-10-01,0.0,601.0545043945312,0.0,601.592517201177,594.1696797218984,594.9966151966095,0.0,46899600
2025-10-02,0.0,603.5254516601562,0.0,604.9502399376884,600.7356543050928,604.8506282086944,0.0,43765400
2025-10-03,0.0,600.9848022460938,0.0,605.1197232184186,599.2013385970163,604.3027001978111,0.0,46482100
2025-10-06,0.0,605.498291015625,0.0,607.1422494333636,603.7645725777412,606.2355880916678,0.0,41962100
2025-10-07,0.0,602.3099365234375,0.0,607.4910236381941,600.835342343377,606.8035324139453,0.0,58209500
2025-10-08,0.0,609.2147216796875,0.0,609.523591030116,603.0572205300643,603.2066381307736,0.0,50629800
2025-10-09,0.0,608.4774780273438,0.0,609.3841394863078,605.2691650224094,609.2546077331658,0.0,45551000
2025-10-10,0.0,587.3545532226562,0.0,610.9483641105261,586.9061788056832,609.1748739271294,0.0,97614800
2025-10-13,0.0,599.8190307617188,0.0,600.7556121211176,595.056398092238,597.497493628088,0.0,65872600
2025-10-14,0.0,595.8236694335938,0.0,600.4966033203683,587.9823159734815,593.1434568492728,0.0,69203200
2025-10-15,0.0,600.0283203125,0.0,604.4920576664449,593.7612333108135,601.8118449118447,0.0,62805500
2025-10-16,0.0,597.8064575195312,0.0,606.0961859916426,593.3328076253713,602.9078195311333,0.0,70982000
2025-10-17,0.0,601.7320556640625,0.0,603.306322454893,594.1995718879336,595.7738386787643,0.0,72024900
2025-10-20,0.0,609.3143310546875,0.0,610.5697551235123,604.8606284241672,604.9303809627713,0.0,45761700
2025-10-21,0.0,609.1549682617188,0.0,610.4900574537519,607.1024677916307,609.41403175621,0.0,44538200
2025-10-22,0.0,603.286376953125,0.0,609.1848147458128,597.5573034367524,608.5969960402966,0.0,61478800
2025-10-23,0.0,608.3578491210938,0.0,609.1449520725764,602.3199065464308,602.7084409478078,0.0,42844300
2025-10-24,0.0,614.8540649414062,0.0,616.1692681518385,612.8912638677524,613.7481193370727,0.0,47632500
2025-10-27,0.0,625.80419921875,0.0,626.2624862060553,621.7589773359792,622.2471843336021,0.0,54098600
2025-10-28,0.0,630.6165161132812,0.0,632.3701204498367,626.9598898422056,628.0658354818435,0.0,61195700
2025-10-29,0.0,633.4561767578125,0.0,634.69165413006,627.9562469711387,633.276839153424,0.0,67422800
2025-10-30,0.0,623.7715454101562,0.0,631.1944440896802,623.6619603385896,629.869267455657,0.0,61628600
2025-10-31,0.0,626.7805786132812,0.0,631.8919134270566,624.4092354874234,631.8619934183905,0.0,66305100
2025-11-03,0.0,629.7796020507812,0.0,633.5059808284601,627.5576766411583,632.7985429356352,0.0,37154300
2025-11-04,0.0,616.996337890625,0.0,624.6683271251044,616.2092348629542,621.0117005353788,0.0,63830800
2025-11-05,0.0,621.0116577148438,0.0,624.3195213581258,614.9637416360841,616.2390515684897,0.0,48688500
2025-11-06,0.0,609.4439086914062,0.0,619.7761638844125,608.078899450419,619.5270737190788,0.0,72115100
2025-11-07,0.0,607.5208740234375,0.0,607.730131632313,596.4911554011275,606.0960857298178,0.0,81835400
2025-11-10,0.0,620.9617919921875,0.0,622.0378784586748,614.644899897251,616.6674802752618,0.0,55919900
2025-11-11,0.0,619.307861328125,0.0,620.4536395227035,615.2726130875191,618.3115007347396,0.0,44868800
2025-11-12,0.0,618.8196411132812,0.0,622.5858524528388,615.5615225825271,622.5659665942537,0.0,47444400
2025-11-13,0.0,606.185791015625,0.0,615.8703865003098,603.8742272112875,615.2924803459697,0.0,71333600
2025-11-14,0.0,606.6441040039062,0.0,611.1177533949825,594.9966460866717,597.3679891941105,0.0,80087300
2025-11-17,0.0,601.4630737304688,0.0,610.2509824067986,597.686888568112,604.0934805750228,0.0,63850400
2025-11-18,0.0,594.1397705078125,0.0,600.1179339423381,589.1878876531316,597.4377215700049,0.0,83327300
2025-11-19,0.0,597.6868286132812,0.0,603.9539148983285,592.4260762649179,594.897031094223,0.0,73111500
2025-11-20,0.0,583.5385131835938,0.0,611.7953468701894,582.6218784315797,609.3940836964333,0.0,117743200
2025-11-21,0.0,587.9224853515625,0.0,594.807310091711,578.6264242609341,585.3319113971087,0.0,103344200
2025-11-24,0.0,602.9575805664062,0.0,604.4720682054578,592.9939741263881,593.1135933516537,0.0,60168100
2025-11-25,0.0,606.674072265625,0.0,608.0390815394395,595.1461718391749,601.3136469136847,0.0,57560900
2025-11-26,0.0,612.034423828125,0.0,613.9474190856081,608.1685399702174,610.2808195033393,0.0,42393600
2025-11-28,0.0,616.996337890625,0.0,617.0660904342964,613.1802595402138,613.8677508272276,0.0,23034400
2025-12-01,0.0,614.923828125,0.0,617.1855860502521,610.2907880213397,611.3967336448243,0.0,40957600
2025-12-02,0.0,619.7362670898438,0.0,621.4798980663827,615.3423437866954,617.2055331651553,0.0,54541800
2025-12-03,0.0,621.2507934570312,0.0,621.9481972408511,615.7807833814271,617.3649627124794,0.0,47841600
2025-12-04,0.0,620.6728515625,0.0,622.6655726885474,617.2852013230104,622.6555993528335,0.0,47067800
2025-12-05,0.0,623.2036743164062,0.0,626.6311575742,621.4401572213803,622.1077018660956,0.0,53614200
2025-12-08,0.0,622.0079956054688,0.0,626.5513972974647,619.4273950138578,624.9273247300189,0.0,43462400
2025-12-09,0.0,622.775146484375,0.0,623.5921694288306,618.7398984397635,620.7425928652799,0.0,37156000
2025-12-10,0.0,625.3258666992188,0.0,626.920080160108,618.7299643381673,621.5795410824109,0.0,55031400
2025-12-11,0.0,623.3033447265625,0.0,623.5026290294861,615.4719033941835,621.5497401616841,0.0,58272800
2025-12-12,0.0,611.3867797851562,0.0,621.2706598008424,609.1349951238292,619.8160122611713,0.0,75158700
2025-12-15,0.0,608.3179931640625,0.0,616.1693197420918,607.102462393675,616.1195138735233,0.0,49538200
2025-12-16,0.0,609.5235595703125,0.0,611.2771638485672,604.7011478051123,606.0462710202155,0.0,55152800
2025-12-17,0.0,598.224853515625,0.0,611.4167192166101,598.0953825829183,610.8288396926666,0.0,70654300
2025-12-18,0.0,606.8931884765625,0.0,610.6992932536183,604.7111563372118,607.5806797208244,0.0,78875800
2025-12-19,0.0,614.8043212890625,0.0,615.3722541519244,609.6431804668954,609.722906345813,0.0,60369800
2025-12-22,0.0,617.7513427734375,0.794,620.1855972768566,616.3147325600856,619.8862552767364,0.0,43703100
2025-12-23,0.0,620.6444702148438,0.0,620.9437513214359,616.3247143117193,616.7437078609482,0.0,41120400
2025-12-24,0.0,622.4602661132812,0.0,622.8094781897531,620.2554500580117,620.524833532521,0.0,18468700
2025-12-26,0.0,622.4202880859375,0.0,624.0464530908596,621.672054895625,623.1884327551913,0.0,28959800
2025-12-29,0.0,619.4074096679688,0.0,621.312944373981,617.2724362589381,618.6392040742111,0.0,32458300
2025-12-30,0.0,617.9707641601562,0.0,620.7142858196408,617.7612369489017,618.3798323976478,0.0,31226800
2025-12-31,0.0,612.8628540039062,0.0,618.4995685313527,612.6034567489972,618.1903012408169,0.0,40746500
