Date,Capital Gains,Close,Dividends,High,Low,Open,Stock Splits,Volume
2015-01-02,0.0,169.68788146972656,0.0,170.88561066355808,168.65536499501724,170.47260407367435,0.0,121465900
2015-01-05,0.0,166.62335205078125,0.0,168.81228157325947,166.31773125812248,168.64708148544278,0.0,169632600
2015-01-06,0.0,165.05397033691406,0.0,167.4494036720301,164.26099208715965,166.92901130175497,0.0,209151400
2015-01-07,0.0,167.11073303222656,0.0,167.44940147841223,165.92954017391855,166.37558176833852,0.0,125346700
2015-01-08,0.0,170.07608032226562,0.0,170.2908517797395,168.4984049909054,168.51491617689666,0.0,147217800
2015-01-09,0.0,168.71316528320312,0.0,170.5056120873232,168.10191108942752,170.48908829723226,0.0,158567300
2015-01-12,0.0,167.3915252685547,0.0,169.00226066188512,166.7885393225758,168.8453161791333,0.0,144396100
2015-01-13,0.0,166.92068481445312,0.0,169.72912357347792,165.62383853897953,168.60574554907672,0.0,214553300
2015-01-14,0.0,165.9129638671875,0.0,166.111211515272,164.0213997320499,164.91348263853635,0.0,192991100
2015-01-15,0.0,164.3931121826172,0.0,166.86288300701946,164.27747086579527,166.54900663505038,0.0,176613900
2015-01-16,0.0,166.5489959716797,0.0,166.70594044959492,164.00487456052744,164.18659841874955,0.0,211879600
2015-01-20,0.0,166.90414428710938,0.0,167.4493157598487,165.34298059986864,167.18498561405204,0.0,130991100
2015-01-21,0.0,167.74667358398438,0.0,168.22576249946007,165.97900677362105,166.44157190471358,0.0,122942700
2015-01-22,0.0,170.2412872314453,0.0,170.37343973468046,167.12721463947537,168.4983992677013,0.0,174356000
2015-01-23,0.0,169.30792236328125,0.0,170.2413212891238,169.17575722964745,169.98524661622298,0.0,117516800
2015-01-26,0.0,169.70440673828125,0.0,169.7952686930043,168.38279320153632,169.09316504647256,0.0,92009700
2015-01-27,0.0,167.46588134765625,0.0,168.60577072506626,166.63986834178553,167.6558608098982,0.0,134044600
2015-01-28,0.0,165.31825256347656,0.0,168.74620170511815,165.12827308965936,168.64708417164115,0.0,168514300
2015-01-29,0.0,166.84640502929688,0.0,167.10246709579837,164.112290844623,165.5165233191782,0.0,173585400
2015-01-30,0.0,164.74830627441406,0.0,166.9950628601836,164.48398864289024,165.6734494946458,0.0,197729700
2015-02-02,0.0,166.7885284423828,0.0,166.87939036836673,163.43491798072392,165.24388830461308,0.0,163107000
2015-02-03,0.0,169.20046997070312,0.0,169.20873816577404,167.3089060809817,167.6806093444516,0.0,124212900
2015-02-04,0.0,168.5562286376953,0.0,169.64657196321926,168.101918918727,168.4405873095906,0.0,134306700
2015-02-05,0.0,170.2577667236328,0.0,170.40645559253682,169.14265692465472,169.2169950571287,0.0,97953200
2015-02-06,0.0,169.78697204589844,0.0,171.18293601095024,169.26657983067707,170.6212406255758,0.0,125672000
2015-02-09,0.0,169.02703857421875,0.0,169.86130713891177,168.622287680321,169.1426798861956,0.0,87219000
2015-02-10,0.0,170.82777404785156,0.0,171.08383610249103,169.06836204099815,170.05958788393312,0.0,96164200
2015-02-11,0.0,170.92689514160156,0.0,171.3564255088663,170.0182882386482,170.6625774875651,0.0,91087800
2015-02-12,0.0,172.57054138183594,0.0,172.62836831055031,170.95981942127494,171.71974945897676,0.0,97545900
2015-02-13,0.0,173.2809600830078,0.0,173.33051883320448,172.43842351780003,172.69449806707414,0.0,93670400
2015-02-17,0.0,173.5535888671875,0.0,173.72705713986363,172.7193202893553,172.9671141018099,0.0,76968200
2015-02-18,0.0,173.57008361816406,0.0,173.64442174946387,172.91752641065045,173.18185657165742,0.0,80652900
2015-02-19,0.0,173.4461669921875,0.0,173.80961464663997,172.83492557693128,172.97534624270514,0.0,91462500
2015-02-20,0.0,174.48695373535156,0.0,174.56129186467138,172.41365347753623,173.03316309644572,0.0,140896400
2015-02-23,0.0,174.46221923828125,0.0,174.46221923828125,173.85922064591023,174.2391921889939,0.0,74411100
2015-02-24,0.0,174.95779418945312,0.0,175.15604182724803,174.09047810454112,174.38784325925505,0.0,72472300
2015-02-25,0.0,174.8091583251953,0.0,175.31302682594247,174.4704899254886,174.8339377101534,0.0,73061700
2015-02-26,0.0,174.6025848388672,0.0,174.87517056775698,173.99958643679824,174.7182261234912,0.0,72697900
2015-02-27,0.0,174.00790405273438,0.0,174.76783451094943,173.95834528867053,174.50350429733115,0.0,108076000
2015-03-02,0.0,175.10647583007812,0.0,175.16429017790526,174.0574359382095,174.1069946946203,0.0,87491400
2015-03-03,0.0,174.3878936767578,0.0,175.1560924668457,173.52884553919984,174.67700332329895,0.0,110325800
2015-03-04,0.0,173.65269470214844,0.0,173.86746613042823,172.6862610867606,173.7931153877391,0.0,114497200
2015-03-05,0.0,173.8426971435547,0.0,174.12353853152536,173.33882872209776,173.97484964121526,0.0,76873000
2015-03-06,0.0,171.39773559570312,0.0,173.4132097803056,171.06733536385,172.98367939572782,0.0,188128000
2015-03-09,0.0,172.10806274414062,0.0,172.46324227095045,171.43899425580943,171.5959387365701,0.0,89818900
2015-03-10,0.0,169.31610107421875,0.0,170.82770601836518,169.27479791321812,170.74511230031905,0.0,157121300
2015-03-11,0.0,168.91966247558594,0.0,169.74567549502646,168.83705613205854,169.57220721520224,0.0,110145700
2015-03-12,0.0,171.0673065185547,0.0,171.13337647061587,169.497874171987,169.5474329380123,0.0,93993500
2015-03-13,0.0,170.0182342529297,0.0,171.75285375539067,168.98571814290895,170.79468838429833,0.0,162410900
2015-03-16,0.0,172.28977966308594,0.0,172.380641590183,170.0430234693745,170.74513950639326,0.0,136099200
2015-03-17,0.0,171.7776641845703,0.0,172.15762309564545,170.96816239253445,171.55463715174756,0.0,94510400
2015-03-18,0.0,173.8426971435547,0.0,174.51176564005567,170.67079772450302,171.30683124757832,0.0,228808500
2015-03-19,0.0,173.04971313476562,0.0,173.85094670509045,172.6614860397028,173.4296846377479,0.0,117917300
2015-03-20,0.0,174.57720947265625,0.931,175.08332706439776,173.813886863184,173.9964219067773,0.0,177715100
2015-03-23,0.0,174.23699951171875,0.0,175.15796701554652,174.23699951171875,174.5854719915161,0.0,71784500
2015-03-24,0.0,173.25799560546875,0.0,174.56891073329592,173.1916180726312,174.112585767895,0.0,77805300
2015-03-25,0.0,170.71908569335938,0.0,173.69771863356073,170.67761081709924,173.46540362154204,0.0,159521700
2015-03-26,0.0,170.31256103515625,0.0,171.22522364528578,169.358398223387,170.0553560026632,0.0,153067200
2015-03-27,0.0,170.70254516601562,0.0,170.87677514019603,170.00558728862822,170.19642747397884,0.0,118939000
2015-03-30,0.0,172.7850341796875,0.0,173.08372670196508,171.71472669332005,171.73131157884472,0.0,96180400
2015-03-31,0.0,171.27499389648438,0.0,172.66060427186957,171.21692146997367,171.963646532205,0.0,126768700
2015-04-01,0.0,170.66932678222656,0.0,171.26671193265366,169.6819815291534,171.24182193973758,0.0,137303600
2015-04-02,0.0,171.2832489013672,0.0,171.731281275616,170.42035391806584,170.6028889083713,0.0,86900900
2015-04-06,0.0,172.43655395507812,0.0,172.950963908092,170.26274398824668,170.39548636758687,0.0,114368200
2015-04-07,0.0,171.980224609375,0.0,173.20817713321736,171.94704217801407,172.46145215552548,0.0,81236300
2015-04-08,0.0,172.5610809326172,0.0,173.00082111978523,171.81435565710774,172.20431584727154,0.0,89351900
2015-04-09,0.0,173.3243408203125,0.0,173.55665582878575,171.90556078000932,172.3950807864195,0.0,85548900
2015-04-10,0.0,174.27015686035156,0.0,174.3116443863079,173.37409213281458,173.5732120010604,0.0,72722900
2015-04-13,0.0,173.4820098876953,0.0,174.75975527148466,173.43222990187343,174.12917502382024,0.0,74436600
2015-04-14,0.0,173.81385803222656,0.0,173.9963930455423,172.66057553548654,173.2828505371855,0.0,75099900
2015-04-15,0.0,174.59376525878906,0.0,175.09988276617088,174.19551280288417,174.27848786713062,0.0,99529300
2015-04-16,0.0,174.5440216064453,0.0,175.05013921914878,174.0627939861519,174.2619265856519,0.0,68934900
2015-04-17,0.0,172.53610229492188,0.0,173.5981172194862,171.75618231527255,173.35750980416844,0.0,191113200
2015-04-20,0.0,174.11256408691406,0.0,174.44443904955597,173.37413153385023,173.45709394440155,0.0,92189500
2015-04-21,0.0,173.90509033203125,0.0,174.95050756556392,173.60639788527695,174.79286257141376,0.0,72559800
2015-04-22,0.0,174.7596893310547,0.0,174.94222431700751,173.3242994269514,174.24526679781695,0.0,78264600
2015-04-23,0.0,175.19949340820312,0.0,175.84665853711883,174.24533060310532,174.36148812213582,0.0,102585900
2015-04-24,0.0,175.60604858398438,0.0,175.87155873444283,175.1580160303617,175.6143536888242,0.0,61327400
2015-04-27,0.0,174.8759002685547,0.0,176.29468040375724,174.68506012294367,176.17023044811464,0.0,79358100
2015-04-28,0.0,175.4318084716797,0.0,175.48158845695426,173.6811405816105,174.85102087644302,0.0,86863500
2015-04-29,0.0,174.70999145507812,0.0,175.3073640004478,173.90518118255187,174.54404127335286,0.0,125684900
2015-04-30,0.0,172.959228515625,0.0,174.52736065512593,172.2622710512356,174.13740073036303,0.0,161304900
2015-05-01,0.0,174.83444213867188,0.0,174.87592968427109,173.63967172265475,173.7392317039157,0.0,103399700
2015-05-04,0.0,175.33224487304688,0.0,175.91303245626554,175.14970982400388,175.25756223646033,0.0,70927200
2015-05-05,0.0,173.3243408203125,0.0,175.44838364955402,173.1832933266122,175.09160603354397,0.0,113326200
2015-05-06,0.0,172.61082458496094,0.0,174.17895746152567,171.54880933841025,173.87197243782254,0.0,135060200
2015-05-07,0.0,173.29949951171875,0.0,173.72265477190496,172.17941169055874,172.51128675011236,0.0,88244900
2015-05-08,0.0,175.58114624023438,0.0,175.78027883907203,174.8842011346324,174.96717621586973,0.0,155877300
2015-05-11,0.0,174.74313354492188,0.0,175.8051486295798,174.66846357652057,175.53965118852454,0.0,75708100
2015-05-12,0.0,174.2204132080078,0.0,174.75972583742453,173.09202063195485,173.91342824033026,0.0,119727600
2015-05-13,0.0,174.25364685058594,0.0,175.24928460026194,174.02133179766892,174.62700942418684,0.0,94667900
2015-05-14,0.0,176.0706787109375,0.0,176.16194623607984,174.99206595749692,175.26586853292397,0.0,95934000
2015-05-15,0.0,176.26145935058594,0.0,176.4025068228175,175.78023186050478,176.26145935058594,0.0,76510100
2015-05-18,0.0,176.80908203125,0.0,177.05798191288406,176.02916197488247,176.09553949672417,0.0,74549700
2015-05-19,0.0,176.7510223388672,0.0,177.19906751059696,176.46892732568597,176.92526494125534,0.0,72114600
2015-05-20,0.0,176.6265869140625,0.0,177.37331204809766,176.31129677913978,176.85059685814068,0.0,76857500
2015-05-21,0.0,177.14097595214844,0.0,177.34840098253736,176.31956827412938,176.48551842661584,0.0,64764600
2015-05-22,0.0,176.7177734375,0.0,177.17409822122025,176.6513959310899,176.7592483013183,0.0,57433500
2015-05-26,0.0,174.81785583496094,0.0,176.65149912254975,174.40300567272314,176.22834385452498,0.0,124308600
2015-05-27,0.0,176.4772491455078,0.0,176.70956421388289,174.86762855732204,175.2741862570893,0.0,93214000
2015-05-28,0.0,176.27810668945312,0.0,176.38595910443956,175.5894540174039,176.1702416142466,0.0,74974600
2015-05-29,0.0,175.1829071044922,0.0,176.25321483710226,174.91740961261766,176.2117399535306,0.0,124919600
2015-06-01,0.0,175.53965759277344,0.0,176.17851755936138,174.75143236349666,175.84664258087983,0.0,93338800
2015-06-02,0.0,175.3654327392578,0.0,176.0540854164766,174.46106257022674,175.0833377129909,0.0,91531000
2015-06-03,0.0,175.8300323486328,0.0,176.45230738355588,175.34051235961232,175.8964098715841,0.0,87820900
2015-06-04,0.0,174.3449249267578,0.0,175.78030287485055,174.0296347672078,175.12484522024155,0.0,151882800
2015-06-05,0.0,174.04615783691406,0.0,174.71821275448661,173.39068780258356,174.19549774738965,0.0,121704700
2015-06-08,0.0,172.97586059570312,0.0,174.08766826979198,172.90119063064117,173.93831567945017,0.0,89063300
2015-06-09,0.0,172.9509735107422,0.0,173.49028614130725,172.32040602815917,172.9509735107422,0.0,105034700
2015-06-10,0.0,175.0252227783203,0.0,175.40689037129914,173.65622276176234,173.71429518187028,0.0,134551300
2015-06-11,0.0,175.58946228027344,0.0,175.97111729320704,175.23268460099652,175.46499965066585,0.0,73876400
2015-06-12,0.0,174.24530029296875,0.0,175.4649603607381,173.97149776140645,174.76801536778927,0.0,135382400
2015-06-15,0.0,173.49859619140625,0.0,173.78069119959363,172.40338593342784,173.1086361141157,0.0,124384200
2015-06-16,0.0,174.44448852539062,0.0,174.5274636196936,173.17504807593085,173.34927804965645,0.0,85308200
2015-06-17,0.0,174.72654724121094,0.0,175.33223745113244,173.7060196267391,174.72654724121094,0.0,126708600
2015-06-18,0.0,176.54359436035156,0.0,177.00822441202155,174.75974412764305,175.3239341446082,0.0,165867900
2015-06-19,0.0,175.75982666015625,1.03,176.37679567828798,175.38464812718053,176.30176251605235,0.0,130478700
2015-06-22,0.0,176.66033935546875,0.0,177.24395207329624,176.4519053332587,176.67701763935042,0.0,70696000
2015-06-23,0.0,176.785400390625,0.0,177.11890247001577,176.39355612027157,176.86877909092357,0.0,68476800
2015-06-24,0.0,175.50140380859375,0.0,176.89374121005542,175.47639274978548,176.51856260613104,0.0,92307300
2015-06-25,0.0,174.96786499023438,0.0,176.12675770364896,174.89283179166455,176.00170237269924,0.0,97107400
2015-06-26,0.0,174.9344940185547,0.0,175.56812880012623,174.38422520408892,175.32633823537532,0.0,104174800
2015-06-29,0.0,171.26605224609375,0.0,174.9428311592116,171.19101905728778,173.45878205663925,0.0,202621300
2015-06-30,0.0,171.6245880126953,0.0,172.85018114556345,171.1493523105692,172.80014629128402,0.0,182925100
2015-07-01,0.0,173.00021362304688,0.0,173.44209266901464,172.21649977644702,173.19196933387408,0.0,135979900
2015-07-02,0.0,172.841796875,0.0,173.6421889804988,172.4249289021321,173.4754443357118,0.0,104373700
2015-07-06,0.0,172.3498992919922,0.0,173.1252676311306,171.35775146051736,171.55785267148914,0.0,117975400
2015-07-07,0.0,173.43374633789062,0.0,173.55880163478903,170.17383589953536,172.54998831500768,0.0,173820200
2015-07-08,0.0,170.52401733398438,0.0,172.3832449894244,170.29057227957045,172.0997778121791,0.0,164020100
2015-07-09,0.0,170.83248901367188,0.0,172.87515224406943,170.72411199229873,172.61668341636218,0.0,144113100
2015-07-10,0.0,172.98355102539062,0.0,173.40041904782046,170.87419984963972,172.82513914137888,0.0,129456900
2015-07-13,0.0,174.89280700683594,0.0,175.0011840376992,174.20080458943872,174.24249393444856,0.0,106069400
2015-07-14,0.0,175.65147399902344,0.0,175.95996493406554,174.79272703637704,174.85109465607158,0.0,81709600
2015-07-15,0.0,175.59310913085938,0.0,176.15171062773106,175.11787358650312,175.6931533625977,0.0,97914100
2015-07-16,0.0,177.00216674804688,0.0,177.00216674804688,176.40187577162789,176.6436536296121,0.0,106683300
2015-07-17,0.0,177.15223693847656,0.0,177.21060456995625,176.58530251623148,176.99382504937782,0.0,89030000
2015-07-20,0.0,177.24395751953125,0.0,177.735858773829,176.92714644686333,177.37735835107748,0.0,70446800
2015-07-21,0.0,176.54359436035156,0.0,177.36899756318357,176.24344889766735,177.11052872219872,0.0,77965000
2015-07-22,0.0,176.22674560546875,0.0,176.56024758434305,175.82655595261932,175.85989978960689,0.0,88667900
2015-07-23,0.0,175.234619140625,0.0,176.4602120277821,174.87611878188716,176.36016778288803,0.0,90509100
2015-07-24,0.0,173.41709899902344,0.0,175.39304937337204,173.08360966659248,175.33469446500777,0.0,117755000
2015-07-27,0.0,172.40829467773438,0.0,173.0419423003663,171.96641553132218,172.53336273463475,0.0,132361100
2015-07-28,0.0,174.52593994140625,0.0,174.66767351979433,172.41658910232414,173.24197951304296,0.0,123544800
2015-07-29,0.0,175.7265625,0.0,175.9516620887631,174.50930218850357,174.65103579980737,0.0,105791300
2015-07-30,0.0,175.7682647705078,0.0,175.93500945948728,174.60102650404292,175.2179958472517,0.0,91304400
2015-07-31,0.0,175.50140380859375,0.0,176.2934503550564,175.21793666089977,176.2684392962481,0.0,103266900
2015-08-03,0.0,174.90943908691406,0.0,175.5264081982769,173.95898072291158,175.46805330387474,0.0,113965700
2015-08-04,0.0,174.567626953125,0.0,175.29297311573126,174.08405860412074,174.83441582600307,0.0,81820800
2015-08-05,0.0,175.14291381835938,0.0,176.1767382349005,174.85943393213935,175.4597248225571,0.0,85786800
2015-08-06,0.0,173.70892333984375,0.0,175.43475046954953,173.12529788629934,175.32636070443925,0.0,116030800
2015-08-07,0.0,173.37535095214844,0.0,173.70050739381094,172.4749147932834,173.5504410615659,0.0,117858000
2015-08-10,0.0,175.55979919433594,0.0,175.64316516294912,174.4842726082692,174.4842726082692,0.0,80270700
2015-08-11,0.0,173.9757080078125,0.0,174.64269942277045,173.2170051142753,174.22583137864711,0.0,126081400
2015-08-12,0.0,174.18409729003906,0.0,174.36752020008473,171.21599961373644,172.6750373934088,0.0,172123700
2015-08-13,0.0,173.9673614501953,0.0,174.7093860011013,173.4254254026694,174.0257163564138,0.0,89383300
2015-08-14,0.0,174.60101318359375,0.0,174.67604637963953,173.63387625077044,173.77560986168024,0.0,72786500
2015-08-17,0.0,175.5764617919922,0.0,175.5764617919922,173.55048941147336,174.00904675741438,0.0,79072600
2015-08-18,0.0,175.06787109375,0.0,175.6514837139726,174.83442604566096,175.30131614183904,0.0,71692700
2015-08-19,0.0,173.68386840820312,0.0,175.09287138975742,172.87514356925766,174.32583589007928,0.0,172946000
2015-08-20,0.0,170.05711364746094,0.0,173.65884614356457,169.998746027617,172.17479724965054,0.0,194327900
2015-08-21,0.0,164.93795776367188,0.0,170.03208410082271,164.67950169657928,168.18952235257711,0.0,346588500
2015-08-24,0.0,157.99298095703125,0.0,164.64619105211446,152.07344993271698,156.31717608187415,0.0,507244300
2015-08-25,0.0,156.13372802734375,0.0,162.95368169086757,155.84191536900306,162.93700341049941,0.0,369833100
2015-08-26,0.0,162.12835693359375,0.0,162.40347870117805,157.05089349747942,160.1440605856455,0.0,339257000
2015-08-27,0.0,166.13851928710938,0.0,166.26357455548757,162.75355432383384,164.26261393065198,0.0,274143900
2015-08-28,0.0,166.1468505859375,0.0,166.61374054612466,165.01296951614123,165.4965377525629,0.0,160414400
2015-08-31,0.0,164.80458068847656,0.0,166.02184075075263,164.25431191833255,165.17142653523922,0.0,163298800
2015-09-01,0.0,159.8855743408203,0.0,162.38678262332616,159.01848167867516,161.01111043486603,0.0,256000400
2015-09-02,0.0,162.92037963867188,0.0,162.96206898938476,160.42750403896449,162.26172097409798,0.0,160269300
2015-09-03,0.0,163.03707885742188,0.0,165.12141887676555,162.54517766608922,163.62902429870644,0.0,152087800
2015-09-04,0.0,160.56919860839844,0.0,161.62804679436817,159.75214096468508,160.78597809066974,0.0,207081000
2015-09-08,0.0,164.60452270507812,0.0,164.75460182807,162.72028357771953,163.36226397812123,0.0,116025700
2015-09-09,0.0,162.40338134765625,0.0,166.30527127786237,162.03654830350857,166.18021600392544,0.0,149347700
2015-09-10,0.0,163.2871856689453,0.0,164.42939981290357,161.9532031029294,162.21165920366735,0.0,158611100
2015-09-11,0.0,164.0292205810547,0.0,164.0959209857846,162.1866584755701,162.8953391442491,0.0,119691200
2015-09-14,0.0,163.42059326171875,0.0,164.25432928458272,162.9370248418414,164.20430715869924,0.0,79452000
2015-09-15,0.0,165.4632568359375,0.0,165.90513591068714,163.3789167770044,163.92084010360617,0.0,113806200
2015-09-16,0.0,166.89720153808594,0.0,167.0889699032859,165.42149855105745,165.76333323149552,0.0,99581600
2015-09-17,0.0,166.52207946777344,0.0,169.15668815047755,166.14690083072153,166.76387002000322,0.0,276046600
2015-09-18,0.0,163.80084228515625,1.033,166.50780585133356,163.39019601063427,164.0187487536993,0.0,223657500
2015-09-21,0.0,164.64730834960938,0.0,165.669742422647,163.59972040089897,164.63054336180713,0.0,105726200
2015-09-22,0.0,162.51028442382812,0.0,162.9712258434925,161.37888391991953,162.48514332711403,0.0,153890900
2015-09-23,0.0,162.25039672851562,0.0,163.14712519772604,161.67212624126188,162.67780792921184,0.0,92790600
2015-09-24,0.0,161.66380310058594,0.0,162.12474445816738,159.70272109335767,161.03525019150445,0.0,159378800
2015-09-25,0.0,161.62188720703125,0.0,163.42373351263564,160.7502868003842,163.12202764694086,0.0,155054800
2015-09-28,0.0,157.5656280517578,0.0,160.8341106320066,157.2555460629324,160.72515737628274,0.0,178515900
2015-09-29,0.0,157.65780639648438,0.0,159.0154891991918,156.66050053114188,157.78352463470284,0.0,159045600
2015-09-30,0.0,160.5994873046875,0.0,160.76709888185067,158.76411048308307,159.5435100714665,0.0,163452000
2015-10-01,0.0,161.0184783935547,0.0,161.32018426471683,159.08253771523917,160.9765723137938,0.0,131079000
2015-10-02,0.0,163.42373657226562,0.0,163.44887766254922,158.495878269638,159.04063173097632,0.0,211003300
2015-10-05,0.0,166.331787109375,0.0,166.55806963514397,164.5383174630612,164.64727067693806,0.0,126320800
2015-10-06,0.0,165.761962890625,0.0,166.75926885770076,165.09989280505525,166.19776314261216,0.0,110274500
2015-10-07,0.0,167.11964416503906,0.0,167.4716322461538,165.50216142426532,166.6922200188745,0.0,124307300
2015-10-08,0.0,168.62818908691406,0.0,168.91313001848616,166.4324354447101,166.73414136871068,0.0,153055200
2015-10-09,0.0,168.72872924804688,0.0,169.20642276618494,168.10017639559013,168.77063532913212,0.0,107069200
2015-10-12,0.0,168.88795471191406,0.0,169.08908342854323,168.3767312439153,168.80414255469205,0.0,56395600
2015-10-13,0.0,167.8236083984375,0.0,169.4243260345395,167.6559968652406,168.1588314648313,0.0,88038700
2015-10-14,0.0,167.01905822753906,0.0,168.34321110380344,166.72574123600018,167.76494043382095,0.0,99106200
2015-10-15,0.0,169.5835723876953,0.0,169.59194848911545,167.31239568460623,167.68114875415054,0.0,134142200
2015-10-16,0.0,170.35455322265625,0.0,170.37130542131746,169.22315320406815,169.98580024510346,0.0,114580100
2015-10-19,0.0,170.4384307861328,0.0,170.4384307861328,169.39923132303,169.70931338373728,0.0,76523900
2015-10-20,0.0,170.2205047607422,0.0,170.8322926630684,169.7511873130431,170.00261102800798,0.0,78448500
2015-10-21,0.0,169.16452026367188,0.0,170.79036614497844,168.9968959484565,170.6395196068124,0.0,102038000
2015-10-22,0.0,172.0222930908203,0.0,172.231810651103,169.16448328739693,170.1114939640774,0.0,174911700
2015-10-23,0.0,173.907958984375,0.0,174.27671195318962,172.89390110807238,173.69006531550164,0.0,144442300
2015-10-26,0.0,173.48057556152344,0.0,173.7906575223188,173.1118225335832,173.7319992431136,0.0,69033000
2015-10-27,0.0,173.1453399658203,0.0,173.48056299169156,172.4664922383321,172.81010415201033,0.0,77905800
2015-10-28,0.0,175.11480712890625,0.0,175.1399482178146,172.81850242234762,173.4805724101665,0.0,135906700
2015-10-29,0.0,175.01425170898438,0.0,175.3830047490535,174.49465212776337,174.61198147797265,0.0,90525500
2015-10-30,0.0,174.26002502441406,0.0,175.52551989679264,174.10080234195664,175.20704895599116,0.0,131076900
2015-11-02,0.0,176.3216552734375,0.0,176.51440791141056,174.46113770568715,174.5868559557975,0.0,86270800
2015-11-03,0.0,176.83285522460938,0.0,177.3859847602942,175.74336114194094,175.9696437316192,0.0,95246100
2015-11-04,0.0,176.29647827148438,0.0,177.2518779531897,175.76011376224523,177.1261725166253,0.0,96224500
2015-11-05,0.0,176.12046813964844,0.0,176.8160680220549,175.23211566918215,176.35512680022677,0.0,78408700
2015-11-06,0.0,176.02830505371094,0.0,176.26297653576705,174.7041650460284,175.7768941585432,0.0,110471500
2015-11-09,0.0,174.38568115234375,0.0,175.56736342301136,173.43865755824206,175.41650410925396,0.0,131008700
2015-11-10,0.0,174.78799438476562,0.0,174.82152436849697,173.6398418068349,173.90801773697598,0.0,75874600
2015-11-11,0.0,174.10073852539062,0.0,175.10642038441057,174.03369136306415,175.05613820965038,0.0,67846000
2015-11-12,0.0,171.6703338623047,0.0,173.5308511321067,171.65358166199235,173.06153376457812,0.0,121315200
2015-11-13,0.0,169.7427215576172,0.0,171.5278150587749,169.6589222158706,171.25963926207612,0.0,153577100
2015-11-16,0.0,172.3240203857422,0.0,172.38269144815004,169.44105635054686,169.55839847536257,0.0,117645200
2015-11-17,0.0,172.19833374023438,0.0,173.51409767680042,171.703875251433,172.63413394816544,0.0,121123700
2015-11-18,0.0,174.9304656982422,0.0,175.07293615993984,172.63416053119036,172.6760538291458,0.0,121342500
2015-11-19,0.0,174.77952575683594,0.0,175.19856081605255,174.48619610021024,174.8130429348818,0.0,88220500
2015-11-20,0.0,175.4165496826172,0.0,176.09538480104044,175.0394204821534,175.53387905138243,0.0,94011500
2015-11-23,0.0,175.21543884277344,0.0,175.97807342374583,174.75449742266258,175.47523870103316,0.0,64931200
2015-11-24,0.0,175.45004272460938,0.0,175.85231293454058,173.82418410838238,174.2096893297508,0.0,98874400
2015-11-25,0.0,175.4248809814453,0.0,175.77686897218496,175.1650684470999,175.57572749693176,0.0,51980100
2015-11-27,0.0,175.62603759765625,0.0,175.82717910489592,175.03939085313215,175.51708434940895,0.0,37317800
2015-11-30,0.0,174.89688110351562,0.0,175.90256283779144,174.78792787975726,175.78523351525823,0.0,112822700
2015-12-01,0.0,176.56466674804688,0.0,176.6820088811428,175.2489028622171,175.52546763035855,0.0,97858400
2015-12-02,0.0,174.7628631591797,0.0,176.83289858748088,174.51143941876535,176.51442766375988,0.0,108441300
2015-12-03,0.0,172.315673828125,0.0,175.28243773375337,171.59493269576072,175.0142618268885,0.0,166224200
2015-12-04,0.0,175.6763153076172,0.0,175.9696450663858,172.31565756611263,172.31565756611263,0.0,192913900
2015-12-07,0.0,174.6120147705078,0.0,175.7685435036695,173.64822590694013,175.3495082033207,0.0,102027100
2015-12-08,0.0,173.4386749267578,0.0,174.56168624677528,172.45813404692703,173.05316968576795,0.0,103372400
2015-12-09,0.0,172.08938598632812,0.0,174.88853826661926,171.11722117910855,172.8017509958119,0.0,162401500
2015-12-10,0.0,172.53350830078125,0.0,173.84089576912808,171.9217206342726,172.15637926767144,0.0,116128900
2015-12-11,0.0,169.1896209716797,0.0,171.08365507491644,168.8795262928956,170.42158522442,0.0,211173300
2015-12-14,0.0,170.0445098876953,0.0,170.1702281432619,167.57220431685354,169.3489225829156,0.0,182385200
2015-12-15,0.0,171.82960510253906,0.0,172.7347228377243,170.01936963216863,171.55304028445954,0.0,154069600
2015-12-16,0.0,174.34376525878906,0.0,174.6454710813745,171.63680174288578,172.9525654775375,0.0,197017000
2015-12-17,0.0,171.6870880126953,0.0,174.7208985098075,171.6703230255021,174.6538513489731,0.0,173092500
2015-12-18,0.0,168.62850952148438,1.212,171.08179917599455,168.46832640071943,170.94691963686665,0.0,251393500
2015-12-21,0.0,170.01956176757812,0.0,170.19660966654243,168.6875281416203,169.80037124585664,0.0,99094300
2015-12-22,0.0,171.56239318847656,0.0,171.85746878921228,169.91843179707286,170.90480863191507,0.0,111026200
2015-12-23,0.0,173.68682861328125,0.0,173.72898408993737,172.4728229242392,172.5655598272645,0.0,110987200
2015-12-24,0.0,173.40023803710938,0.0,173.9482336918369,173.1810474936482,173.4339675755186,0.0,48539600
2015-12-28,0.0,173.0039520263672,0.0,173.0460946385875,171.9332646766393,172.70887655655358,0.0,65899900
2015-12-29,0.0,174.8502197265625,0.0,175.1790118238626,174.06618198070987,174.0998986396959,0.0,92640700
2015-12-30,0.0,173.61094665527344,0.0,174.69007284761014,173.46762832336478,174.60576189281886,0.0,63317700
2015-12-31,0.0,171.87428283691406,0.0,173.57726411896667,171.87428283691406,172.9365444743356,0.0,114877900
2016-01-04,0.0,169.4715118408203,0.0,169.47993778922142,167.422874343536,169.02469215873788,0.0,222353500
2016-01-05,0.0,169.7581787109375,0.0,170.21342442255937,168.65377466351708,169.7918953745946,0.0,110845800
2016-01-06,0.0,167.61685180664062,0.0,168.66223583088512,166.5883196857206,167.21217457398305,0.0,152112600
2016-01-07,0.0,163.59539794921875,0.0,166.45336388828252,163.20758563161553,164.6745110972754,0.0,213436100
2016-01-08,0.0,161.79974365234375,0.0,165.1129693840645,161.513106924341,164.5565478315544,0.0,209817200
2016-01-11,0.0,161.95986938476562,0.0,163.05584733382375,160.02927226678258,162.7186164227053,0.0,187941300
2016-01-12,0.0,163.26661682128906,0.0,164.01693793340905,161.14210704043757,163.40150918986092,0.0,172330500
2016-01-13,0.0,159.19467163085938,0.0,164.2783112341863,158.81529803706786,163.93265430613445,0.0,221168900
2016-01-14,0.0,161.80810546875,0.0,162.9293740810844,158.20825729993481,159.80163630397985,0.0,240795600
2016-01-15,0.0,158.33473205566406,0.0,159.13563463917376,156.40413476008618,157.45795733418973,0.0,324846400
2016-01-19,0.0,158.5455780029297,0.0,160.27385048494673,156.97748869269714,160.14739685672302,0.0,195244400
2016-01-20,0.0,156.5137176513672,0.0,158.07338014777642,152.61036773180177,155.99102579083947,0.0,286547800
2016-01-21,0.0,157.39051818847656,0.0,159.22837866520982,155.66224651680315,156.98585390384602,0.0,195772900
2016-01-22,0.0,160.61947631835938,0.0,160.82180208417086,159.23686117443438,159.99560852432583,0.0,168319600
2016-01-25,0.0,158.1914520263672,0.0,160.30752363639772,157.9975522277229,160.11362383775347,0.0,130371700
2016-01-26,0.0,160.3496551513672,0.0,160.62786588037858,158.51179458668403,158.84901269600596,0.0,141036800
2016-01-27,0.0,158.6045379638672,0.0,161.4962213181551,157.70245954537472,159.82696974006484,0.0,185681700
2016-01-28,0.0,159.4307098388672,0.0,160.34964003457762,157.78674919882445,160.147314333677,0.0,143798800
2016-01-29,0.0,163.3172149658203,0.0,163.452107348204,160.07987497288508,160.1979025914594,0.0,210529300
2016-02-01,0.0,163.25820922851562,0.0,164.04226001473677,161.73227600136582,162.31398819603547,0.0,136061600
2016-02-02,0.0,160.31593322753906,0.0,161.84186634784507,159.79322845197512,161.8334403978046,0.0,182564900
2016-02-03,0.0,161.27706909179688,0.0,161.68173350831097,157.73622650318634,161.36980602725322,0.0,205054900
2016-02-04,0.0,161.5299072265625,0.0,162.49941871660846,160.14729271287396,160.77958617091525,0.0,139531800
2016-02-05,0.0,158.45272827148438,0.0,161.58890465969674,157.8204348523132,161.015631467722,0.0,180788300
2016-02-08,0.0,156.31983947753906,0.0,156.90997760538158,154.11103125730858,156.61491497348354,0.0,191526700
2016-02-09,0.0,156.3282928466797,0.0,157.60131910006854,154.44827645822463,154.58316887226096,0.0,184513100
2016-02-10,0.0,156.19337463378906,0.0,158.7815562592034,156.0669082029163,157.15446033381306,0.0,148214100
2016-02-11,0.0,154.16160583496094,0.0,155.20700251784558,152.66938938485407,153.72321201774534,0.0,219058900
2016-02-12,0.0,157.33995056152344,0.0,157.3568024628288,155.08898678876355,155.9320449597169,0.0,127632400
2016-02-16,0.0,159.9955596923828,0.0,160.02085040539032,158.18298998527018,159.14407567169118,0.0,120250700
2016-02-17,0.0,162.60903930664062,0.0,162.97998690347998,161.03251202007326,161.15897844483843,0.0,136009500
2016-02-18,0.0,161.94308471679688,0.0,162.93790031655604,161.63115722577803,162.87888005390369,0.0,102343000
2016-02-19,0.0,161.86712646484375,0.0,162.0188707211637,160.5603840690116,161.16738682237823,0.0,114793000
2016-02-22,0.0,164.21087646484375,0.0,164.3541948162909,163.37624420918957,163.44369040940836,0.0,103640300
2016-02-23,0.0,162.136962890625,0.0,163.82307932901813,162.01892239045185,163.5532945241324,0.0,111455300
2016-02-24,0.0,162.87884521484375,0.0,163.1570559705891,159.60778807514922,160.7121922829566,0.0,150812200
2016-02-25,0.0,164.85159301757812,0.0,164.86003183247877,162.5669125237012,163.32565975002663,0.0,110728300
2016-02-26,0.0,164.4722137451172,0.0,165.81267313539044,164.312030636082,165.71994908705076,0.0,129833700
2016-02-29,0.0,163.182373046875,0.0,165.4333373098158,162.98847322726425,164.4891160692248,0.0,125918100
2016-03-01,0.0,167.01829528808594,0.0,167.10260627125754,163.9326985463245,164.4048091783656,0.0,141799700
2016-03-02,0.0,167.7685546875,0.0,167.81913611307817,166.29320307592653,166.70630615822336,0.0,102415000
2016-03-03,0.0,168.42617797851562,0.0,168.44304274563157,167.0182722294656,167.5915456709263,0.0,95172200
2016-03-04,0.0,168.97413635253906,0.0,169.74976115952904,167.7938601054609,168.62005347841563,0.0,129293600
2016-03-07,0.0,169.10906982421875,0.0,169.51374709070924,167.97937473271065,168.05524689615908,0.0,100219000
2016-03-08,0.0,167.2627410888672,0.0,168.54419314985492,167.10257083728501,168.0383659502354,0.0,123974900
2016-03-09,0.0,168.0889434814453,0.0,168.43458755741102,167.2880279218925,168.0720787159687,0.0,94801200
2016-03-10,0.0,168.22381591796875,0.0,169.5137067095646,166.40282010875242,168.57791165780847,0.0,156838700
2016-03-11,0.0,170.9384765625,0.0,170.98063204544795,168.20697621851687,169.67388925834564,0.0,137964500
2016-03-14,0.0,170.71922302246094,0.0,171.17446862367547,170.10379436362052,170.43258642673172,0.0,73612000
2016-03-15,0.0,170.44107055664062,0.0,170.74457201573492,169.49684951236813,169.75819548969022,0.0,93169100
2016-03-16,0.0,171.42742919921875,0.0,171.83210634515947,169.91836087595732,169.96051635333183,0.0,129303200
2016-03-17,0.0,172.51499938964844,0.0,173.02082657892635,170.94691066119776,171.34314903469127,0.0,134278500
2016-03-18,0.0,173.19287109375,1.05,173.53182837771635,172.70137398072472,173.01491011491316,0.0,138372400
2016-03-21,0.0,173.43865966796875,0.0,173.66746300768244,172.70142026604074,172.93022360575443,0.0,72926700
2016-03-22,0.0,173.34544372558594,0.0,173.91320443773537,172.5065197008016,172.66751604840624,0.0,97471900
2016-03-23,0.0,172.20143127441406,0.0,173.15052214507975,172.0319396786009,172.96409173399994,0.0,81052500
2016-03-24,0.0,172.12515258789062,0.0,172.1590560787583,170.95574076081914,171.17606172988638,0.0,84360900
2016-03-28,0.0,172.22683715820312,0.0,172.7522248535421,171.77771291598262,172.54037330795157,0.0,62408200
2016-03-29,0.0,173.8199462890625,0.0,173.93011322688284,171.51500051418233,171.82006724704564,0.0,92922900
2016-03-30,0.0,174.58265686035156,0.0,175.3029444872904,174.21826541228114,174.8199295998602,0.0,86365300
2016-03-31,0.0,174.15895080566406,0.0,174.91314191454202,173.99794153572478,174.48943875381522,0.0,94584100
2016-04-01,0.0,175.34532165527344,0.0,175.5317520880499,172.85394489943778,173.16749404386812,0.0,114423500
2016-04-04,0.0,174.77757263183594,0.0,175.4724520968894,174.47250580602636,175.26906990288444,0.0,63497000
2016-04-05,0.0,173.0319061279297,0.0,174.78603056334993,172.7776816347166,173.43865755883377,0.0,99662200
2016-04-06,0.0,174.92156982421875,0.0,174.98089445923551,172.8538968215459,173.03185779620497,0.0,91839800
2016-04-07,0.0,172.8285369873047,0.0,174.1928618424129,172.09976694798488,173.83695269721892,0.0,113859000
2016-04-08,0.0,173.29458618164062,0.0,174.4385898444838,172.76071608159464,174.0064043614394,0.0,95040600
2016-04-11,0.0,172.88780212402344,0.0,174.62498727520418,172.79458693258277,173.9301080425753,0.0,83757500
2016-04-12,0.0,174.49790954589844,0.0,174.7775551858431,172.61666646292107,173.05732137408188,0.0,115350600
2016-04-13,0.0,176.26055908203125,0.0,176.3453049075951,175.2775643992399,175.41315254798303,0.0,96336400
2016-04-14,0.0,176.2689971923828,0.0,176.76897678579215,175.92157040221767,176.3198524369293,0.0,65212900
2016-04-15,0.0,176.07411193847656,0.0,176.40459993824712,175.75209334830146,176.2690118023422,0.0,75761600
2016-04-18,0.0,177.31134033203125,0.0,177.34523090258335,175.41314512118754,176.07412115532838,0.0,82531000
2016-04-19,0.0,177.87057495117188,0.0,178.12479942403957,177.0570721544678,177.73499977198375,0.0,88316100
2016-04-20,0.0,178.04006958007812,0.0,178.7349360253094,177.4384054150759,177.91295087628632,0.0,81100300
2016-04-21,0.0,177.08255004882812,0.0,178.16722941224492,176.81137374277495,178.05706242161108,0.0,85695000
2016-04-22,0.0,177.08255004882812,0.0,177.35371342448335,176.1843011632234,176.7266408449318,0.0,99251700
2016-04-25,0.0,176.77740478515625,0.0,176.81977768048833,175.87067396054059,176.48080744822406,0.0,66166500
2016-04-26,0.0,177.0400848388672,0.0,177.5485336824496,176.56553948106557,177.14176943542716,0.0,75864200
2016-04-27,0.0,177.4044647216797,0.0,177.7942642702134,176.30283425208415,176.65874324741986,0.0,77329400
2016-04-28,0.0,175.79444885253906,0.0,177.75195549817673,175.37922800673414,176.65033756160483,0.0,97216200
2016-04-29,0.0,174.84536743164062,0.0,175.52329515077844,173.74373650434114,175.1758554167909,0.0,142424100
2016-05-02,0.0,176.23504638671875,0.0,176.41299442542282,174.913094949068,175.34526740202588,0.0,62188000
2016-05-03,0.0,174.70132446289062,0.0,175.24366409735376,173.95560261660503,175.00639131542593,0.0,106422100
2016-05-04,0.0,173.726806640625,0.0,174.43863794710984,173.22683989530623,173.70986782004962,0.0,92243800
2016-05-05,0.0,173.69285583496094,0.0,174.54873147151844,173.2691527203575,174.1928224068987,0.0,67619200
2016-05-06,0.0,174.32838439941406,0.0,174.37075729060723,172.76916027447746,172.92168716630363,0.0,89315000
2016-05-09,0.0,174.47250366210938,0.0,174.90467627236418,174.02337930329685,174.20134033716386,0.0,74374900
2016-05-10,0.0,176.64186096191406,0.0,176.65881271037375,175.1080574513968,175.1758515148401,0.0,77472200
2016-05-11,0.0,174.9894256591797,0.0,176.71812906590588,174.9894256591797,176.1842718141911,0.0,81727000
2016-05-12,0.0,175.0402374267578,0.0,175.8283319833032,174.03182189449538,175.6588403846355,0.0,89586300
2016-05-13,0.0,173.51495361328125,0.0,175.29451246957413,173.1929479297748,174.74370340616778,0.0,96474600
2016-05-16,0.0,175.22665405273438,0.0,175.70119945871832,173.62505684234227,173.68438148328653,0.0,77486800
2016-05-17,0.0,173.59115600585938,0.0,175.24359542185923,173.0657553971476,174.9554804324832,0.0,114924900
2016-05-18,0.0,173.64202880859375,0.0,174.81992305361686,172.557349774201,173.24374681139082,0.0,120062100
2016-05-19,0.0,173.04042053222656,0.0,173.32853566526902,171.8371047438744,172.92178412859744,0.0,115430500
2016-05-20,0.0,174.133544921875,0.0,174.65046334051098,173.59967475481287,173.65051706969587,0.0,104990400
2016-05-23,0.0,173.89625549316406,0.0,174.4301126786471,173.7098250695369,174.15046704320636,0.0,58682600
2016-05-24,0.0,176.15045166015625,0.0,176.46400097645113,174.68444148103276,174.70986265121857,0.0,93537800
2016-05-25,0.0,177.3451690673828,0.0,177.7604027616489,176.15032321827653,176.8282507665179,0.0,76621400
2016-05-26,0.0,177.39610290527344,0.0,177.70965215472893,177.08256658621715,177.4808487414288,0.0,55280700
2016-05-27,0.0,178.1587371826172,0.0,178.16720659219732,177.5062305938494,177.55707291212292,0.0,64211200
2016-05-31,0.0,177.81973266601562,0.0,178.5400331841697,177.26044141171204,178.42986622882066,0.0,109879400
2016-06-01,0.0,178.18411254882812,0.0,178.36206061705306,177.01468780749235,177.20958762091732,0.0,69936200
2016-06-02,0.0,178.72647094726562,0.0,178.74340976386634,177.3113039374439,177.7858494101513,0.0,63044700
2016-06-03,0.0,178.192626953125,0.0,178.5400667002992,176.98931134792298,178.16720579410213,0.0,101757100
2016-06-06,0.0,179.09934997558594,0.0,179.45525911623767,178.3875187638868,178.54852805069498,0.0,64887000
2016-06-07,0.0,179.37901306152344,0.0,179.93830449020135,179.22648608846464,179.2519072506411,0.0,60974800
2016-06-08,0.0,179.96371459960938,0.0,180.09083333308234,179.38748438513582,179.51459018821174,0.0,66170900
2016-06-09,0.0,179.71791076660156,0.0,179.83654711891666,178.9637197560857,179.23488301978054,0.0,73786900
2016-06-10,0.0,178.01463317871094,0.0,178.68407841192564,177.47228077761466,178.3451210916334,0.0,113829200
2016-06-13,0.0,176.64186096191406,0.0,178.26887969336636,176.55712808040656,177.41300388688646,0.0,117751200
2016-06-14,0.0,176.29443359375,0.0,176.88762845786226,175.34534249980456,176.2605430248504,0.0,125059300
2016-06-15,0.0,176.0487060546875,0.0,177.41303108091927,175.8622755842411,176.29444825824095,0.0,109124500
2016-06-16,0.0,176.5740509033203,0.0,176.74354251177266,174.21826236624872,176.04866312222205,0.0,149533100
2016-06-17,0.0,175.9164581298828,1.078,176.49568484208004,175.2605583547816,176.4701314869912,0.0,117055700
2016-06-20,0.0,177.04937744140625,0.0,178.5485639825912,176.96419092301392,177.87563727878802,0.0,82789600
2016-06-21,0.0,177.5519256591797,0.0,177.96079231018012,176.98972589053128,177.43267234440304,0.0,72461700
2016-06-22,0.0,177.26234436035156,0.0,178.4548777236498,177.1175246684293,177.73083125459377,0.0,95560500
2016-06-23,0.0,179.57078552246094,0.0,179.6218922481897,178.25899857073762,178.71897209993787,0.0,102731400
2016-06-24,0.0,173.12254333496094,0.0,179.60484320130777,172.67959677050362,173.454750008894,0.0,333444400
2016-06-27,0.0,170.0218963623047,0.0,171.7255225262651,169.21266353631458,171.71699607695817,0.0,230775800
2016-06-28,0.0,173.08843994140625,0.0,173.11399329763964,171.31666692260927,171.62332019504794,0.0,159382400
2016-06-29,0.0,176.03573608398438,0.0,176.26571631196322,174.383216236283,174.48542967094025,0.0,137328600
2016-06-30,0.0,178.4378204345703,0.0,178.4889271454984,175.9505275208487,176.504213883724,0.0,165021900
2016-07-01,0.0,178.81259155273438,0.0,179.2981312237359,178.27594517902435,178.43779173602485,0.0,106055300
2016-07-05,0.0,177.52642822265625,0.0,178.09714162296606,176.93016146096247,177.98640172520842,0.0,109803700
2016-07-06,0.0,178.59112548828125,0.0,178.71037879424458,176.37640638023626,177.03230606185224,0.0,96021500
2016-07-07,0.0,178.4803924560547,0.0,179.43441894022916,177.7137658880768,178.77000578194537,0.0,85593800
2016-07-08,0.0,181.13807678222656,0.0,181.38510989572447,179.54519021349057,179.77518342317939,0.0,133971000
2016-07-11,0.0,181.7769775390625,0.0,182.34770396496492,181.393664101889,181.5981040006141,0.0,73633900
2016-07-12,0.0,183.0972442626953,0.0,183.39538408097252,181.80248456273526,182.7394842793454,0.0,101275600
2016-07-13,0.0,183.0717010498047,0.0,183.52316102982908,182.58617425894235,183.51464757652928,0.0,87324100
2016-07-14,0.0,184.0938720703125,0.0,184.56237194878827,183.70204526114256,184.33237873614772,0.0,91230900
2016-07-15,0.0,183.84681701660156,0.0,184.8519502033913,183.40387057951722,184.65603683603393,0.0,107155400
2016-07-18,0.0,184.34091186523438,0.0,184.50275846526557,183.71056536975473,183.96611194887564,0.0,58725900
2016-07-19,0.0,184.15354919433594,0.0,184.18761601288506,183.67653574879907,183.9235559267944,0.0,54345700
2016-07-20,0.0,184.920166015625,0.0,185.15867272540063,184.1535391624378,184.1535391624378,0.0,58159500
2016-07-21,0.0,184.22166442871094,0.0,185.03088445714766,183.77871787722287,184.8094176802233,0.0,67777300
2016-07-22,0.0,185.0478973388672,0.0,185.0990040493372,184.07683084702495,184.34089084954488,0.0,62787500
2016-07-25,0.0,184.54537963867188,0.0,184.8946262743001,183.9661527287301,184.84351954667486,0.0,55873100
2016-07-26,0.0,184.6304931640625,0.0,184.98825311359136,183.78719349883522,184.44309323845644,0.0,70080500
2016-07-27,0.0,184.4346466064453,0.0,185.07350667583995,183.66800672458692,185.00536004205424,0.0,84083900
2016-07-28,0.0,184.64756774902344,0.0,184.93718114385538,183.77871456688854,184.23868801764283,0.0,65035700
2016-07-29,0.0,184.9456787109375,0.0,185.3034386969352,184.1023919573851,184.38349187444857,0.0,79519400
2016-08-01,0.0,184.7924041748047,0.0,185.39718442026862,184.34094410504446,185.00535752837618,0.0,73311400
2016-08-02,0.0,183.60838317871094,0.0,184.69870330401844,182.77360967600637,184.5453701314002,0.0,92295500
2016-08-03,0.0,184.1449432373047,0.0,184.2045763910711,183.25054991189612,183.54867668782032,0.0,53993600
2016-08-04,0.0,184.34091186523438,0.0,184.65607861415472,182.5009920927308,184.25572533964777,0.0,46585500
2016-08-05,0.0,185.84857177734375,0.0,185.8911650309218,184.3408719822423,184.3408719822423,0.0,71892200
2016-08-08,0.0,185.7378387451172,0.0,186.13819191970643,185.4737787783957,186.03596551498777,0.0,39906500
2016-08-09,0.0,185.84857177734375,0.0,186.34262492404972,185.52489164495,185.8059915214018,0.0,51251700
2016-08-10,0.0,185.38864135742188,0.0,186.0360147697383,185.0393947939079,185.95935469412962,0.0,57941100
2016-08-11,0.0,186.2489471435547,0.0,186.49598024514216,185.65268051536748,185.91674052230485,0.0,72504300
2016-08-12,0.0,186.08706665039062,0.0,186.30001989232443,185.68671351574434,185.94224700795738,0.0,61313500
2016-08-15,0.0,186.6237335205078,0.0,186.97298001947587,186.44486004381267,186.45337349587163,0.0,49813500
2016-08-16,0.0,185.66123962402344,0.0,186.27453326544062,185.66123962402344,186.2063996367809,0.0,53213600
2016-08-17,0.0,186.01048278808594,0.0,186.14677604770182,184.86054252888354,185.69531599815977,0.0,75134300
2016-08-18,0.0,186.42784118652344,0.0,186.46190799624154,185.87416779454654,185.984894674359,0.0,52989300
2016-08-19,0.0,186.15525817871094,0.0,186.33414467656135,185.47381799057598,185.95934477450407,0.0,75443000
2016-08-22,0.0,186.146728515625,0.0,186.3767217077936,185.5504619041114,185.91673532345644,0.0,61368800
2016-08-23,0.0,186.5215606689453,0.0,187.05820721101114,186.46192749865375,186.76006735483244,0.0,53399200
2016-08-24,0.0,185.56748962402344,0.0,186.47040943327224,185.15009652454734,186.37670947206888,0.0,71728900
2016-08-25,0.0,185.43972778320312,0.0,185.85712092302123,185.03086109372353,185.18418122816422,0.0,69224800
2016-08-26,0.0,185.09048461914062,0.0,186.64930433578445,184.20460460957435,185.627131094704,0.0,122506300
2016-08-29,0.0,186.00192260742188,0.0,186.26598260806702,185.1841762527955,185.2182560579585,0.0,70502200
2016-08-30,0.0,185.69529724121094,0.0,186.19786396293492,185.14162380170342,185.9167640174861,0.0,58114500
2016-08-31,0.0,185.16717529296875,0.0,185.48234204788133,184.3920220873651,185.3630887083761,0.0,85269500
2016-09-01,0.0,185.1756591796875,0.0,185.46527252972356,184.0171927819061,185.15861927743916,0.0,97844200
2016-09-02,0.0,186.01048278808594,0.0,186.4363894761551,185.43976938579013,186.0275226949481,0.0,79293900
2016-09-06,0.0,186.57257080078125,0.0,186.64923083920746,185.57595130834227,186.2914709955857,0.0,56702100
2016-09-07,0.0,186.55557250976562,0.0,186.73445897028816,185.9507925193483,186.41076585012152,0.0,76554900
2016-09-08,0.0,186.12973022460938,0.0,186.49601672347939,185.8230768990411,186.22343021291192,0.0,74102900
2016-09-09,0.0,181.67474365234375,0.0,184.86904359887217,181.64919029258272,184.81793687935007,0.0,221589100
2016-09-12,0.0,184.28128051757812,0.0,184.68163379603857,180.8484740642897,180.91662068590415,0.0,168110900
2016-09-13,0.0,181.63214111328125,0.0,183.26762104268442,181.01032106144442,183.00356100687588,0.0,182828800
2016-09-14,0.0,181.5640106201172,0.0,182.88432391408446,181.0103371408601,181.68326396938673,0.0,134185500
2016-09-15,0.0,183.37832641601562,0.0,183.76163971836084,181.22324027418756,181.40212674735488,0.0,134427900
2016-09-16,0.0,182.66952514648438,1.082,182.94348862446228,181.98464257813484,182.76369845912708,0.0,155236400
2016-09-19,0.0,182.7037353515625,0.0,183.96222703135763,182.3784070616497,183.32013997282112,0.0,80250500
2016-09-20,0.0,182.71229553222656,0.0,183.71394979635636,182.67805663625666,183.55985516954945,0.0,69665300
2016-09-21,0.0,184.7669677734375,0.0,184.94674482420382,182.72940744279296,183.4143028791124,0.0,110284400
2016-09-22,0.0,185.9312744140625,0.0,186.23092025195749,185.52891189540338,185.77717979797526,0.0,76678700
2016-09-23,0.0,184.91249084472656,0.0,185.67443352635397,184.81831756662461,185.537451837607,0.0,73630900
2016-09-26,0.0,183.41432189941406,0.0,184.2618684960777,183.21740578661957,184.08209142666828,0.0,89827300
2016-09-27,0.0,184.55299377441406,0.0,184.64715402497092,182.88355656850902,183.25169336386733,0.0,78494800
2016-09-28,0.0,185.46897888183594,0.0,185.62308656236328,183.8166811905737,184.77552697769812,0.0,87411000
2016-09-29,0.0,183.79092407226562,0.0,185.66581966644634,183.24301051142058,185.26344421640346,0.0,128070600
2016-09-30,0.0,185.1779022216797,0.0,185.87991058216204,184.37315105327025,184.62141895723138,0.0,117202900
2016-10-03,0.0,184.73268127441406,0.0,184.95526669769765,184.09915082820336,184.76693322463706,0.0,83512100
2016-10-04,0.0,183.79092407226562,0.0,185.0665412504111,183.20021517428856,184.84395585682364,0.0,119948100
2016-10-05,0.0,184.60433959960938,0.0,185.0323976977853,184.3475021280445,184.41599299134825,0.0,72816000
2016-10-06,0.0,184.73268127441406,0.0,184.95526669769765,183.84232651798825,184.38167063273147,0.0,62927400
2016-10-07,0.0,184.0991668701172,0.0,185.17788132018285,183.3714761556129,185.00666074402258,0.0,89788300
2016-10-10,0.0,185.05799865722656,0.0,185.520295451856,184.91246053552302,185.05799865722656,0.0,51855000
2016-10-11,0.0,182.7208709716797,0.0,184.69851033087284,181.99318005289527,184.6300194685232,0.0,130367400
2016-10-12,0.0,182.96055603027344,0.0,183.48278731258375,182.36126437989276,182.85781322727746,0.0,73866100
2016-10-13,0.0,182.36126708984375,0.0,182.8578159446073,180.82026871823211,181.63357631731463,0.0,101357000
2016-10-14,0.0,182.45545959472656,0.0,183.79956814610816,182.37841228068805,183.33725813528716,0.0,93346200
2016-10-17,0.0,181.82188415527344,0.0,182.68655644078692,181.64209408312584,182.42971907912928,0.0,58275700
2016-10-18,0.0,182.96055603027344,0.0,183.47421779207957,182.5838629003062,183.41429646501757,0.0,76869700
2016-10-19,0.0,183.4485321044922,0.0,183.75673438142863,182.86637950544184,183.2259466513188,0.0,66519200
2016-10-20,0.0,183.10614013671875,0.0,183.66261045082263,182.44692699383353,183.09757061406387,0.0,73639800
2016-10-21,0.0,183.1917266845703,0.0,183.27734352328338,182.14726395608955,183.10612290915276,0.0,89089100
2016-10-24,0.0,183.97079467773438,0.0,184.33893140659717,183.6197839291966,184.06496797457876,0.0,60146600
2016-10-25,0.0,183.3543243408203,0.0,184.0477760676888,183.1916602442382,183.79093870799545,0.0,66542300
2016-10-26,0.0,182.98626708984375,0.0,183.56841979028252,182.29280204849215,182.53252658412072,0.0,75705500
2016-10-27,0.0,182.49830627441406,0.0,183.7396722707094,182.42125894422213,183.7054333672789,0.0,77220200
2016-10-28,0.0,181.95892333984375,0.0,183.14892428259796,181.24835842102084,182.4725982624079,0.0,140623200
2016-10-31,0.0,181.96749877929688,0.0,182.51541261831122,181.8048346130854,182.2928140484234,0.0,61272500
2016-11-01,0.0,180.6490478515625,0.0,182.34416708158656,179.44193411679908,182.2927891440418,0.0,122781800
2016-11-02,0.0,179.5618438720703,0.0,180.72616260414847,179.12521618297944,180.34089980476278,0.0,103330800
2016-11-03,0.0,178.73992919921875,0.0,179.98986452919675,178.465978823447,179.77583549116116,0.0,88939300
2016-11-04,0.0,178.54296875,0.0,179.6901608899193,178.39743061851397,178.85117098823267,0.0,109122100
2016-11-07,0.0,182.4811248779297,0.0,182.51537683425684,178.54299901440498,178.54299901440498,0.0,109794900
2016-11-08,0.0,183.30303955078125,0.0,183.86807937626546,181.82196218697854,182.08735611804934,0.0,106772100
2016-11-09,0.0,185.2463836669922,0.0,185.8627882300816,181.78766772262458,181.81335015747885,0.0,258429000
2016-11-10,0.0,185.708740234375,0.0,186.898741330434,184.25334518400967,186.03406859812992,0.0,172113300
2016-11-11,0.0,185.28060913085938,0.0,185.52032054765516,184.3388894401023,184.9895328480777,0.0,100552700
2016-11-14,0.0,185.42617797851562,0.0,186.00834370377714,184.68136117179486,185.80287114251522,0.0,94580000
2016-11-15,0.0,186.87301635742188,0.0,186.87301635742188,185.60596822040515,185.81142771850293,0.0,91652600
2016-11-16,0.0,186.5220184326172,0.0,186.75317344713747,186.1367687839471,186.25662452049548,0.0,65617700
2016-11-17,0.0,187.4808807373047,0.0,187.5408020750015,186.56483018473205,186.67612946469208,0.0,69797200
2016-11-18,0.0,187.06134033203125,0.0,187.72055328977922,186.88155022962977,187.54933270762592,0.0,86265800
2016-11-21,0.0,188.47398376464844,0.0,188.49966620661488,187.48945532047617,187.63499351271832,0.0,72402600
2016-11-22,0.0,188.842041015625,0.0,189.02181803368472,188.11433729755825,188.7821066340774,0.0,67429000
2016-11-23,0.0,188.94480895996094,0.0,188.9961738326538,188.13150132797097,188.32840436105832,0.0,56620200
2016-11-25,0.0,189.64683532714844,0.0,189.6810742220705,189.21020777130136,189.2872681456414,0.0,37872300
2016-11-28,0.0,188.75643920898438,0.0,189.61255515086893,188.65370947621184,189.338604842378,0.0,76572500
2016-11-29,0.0,189.12460327148438,0.0,189.5783437413918,188.49107267987097,188.7907185282828,0.0,69886700
2016-11-30,0.0,188.6708526611328,0.0,189.9036618200159,188.61091826935393,189.7409976860947,0.0,113291800
2016-12-01,0.0,187.9773712158203,0.0,188.97045571472006,187.61779104827826,188.97045571472006,0.0,79040500
2016-12-02,0.0,188.071533203125,0.0,188.55952553277262,187.71196609547022,188.06297674697552,0.0,74840300
2016-12-05,0.0,189.20169067382812,0.0,189.5441319474664,188.7051416827446,188.90204476192173,0.0,67837800
2016-12-06,0.0,189.8009490966797,0.0,189.83520105835166,188.91059404264573,189.39001699968676,0.0,59877400
2016-12-07,0.0,192.28366088867188,0.0,192.34358221640227,189.5269662940269,189.6468220127813,0.0,110738100
2016-12-08,0.0,192.7544708251953,0.0,193.22533713684425,191.99252827117817,192.25793514740985,0.0,99714400
2016-12-09,0.0,193.9188232421875,0.0,193.93594921927246,192.94285156103166,192.9771035152016,0.0,88005800
2016-12-12,0.0,193.69625854492188,0.0,194.304106695277,193.27675697280102,193.82467072858418,0.0,102016100
2016-12-13,0.0,194.98898315429688,0.0,195.48553202149307,194.33833967139873,194.35546564979694,0.0,110477500
2016-12-14,0.0,193.37950134277344,0.0,195.39136626171157,192.9428737882111,194.68935787987144,0.0,142501800
2016-12-15,0.0,194.1757049560547,0.0,195.03182111956679,193.38807965321905,193.61923467509018,0.0,124972600
2016-12-16,0.0,193.79588317871094,1.329,194.69149898252175,193.47725745596665,194.63121133752213,0.0,156420200
2016-12-19,0.0,194.21786499023438,0.0,194.63983910113276,193.83034471793016,193.97674068123223,0.0,90341100
2016-12-20,0.0,194.9671173095703,0.0,195.1135264473923,194.51932242546528,194.75182675903397,0.0,89838800
2016-12-21,0.0,194.4246063232422,0.0,195.01019035030322,194.4246063232422,194.83796052706722,0.0,67909000
2016-12-22,0.0,194.08871459960938,0.0,194.39873347530573,193.6925742594399,194.27817130921775,0.0,56219100
2016-12-23,0.0,194.37289428710938,0.0,194.38150117720235,193.94231325723612,194.13175682131336,0.0,36697800
2016-12-27,0.0,194.85513305664062,0.0,195.25126022547312,194.62261563301922,194.63984255262181,0.0,42672500
2016-12-28,0.0,193.24476623535156,0.0,195.1307133002148,193.13282409992078,195.1134995195581,0.0,64095000
2016-12-29,0.0,193.2017364501953,0.0,193.66675823630646,192.76253533744898,193.31367859594346,0.0,48696100
2016-12-30,0.0,192.49557495117188,0.0,193.61508837779465,191.80664260092001,193.5289669064038,0.0,108998300
2017-01-03,0.0,193.9681396484375,0.0,194.4762220905839,192.79695876636885,193.7958967308444,0.0,91366500
2017-01-04,0.0,195.12205505371094,0.0,195.26845099250482,194.2867270015498,194.2953338896128,0.0,78744400
2017-01-05,0.0,194.9671173095703,0.0,195.1221333389085,194.17484966043173,194.85517515869023,0.0,78379000
2017-01-06,0.0,195.66464233398438,0.0,196.12966407630134,194.5365089692909,195.07904528556946,0.0,71559900
2017-01-09,0.0,195.0187530517578,0.0,195.54406239938967,194.98429921306328,195.4062733251903,0.0,46939700
2017-01-10,0.0,195.0187530517578,0.0,195.87129502525147,194.63121963803593,195.0359668308157,0.0,63771900
2017-01-11,0.0,195.5699005126953,0.0,195.5699005126953,194.2695374492885,194.9326358857143,0.0,74650000
2017-01-12,0.0,195.0790252685547,0.0,195.268481958282,193.7270077721798,195.0531914599818,0.0,72113200
2017-01-13,0.0,195.52687072753906,0.0,195.82826959885762,195.21685182484828,195.25129252946203,0.0,62717900
2017-01-17,0.0,194.837890625,0.0,195.29430540595925,194.4503703766765,194.88955823940466,0.0,61240800
2017-01-18,0.0,195.26849365234375,0.0,195.31155438264042,194.53650065817047,195.08764384121375,0.0,54793300
2017-01-19,0.0,194.54513549804688,0.0,195.48379904463542,194.11455444288248,195.34600995331297,0.0,66608800
2017-01-20,0.0,195.25991821289062,0.0,195.75077382452264,194.59681965232878,195.2254643669878,0.0,129168600
2017-01-23,0.0,194.75177001953125,0.0,195.32014006102685,193.9939564378257,195.25986555738928,0.0,75061600
2017-01-24,0.0,196.00051879882812,0.0,196.41387296884554,194.85517151455983,194.96711366334637,0.0,95555300
2017-01-25,0.0,197.69699096679688,0.0,197.69699096679688,196.7841480966616,196.94777099923576,0.0,84437700
2017-01-26,0.0,197.4903564453125,0.0,197.81760233184454,197.21477819553937,197.5506309747665,0.0,59970700
2017-01-27,0.0,197.18028259277344,0.0,197.7141988777078,196.9994327741686,197.5678029008803,0.0,59711100
2017-01-30,0.0,195.95745849609375,0.0,196.5172086621444,194.97573412744237,196.49137484772928,0.0,79737300
2017-01-31,0.0,195.94021606445312,0.0,196.00050372017813,194.898217258071,195.46657427051073,0.0,75880800
2017-02-01,0.0,196.01773071289062,0.0,196.85305907660958,195.43214673930603,195.94022927055596,0.0,79117700
2017-02-02,0.0,196.1468963623047,0.0,196.43108143382898,195.32879499049955,196.01771416236227,0.0,69657600
2017-02-03,0.0,197.4989013671875,0.0,197.6797511793912,196.74108769868505,197.05110656225563,0.0,80563200
2017-02-06,0.0,197.1457977294922,0.0,197.49027039160933,196.80994509660826,197.09413011524674,0.0,57790100
2017-02-07,0.0,197.1544189453125,0.0,197.77445660056662,196.96496226507992,197.53333230577763,0.0,57931200
2017-02-08,0.0,197.41282653808594,0.0,197.54199561136676,196.61193886286796,197.15447525123201,0.0,51566200
2017-02-09,0.0,198.583984375,0.0,198.8853832240936,197.4128034001183,197.4128034001183,0.0,65955200
2017-02-10,0.0,199.3675994873047,0.0,199.5915100054071,198.60116587290565,198.92841162072386,0.0,66015900
2017-02-13,0.0,200.4526824951172,0.0,200.7110337232728,199.8326448036595,199.8584786124461,0.0,55182100
2017-02-14,0.0,201.25355529785156,0.0,201.2621753275736,199.92737160929255,200.27183115065384,0.0,71109000
2017-02-15,0.0,202.30418395996094,0.0,202.49364065914128,200.98660709584573,201.03827471556946,0.0,86785800
2017-02-16,0.0,202.13201904296875,0.0,202.51093256291907,201.3828120359814,202.33008269556314,0.0,84722400
2017-02-17,0.0,202.4506072998047,0.0,202.4506072998047,201.45165604912492,201.46888297145847,0.0,77204100
2017-02-21,0.0,203.65625,0.0,203.828479809059,202.8123015971143,202.82092162875713,0.0,88946100
2017-02-22,0.0,203.4754180908203,0.0,203.69931554829904,203.08789770121382,203.25152063334158,0.0,62115200
2017-02-23,0.0,203.61318969726562,0.0,204.00931694491763,202.85536276743795,203.99210316217946,0.0,74615900
2017-02-24,0.0,203.87152099609375,0.0,203.91456858901134,202.72617382226116,202.76923455546964,0.0,82381600
2017-02-27,0.0,204.19009399414062,0.0,204.36232374216894,203.53561569551806,203.785346859116,0.0,56515400
2017-02-28,0.0,203.6389617919922,0.0,204.05231583739356,203.2514415531604,203.81119154921876,0.0,96961900
2017-03-01,0.0,206.4894256591797,0.0,206.95446050303505,205.27518407168895,205.29241099116604,0.0,149158200
2017-03-02,0.0,205.18910217285156,0.0,206.30861555778915,205.13743454805757,206.29999552679604,0.0,70246000
2017-03-03,0.0,205.3182373046875,0.0,205.48186018302286,204.72403343717016,205.1029468100965,0.0,81974300
2017-03-06,0.0,204.70681762695312,0.0,205.05988404795863,204.10399373585008,204.52596783156446,0.0,55391500
2017-03-07,0.0,204.0953826904297,0.0,204.7584810729663,203.88869909137853,204.40540151886213,0.0,65103700
2017-03-08,0.0,203.7164764404297,0.0,204.64653295819397,203.57868736958557,204.38818173543348,0.0,78168800
2017-03-09,0.0,203.97483825683594,0.0,204.30208403201433,203.010340991413,203.8370491788356,0.0,90683900
2017-03-10,0.0,204.68960571289062,0.0,204.9737907605969,203.74232222053638,204.93073003089174,0.0,81991700
2017-03-13,0.0,204.7929229736328,0.0,204.83598369955777,204.3020674908966,204.62930009929119,0.0,57256800
2017-03-14,0.0,204.0093231201172,0.0,204.3021282593268,203.39790530710178,204.2504474886715,0.0,59880800
2017-03-15,0.0,205.77468872070312,0.0,206.196662895698,204.34515642855678,204.57767388337365,0.0,96081800
2017-03-16,0.0,205.36993408203125,0.0,205.98997184571738,205.0427014191847,205.91247041032932,0.0,78344000
2017-03-17,0.0,205.00927734375,1.033,205.82229351135118,205.00927734375,205.6320125701059,0.0,89002100
2017-03-20,0.0,204.78439331054688,0.0,205.29468616829985,204.39518711730236,205.0092647739321,0.0,52537000
2017-03-21,0.0,202.155029296875,0.0,205.5108779902165,202.0252983205672,205.38979134651112,0.0,131809300
2017-03-22,0.0,202.6307373046875,0.0,202.91615865814032,201.5669036763305,202.18963877523575,0.0,97569200
2017-03-23,0.0,202.41452026367188,0.0,203.54754820347628,202.04261597089257,202.63074737271714,0.0,100410300
2017-03-24,0.0,202.2675018310547,0.0,203.28808752371825,201.4890894619878,202.71725794521547,0.0,112504900
2017-03-27,0.0,202.05990600585938,0.0,202.31938117796201,200.32144478844586,200.59820862722134,0.0,87454500
2017-03-28,0.0,203.53028869628906,0.0,203.95408544436285,201.6447811726046,201.75722350860326,0.0,93483900
2017-03-29,0.0,203.72059631347656,0.0,203.95412536570043,203.0200223542648,203.24490707028033,0.0,61950400
2017-03-30,0.0,204.3692169189453,0.0,204.5681553695538,203.48701978020478,203.65999883500942,0.0,56737900
2017-03-31,0.0,203.89353942871094,0.0,204.55950948750663,203.84163383160336,204.03191476196116,0.0,73733100
2017-04-03,0.0,203.53890991210938,0.0,204.14434319591695,202.3107414799695,203.94541794497783,0.0,85546500
2017-04-04,0.0,203.6686553955078,0.0,203.75515152683073,202.8729411376724,203.25350299956253,0.0,56466200
2017-04-05,0.0,203.06320190429688,0.0,205.32061345411282,202.85561912820899,204.34326269653357,0.0,108800600
2017-04-06,0.0,203.6340789794922,0.0,204.15301621103774,202.76051286391876,203.20162468780876,0.0,69135800
2017-04-07,0.0,203.42649841308594,0.0,204.11842792690598,202.94215171264923,203.38325034394884,0.0,74412300
2017-04-10,0.0,203.54759216308594,0.0,204.34330651252617,203.01999737517406,203.56489403083373,0.0,67615300
2017-04-11,0.0,203.30538940429688,0.0,203.4091742008586,201.8177457321159,203.16700087724368,0.0,88045300
2017-04-12,0.0,202.41452026367188,0.0,203.21889197199712,202.1896488213487,203.02861106024082,0.0,81864400
2017-04-13,0.0,201.099853515625,0.0,202.81238170244328,201.099853515625,202.07720426085868,0.0,92880400
2017-04-17,0.0,202.881591796875,0.0,202.881591796875,201.41989433024537,201.61881958860167,0.0,68405400
2017-04-18,0.0,202.27609252929688,0.0,202.81234463003054,201.59282080406658,202.14636156800404,0.0,83225800
2017-04-19,0.0,201.90423583984375,0.0,203.21024288163855,201.6793511907246,202.83833857341216,0.0,68699900
2017-04-20,0.0,203.54759216308594,0.0,203.98870400717547,202.19833682284133,202.5183487901547,0.0,92572200
2017-04-21,0.0,202.89886474609375,0.0,203.52159986940245,202.5010142602025,203.46970747536926,0.0,110389800
2017-04-24,0.0,205.13035583496094,0.0,205.33793863462017,202.87294402881207,205.13900016923373,0.0,119209900
2017-04-25,0.0,206.3239288330078,0.0,206.669886959925,205.68389178100873,205.77038791146632,0.0,76698300
2017-04-26,0.0,206.19418334960938,0.0,207.17153418835883,206.15094848210717,206.28932381353593,0.0,84702500
2017-04-27,0.0,206.36720275878906,0.0,206.66991285841107,205.83095043817428,206.5142356410269,0.0,57410300
2017-04-28,0.0,205.9174346923828,0.0,206.65259906113272,205.78769048792753,206.62665285973316,0.0,63532800
2017-05-01,0.0,206.43630981445312,0.0,206.8601196389113,206.0211575194953,206.43630981445312,0.0,66882500
2017-05-02,0.0,206.5142059326172,0.0,206.69582932677102,206.1076978824263,206.57474266484968,0.0,57375700
2017-05-03,0.0,206.26336669921875,0.0,206.60933800312412,205.58873915342298,206.51419754423213,0.0,73137700
2017-05-04,0.0,206.5055389404297,0.0,206.6439274612729,205.65793234581244,206.5660888673445,0.0,61462700
2017-05-05,0.0,207.31854248046875,0.0,207.33584434389297,206.43633221020283,206.87744394406326,0.0,62001300
2017-05-08,0.0,207.2839813232422,0.0,207.50885278980158,206.86017139275205,207.3618199234985,0.0,48385700
2017-05-09,0.0,207.0936737060547,0.0,207.74235501951878,206.74770242040077,207.54342977867722,0.0,51363200
2017-05-10,0.0,207.4656219482422,0.0,207.4656219482422,206.8428866995768,207.05046951495123,0.0,54293800
2017-05-11,0.0,207.04183959960938,0.0,207.2061743568771,205.9607037728046,207.01589339556276,0.0,62358300
2017-05-12,0.0,206.69583129882812,0.0,207.08503748747037,206.4277117732625,206.79097176249238,0.0,53912700
2017-05-15,0.0,207.8375244140625,0.0,207.9586110815385,207.10234687745015,207.11964874350585,0.0,61918900
2017-05-16,0.0,207.647216796875,0.0,208.15750960156078,207.25801064410544,208.13156340453983,0.0,51241800
2017-05-17,0.0,203.96279907226562,0.0,207.6473058005355,203.90224912162643,207.6473058005355,0.0,172174100
2017-05-18,0.0,204.78439331054688,0.0,205.631999962106,203.62540586744421,203.88488106209277,0.0,107047700
2017-05-19,0.0,206.11631774902344,0.0,206.7823009092626,205.21681882402052,205.26871121619024,0.0,115011400
2017-05-22,0.0,207.16290283203125,0.0,207.32723757069516,206.5574694770516,206.62665054837157,0.0,61010600
2017-05-23,0.0,207.62130737304688,0.0,207.78564211492287,207.15424934903544,207.5348112360203,0.0,48341700
2017-05-24,0.0,208.1056365966797,0.0,208.2094213944331,207.51749194867847,207.85481893629006,0.0,46927700
2017-05-25,0.0,209.1002960205078,0.0,209.37707310415792,208.40837970629798,208.61594932157783,0.0,64071700
2017-05-26,0.0,209.0570526123047,0.0,209.22137415187208,208.8321679416575,208.91000654420898,0.0,46629900
2017-05-30,0.0,208.87539672851562,0.0,209.12621437940422,208.58133101438253,208.7370082051156,0.0,35201900
2017-05-31,0.0,208.82351684570312,0.0,209.20407870913107,208.13158738469383,209.16947497747938,0.0,91796000
2017-06-01,0.0,210.48411560058594,0.0,210.50141746443626,208.9964720483849,209.28189341336648,0.0,68962000
2017-06-02,0.0,211.1847381591797,0.0,211.34042857493054,210.24199092185276,210.5360566880442,0.0,88666100
2017-06-05,0.0,211.02903747558594,0.0,211.29715700891515,210.83009901105527,211.01173560965785,0.0,44698800
2017-06-06,0.0,210.3544464111328,0.0,211.02041659427644,210.2765945996635,210.46687556555,0.0,50375400
2017-06-07,0.0,210.74365234375,0.0,210.9685238496862,210.02577655494787,210.69175993449232,0.0,54144300
2017-06-08,0.0,210.84738159179688,0.0,211.32308388038217,210.31978690763057,210.83873725835193,0.0,65950700
2017-06-09,0.0,210.5273895263672,0.0,211.91123526293748,209.2646172592581,211.11552099498175,0.0,132256400
2017-06-12,0.0,210.48411560058594,0.0,210.53600799468163,209.63650903629403,210.2851903574007,0.0,86108100
2017-06-13,0.0,211.5133514404297,0.0,211.56524383273413,210.6743892382955,211.02034731862815,0.0,60067000
2017-06-14,0.0,211.24525451660156,0.0,211.79013789146447,210.42358089248344,211.78149355764182,0.0,78602300
2017-06-15,0.0,210.8386993408203,0.0,210.9597859745515,209.619175474165,209.895939266642,0.0,66464900
2017-06-16,0.0,210.88485717773438,1.183,211.04999333756032,210.00704417138684,210.99784786852436,0.0,84553100
2017-06-19,0.0,212.64048767089844,0.0,212.70131962832218,211.61491152887774,211.71051597210155,0.0,65123800
2017-06-20,0.0,211.20635986328125,0.0,212.29276764813338,211.18898688722953,212.28408116010755,0.0,56906400
2017-06-21,0.0,211.15428161621094,0.0,211.71052204861903,210.6849591389802,211.59754462107009,0.0,55977600
2017-06-22,0.0,211.05859375,0.0,211.65829292296755,210.8847711701662,211.16289790735053,0.0,44148100
2017-06-23,0.0,211.31069946289062,0.0,211.64095846683273,210.7370728734632,211.11949059974816,0.0,66986800
2017-06-26,0.0,211.44973754882812,0.0,212.39709532104865,211.24115571861205,211.97990513698605,0.0,56700500
2017-06-27,0.0,209.74624633789062,0.0,211.52795786080534,209.7288600990162,211.2324448471982,0.0,82247700
2017-06-28,0.0,211.62355041503906,0.0,211.82344573453494,210.52844287820562,210.76311067350048,0.0,70042600
2017-06-29,0.0,209.76368713378906,0.0,211.82351270535796,208.55560182319115,211.77136723698678,0.0,106949700
2017-06-30,0.0,210.15478515625,0.0,210.94569343453097,209.96357627003223,210.5719621526262,0.0,86820700
2017-07-03,0.0,210.5111083984375,0.0,211.52798468158704,210.5111083984375,211.09342148732742,0.0,39153800
2017-07-05,0.0,210.99778747558594,0.0,211.2063692920283,210.06781600456577,210.8761103287231,0.0,54427600
2017-07-06,0.0,209.06832885742188,0.0,210.35463203575168,208.88580650381542,210.23295488728553,0.0,65400800
2017-07-07,0.0,210.4241943359375,0.0,210.57194423329292,209.07704575652258,209.6419858765696,0.0,57972300
2017-07-10,0.0,210.65013122558594,0.0,211.0238624203301,210.119963666866,210.42416316812717,0.0,36663300
2017-07-11,0.0,210.49371337890625,0.0,210.80659939619719,209.3290872496961,210.65014975664388,0.0,50354600
2017-07-12,0.0,212.0755615234375,0.0,212.24069768736183,211.45848910877328,211.45848910877328,0.0,59610400
2017-07-13,0.0,212.43190002441406,0.0,212.544890714518,211.8582733448653,212.08425472507315,0.0,39471600
2017-07-14,0.0,213.42269897460938,0.0,213.77904401869978,212.3362908610297,212.43189530549742,0.0,60262700
2017-07-17,0.0,213.3966064453125,0.0,213.72687872498506,213.2227838156278,213.34446098258874,0.0,33531900
2017-07-18,0.0,213.50958251953125,0.0,213.56172797868854,212.64914265798896,212.988101404327,0.0,42742500
2017-07-19,0.0,214.6654815673828,0.0,214.67416805499465,213.81372835614903,213.822428105574,0.0,51034300
2017-07-20,0.0,214.76112365722656,0.0,215.03923718954388,214.21356981991232,214.91756003256464,0.0,47135200
2017-07-21,0.0,214.56993103027344,0.0,214.5960037614684,213.96153193754682,214.18751329032523,0.0,82340800
2017-07-24,0.0,214.5177764892578,0.0,214.65682662914074,214.04844082397815,214.49169049735036,0.0,46622300
2017-07-25,0.0,215.0392303466797,0.0,215.36950258874876,214.81326227999904,215.26519841336034,0.0,54915600
2017-07-26,0.0,215.04791259765625,0.0,215.36079859402545,214.7871853188609,215.32603937745765,0.0,47575400
2017-07-27,0.0,214.84805297851562,0.0,215.54335678178802,213.5269770784798,215.50859755944205,0.0,70766600
2017-07-28,0.0,214.59597778320312,0.0,214.7263414233966,213.9180603305673,214.36999645778127,0.0,50088400
2017-07-31,0.0,214.47430419921875,0.0,215.09137645548512,214.26570910962465,214.9957720304814,0.0,65838700
2017-08-01,0.0,214.9523162841797,0.0,215.10875264770706,214.43083521545947,215.0739934319725,0.0,55050400
2017-08-02,0.0,215.05661010742188,0.0,215.19567349587365,214.12663861669216,215.08268283502977,0.0,47211200
2017-08-03,0.0,214.63943481445312,0.0,214.9696937872359,214.36130803546263,214.9436210594324,0.0,40856000
2017-08-04,0.0,215.030517578125,0.0,215.3607765180168,214.64809992600595,215.12612199115475,0.0,60191800
2017-08-07,0.0,215.43032836914062,0.0,215.43032836914062,214.99576522593466,215.10006939833806,0.0,31995000
2017-08-08,0.0,214.90017700195312,0.0,216.33424343971365,214.52645903629823,215.11745858993362,0.0,61719400
2017-08-09,0.0,214.89146423339844,0.0,214.9436096862463,213.85720187920182,214.2135468227478,0.0,62632600
2017-08-10,0.0,211.85821533203125,0.0,214.18748063761373,211.80606987759083,214.05710373969825,0.0,120479500
2017-08-11,0.0,212.1710968017578,0.0,212.7621095503957,211.84952433168104,212.08419213347946,0.0,74869900
2017-08-14,0.0,214.27438354492188,0.0,214.49166511117897,213.41395703010485,213.44871624550768,0.0,73291900
2017-08-15,0.0,214.24827575683594,0.0,214.67415233125965,213.9440895709437,214.65676609549627,0.0,55242700
2017-08-16,0.0,214.62205505371094,0.0,215.16960887774223,214.19617838370715,214.76980493632897,0.0,56715500
2017-08-17,0.0,211.2759246826172,0.0,214.32656670840692,211.2759246826172,214.013680686834,0.0,128490400
2017-08-18,0.0,210.94569396972656,0.0,212.23199744787698,210.50243097699823,211.11081686113576,0.0,136748000
2017-08-21,0.0,211.11077880859375,0.0,211.37151935817374,210.18082053799722,210.88481073859253,0.0,65469700
2017-08-22,0.0,213.31837463378906,0.0,213.47481101197403,211.67572635376834,211.6931125941719,0.0,63140100
2017-08-23,0.0,212.55348205566406,0.0,212.97935862925812,212.20583691194673,212.3535867611172,0.0,50203800
2017-08-24,0.0,212.05813598632812,0.0,213.0923851691312,211.84954089488582,212.93594879691088,0.0,50741700
2017-08-25,0.0,212.55348205566406,0.0,213.46606713518722,212.40573220649358,212.848981754005,0.0,64445900
2017-08-28,0.0,212.56227111816406,0.0,213.10981178649212,212.14508085623504,213.08373905284878,0.0,40565600
2017-08-29,0.0,212.8056182861328,0.0,213.06634561376057,211.13688381841158,211.24987450159514,0.0,51135700
2017-08-30,0.0,213.81373596191406,0.0,214.08317622922343,212.60565105023682,212.78817339108335,0.0,62030800
2017-08-31,0.0,215.10009765625,0.0,215.34345198746985,213.84855351750988,214.43086661448717,0.0,103803900
2017-09-01,0.0,215.404296875,0.0,215.83017361111806,215.25654696944488,215.47382858264075,0.0,62007000
2017-09-05,0.0,213.8572235107422,0.0,215.12615379291992,212.89249275003215,214.90017245863578,0.0,91398800
2017-09-06,0.0,214.58726501464844,0.0,214.91753723218903,214.0049520207523,214.53511956173446,0.0,57916900
2017-09-07,0.0,214.56124877929688,0.0,214.90890732661396,214.15275827483524,214.89152108379372,0.0,58034700
2017-09-08,0.0,214.30921936035156,0.0,214.7698553560106,214.06586499516635,214.2744468728575,0.0,63832800
2017-09-11,0.0,216.59498596191406,0.0,216.67320415146062,215.56072347185696,215.57809645054567,0.0,71364800
2017-09-12,0.0,217.3250274658203,0.0,217.3597866815819,216.7774736694203,216.95999602215846,0.0,56896000
2017-09-13,0.0,217.4293212890625,0.0,217.4640937671046,216.92522645196908,217.03821711288396,0.0,59228000
2017-09-14,0.0,217.3598175048828,0.0,217.55972612475762,216.93395405779384,217.10777668488015,0.0,95446300
2017-09-15,0.0,217.65240478515625,1.235,217.73974074405513,217.1108765260414,217.21568500777204,0.0,95432400
2017-09-18,0.0,218.11532592773438,0.0,218.46469641738005,217.7310103925462,218.01924704393736,0.0,46235200
2017-09-19,0.0,218.33367919921875,0.0,218.42102848279805,218.01051083970842,218.35988131876667,0.0,47108100
2017-09-20,0.0,218.4123077392578,0.0,218.525859153917,217.41658711242658,218.42105066508134,0.0,59574100
2017-09-21,0.0,217.82713317871094,0.0,218.3424594194711,217.65244789868083,218.25512344327234,0.0,48211400
2017-09-22,0.0,217.87078857421875,0.0,218.03674424025084,217.50394552028905,217.53014764359605,0.0,51214000
2017-09-25,0.0,217.42532348632812,0.0,217.96686512666057,216.68290778788798,217.61748127360232,0.0,57064400
2017-09-26,0.0,217.5563507080078,0.0,218.0978790288707,217.32051826959304,217.85331699185963,0.0,54082000
2017-09-27,0.0,218.40353393554688,0.0,218.78784942033215,217.37286846929294,218.25505083053952,0.0,81001400
2017-09-28,0.0,218.6656036376953,0.0,218.74421000106764,218.03672607545622,218.1240620366598,0.0,44778800
2017-09-29,0.0,219.43421936035156,0.0,219.51283905062218,218.4734438302756,218.65685867643668,0.0,85578000
2017-10-02,0.0,220.38626098632812,0.0,220.38626098632812,219.4866060401173,219.6613046021802,0.0,59023000
2017-10-03,0.0,220.85794067382812,0.0,220.8841427959599,220.30766945379898,220.38628914782512,0.0,66810200
2017-10-04,0.0,221.1199951171875,0.0,221.3645571641749,220.59592597213907,220.70947739668037,0.0,55953600
2017-10-05,0.0,222.43011474609375,0.0,222.44757394086622,221.15488716333428,221.45185340602157,0.0,63522800
2017-10-06,0.0,222.17684936523438,0.0,222.46508606184125,221.72267032297378,221.98469156749644,0.0,80646000
2017-10-09,0.0,221.80996704101562,0.0,222.46504669165515,221.5479325152339,222.4039128546295,0.0,35803100
2017-10-10,0.0,222.39523315429688,0.0,222.77081919113954,221.83623222660475,222.37777395454302,0.0,43057400
2017-10-11,0.0,222.74452209472656,0.0,222.74452209472656,222.13311717318405,222.29905946589523,0.0,47674300
2017-10-12,0.0,222.4126434326172,0.0,222.77948643927715,222.1768110256109,222.43011595511425,0.0,47065100
2017-10-13,0.0,222.68344116210938,0.0,222.9629482537238,222.4126769968777,222.8493968318015,0.0,54800400
2017-10-16,0.0,222.98037719726562,0.0,223.17253496477068,222.56987286955564,222.91051376147277,0.0,38221700
2017-10-17,0.0,223.13766479492188,0.0,223.18133945006159,222.7096744987663,222.92803444683133,0.0,31561000
2017-10-18,0.0,223.35598754882812,0.0,223.55687493585796,223.1638297603191,223.51320028799114,0.0,40888300
2017-10-19,0.0,223.41709899902344,0.0,223.45204404486665,222.15935722889787,222.5786044856064,0.0,61903800
2017-10-20,0.0,224.5700225830078,0.0,224.59625135770185,223.39963015043398,224.21193583581314,0.0,89176400
2017-10-23,0.0,223.69662475585938,0.0,224.91946163811397,223.6180183829025,224.89325951379504,0.0,63915300
2017-10-24,0.0,224.0896453857422,0.0,224.32546446473933,223.73153197709217,224.12459043068006,0.0,66935900
2017-10-25,0.0,222.98037719726562,0.0,223.87128927136814,221.85364604019503,223.75773786485246,0.0,103715300
2017-10-26,0.0,223.26864624023438,0.0,223.86257882405025,223.14636521841157,223.5918279839053,0.0,69798000
2017-10-27,0.0,225.09408569335938,0.0,225.25132506108443,223.2773432648059,224.01102924490968,0.0,85562500
2017-10-30,0.0,224.255615234375,0.0,224.99804421858872,223.95864897174172,224.01105321483814,0.0,54285700
2017-10-31,0.0,224.60501098632812,0.0,224.85831595994026,224.308044690315,224.63121311082153,0.0,60304800
2017-11-01,0.0,224.90196228027344,0.0,225.7229976666513,224.5351325618353,225.38237007095873,0.0,54202700
2017-11-02,0.0,224.98931884765625,0.0,225.12907239190451,223.76650865456273,224.8321061061006,0.0,56449500
2017-11-03,0.0,225.74049377441406,0.0,225.78415509588623,224.73601682791988,225.1465345397593,0.0,59589700
2017-11-06,0.0,226.08982849121094,0.0,226.2208390901341,225.53955732047456,225.60942075481384,0.0,49652600
2017-11-07,0.0,225.93258666992188,0.0,226.52651907870793,225.42597687899698,226.19460783401698,0.0,57502200
2017-11-08,0.0,226.3169403076172,0.0,226.41303253214264,225.47844568711866,225.7579527790393,0.0,50469600
2017-11-09,0.0,225.4958953857422,0.0,225.68805314872068,223.91494531222034,225.11157985978514,0.0,95085500
2017-11-10,0.0,225.42599487304688,0.0,225.60069343322567,224.79711737376437,225.11156945103457,0.0,59984700
2017-11-13,0.0,225.63563537597656,0.0,225.86273819686548,224.70979155194425,224.74473659867962,0.0,50228600
2017-11-14,0.0,225.111572265625,0.0,225.21638074093954,224.05469127726758,224.83206522794742,0.0,61315200
2017-11-15,0.0,223.98487854003906,0.0,224.6661604390365,223.27739451628267,224.14209128859287,0.0,80811500
2017-11-16,0.0,225.88890075683594,0.0,226.25575704515595,224.88445074500984,224.9281120543369,0.0,67777000
2017-11-17,0.0,225.22515869140625,0.0,225.86277929786854,225.1465523133929,225.53961085872515,0.0,75756800
2017-11-20,0.0,225.60946655273438,0.0,225.80162435524875,225.22515094770566,225.46973965569177,0.0,48075500
2017-11-21,0.0,227.08555603027344,0.0,227.26899754044936,225.5745225619716,226.37807207748506,0.0,69176800
2017-11-22,0.0,226.8846435546875,0.0,227.22527108469816,226.718687924212,227.09426049623252,0.0,45033400
2017-11-24,0.0,227.40875244140625,0.0,227.51358759810742,227.2340804907674,227.37383404443742,0.0,27856500
2017-11-27,0.0,227.29522705078125,0.0,227.74940610752606,227.09432632006434,227.4524398025085,0.0,52274900
2017-11-28,0.0,229.60108947753906,0.0,229.62729160230606,227.66205227898897,227.7581445066441,0.0,98971700
2017-11-29,0.0,229.46127319335938,0.0,230.2648492252935,229.0158371941007,229.7320372936807,0.0,77512100
2017-11-30,0.0,231.47021484375,0.0,232.37857274930585,230.2998090900364,230.37841544790612,0.0,127894400
2017-12-01,0.0,230.98989868164062,0.0,231.7323278961678,227.75818718203607,231.25194663367512,0.0,164390900
2017-12-04,0.0,230.7103271484375,0.0,233.03365281038865,230.6578962545037,232.6056759761227,0.0,94040600
2017-12-05,0.0,229.8804931640625,0.0,231.59242674098863,229.74948259916422,229.8804931640625,0.0,77994500
2017-12-06,0.0,229.9242706298828,0.0,230.35227423179,229.46134862986273,229.97667488231787,0.0,75898600
2017-12-07,0.0,230.64926147460938,0.0,230.9636870177481,229.6622702054214,230.64926147460938,0.0,77218600
2017-12-08,0.0,231.90699768066406,0.0,231.9157139526257,230.61429724847798,231.60128843562327,0.0,76563900
2017-12-11,0.0,232.60565185546875,0.0,232.6667990126684,231.8807088587994,232.60565185546875,0.0,83077500
2017-12-12,0.0,233.01620483398438,0.0,233.48786966002598,232.64063222031234,233.39177744765638,0.0,85195800
2017-12-13,0.0,232.9900360107422,0.0,233.6975200232834,232.90268671117553,233.26080018071406,0.0,102905400
2017-12-14,0.0,232.03799438476562,0.0,233.40055818718739,231.98559013507742,233.2870067611082,0.0,100666700
2017-12-15,0.0,233.9702606201172,1.351,234.43554878182445,232.9870121871894,233.03968429670263,0.0,144610300
2017-12-18,0.0,235.45388793945312,0.0,235.80504421757664,235.26074796775922,235.36609217204557,0.0,83653600
2017-12-19,0.0,234.54969787597656,0.0,235.74363483481503,234.47945053044936,235.69975033749483,0.0,82382900
2017-12-20,0.0,234.42669677734375,0.0,235.56796122534465,234.12821264158202,235.51528913029864,0.0,76751500
2017-12-21,0.0,234.90960693359375,0.0,235.6207340227915,234.66379481577025,235.05007482828026,0.0,67032300
2017-12-22,0.0,234.84815979003906,0.0,234.96229162203662,234.31262429947589,234.92716795261202,0.0,78720900
2017-12-26,0.0,234.56727600097656,0.0,234.78675209837698,234.3039154007024,234.44435652650475,0.0,45244400
2017-12-27,0.0,234.6813507080078,0.0,235.0412946350718,234.40920255682684,234.7340228152358,0.0,57751000
2017-12-28,0.0,235.16419982910156,0.0,235.20811111513945,234.7954950588432,235.181775060121,0.0,45116100
2017-12-29,0.0,234.2775115966797,0.0,235.761171899079,234.08439838457934,235.74362345930018,0.0,96007400
2018-01-02,0.0,235.9542999267578,0.0,235.98942359604385,234.751575470931,235.1378554585482,0.0,86655700
2018-01-03,0.0,237.44677734375,0.0,237.59603286317358,236.12113327606403,236.12113327606403,0.0,90070400
2018-01-04,0.0,238.4475860595703,0.0,238.93044952377141,237.5082487728614,238.08766885499406,0.0,80636400
2018-01-05,0.0,240.03656005859375,0.0,240.15945270574503,238.7460399102112,239.23766408183238,0.0,83524000
2018-01-08,0.0,240.47557067871094,0.0,240.63358703131274,239.65033844866002,239.94003509509662,0.0,57319200
2018-01-09,0.0,241.0198516845703,0.0,241.6431562298976,240.61599642060025,240.89693222383696,0.0,57254000
2018-01-10,0.0,240.6510772705078,0.0,240.9144645859903,239.59760838310203,240.2647973076733,0.0,69574300
2018-01-11,0.0,242.40687561035156,0.0,242.40687561035156,241.03734735877387,241.20415128096022,0.0,62361500
2018-01-12,0.0,243.98716735839844,0.0,244.15394452208946,242.37179991942867,242.67031094880144,0.0,90816100
2018-01-16,0.0,243.15316772460938,0.0,245.89222499682614,242.4596157898127,245.24258435422752,0.0,106555100
2018-01-17,0.0,245.4707794189453,0.0,245.85705940856167,243.15312627275705,244.08370257733014,0.0,113258800
2018-01-18,0.0,245.05810546875,0.0,245.77796629922514,244.56645464065633,245.35658957728862,0.0,100728000
2018-01-19,0.0,246.17312622070312,0.0,246.1731262207031,245.05819750318747,245.63759071344802,0.0,140920100
2018-01-22,0.0,248.17471313476562,0.0,248.17471313476562,245.90970554473782,245.9624044391286,0.0,91322400
2018-01-23,0.0,248.7014617919922,0.0,248.99115835882742,247.89377822587898,248.21859845859058,0.0,97084700
2018-01-24,0.0,248.6048126220703,0.0,249.93924365717857,247.42842464583018,249.342248661288,0.0,134816100
2018-01-25,0.0,248.71031188964844,0.0,249.56188025014802,247.9202032686167,249.4653236237129,0.0,84587300
2018-01-26,0.0,251.5897216796875,0.0,251.63363295548834,249.2896174392641,249.54421710609475,0.0,107743100
2018-01-29,0.0,249.9216766357422,0.0,251.45800846574423,249.76366036318794,251.01905651431508,0.0,90118300
2018-01-30,0.0,247.3583526611328,0.0,249.97449063019914,246.8842767828493,248.09578914317598,0.0,131796400
2018-01-31,0.0,247.4811248779297,0.0,248.71018508305838,246.4100809581383,248.20980017949023,0.0,108364800
2018-02-01,0.0,247.20016479492188,0.0,248.49947219305156,246.41005665466076,246.75245203062417,0.0,90102500
2018-02-02,0.0,241.81869506835938,0.0,246.01507559481632,241.78357140273644,245.88336854660707,0.0,173174800
2018-02-05,0.0,231.7052459716797,0.0,242.1698756837403,231.1609496616137,240.06291099027115,0.0,294681800
2018-02-06,0.0,236.2703399658203,0.0,236.7707517438932,227.11380642946904,228.20239896435808,0.0,355026800
2018-02-07,0.0,234.9886016845703,0.0,239.10594725573497,234.9095667392294,235.7172502975997,0.0,167376100
2018-02-08,0.0,226.17445373535156,0.0,235.42757111233564,226.13933006721916,235.28710323131492,0.0,246449500
2018-02-09,0.0,229.57191467285156,0.0,231.42427940359678,222.03949613269174,228.95737110626445,0.0,283565300
2018-02-12,0.0,232.94302368164062,0.0,234.40913502110863,229.71234367540757,231.61738018481336,0.0,143736000
2018-02-13,0.0,233.5225067138672,0.0,234.06680300678443,231.16094237859048,231.7403623395533,0.0,81223600
2018-02-14,0.0,236.6741943359375,0.0,237.03413827941714,232.0300735324697,232.03886114791155,0.0,120735700
2018-02-15,0.0,239.69415283203125,0.0,239.7029404462211,235.9542728320571,238.41242036112484,0.0,111200300
2018-02-16,0.0,239.764404296875,0.0,241.70459187762137,239.02696798048893,239.07087926559547,0.0,160420100
2018-02-20,0.0,238.2631378173828,0.0,240.25599702366807,237.4730295837229,238.81622161839584,0.0,86369700
2018-02-21,0.0,237.07797241210938,0.0,241.17779601748344,236.98141582880206,238.70210022472662,0.0,98883700
2018-02-22,0.0,237.38528442382812,0.0,239.71172513772538,236.71809546663133,237.9998280651637,0.0,110511300
2018-02-23,0.0,241.16908264160156,0.0,241.16908264160156,238.13154126660785,238.60561709001573,0.0,92766400
2018-02-26,0.0,243.96954345703125,0.0,244.06612683938735,241.65189057007407,242.2400713124447,0.0,86491400
2018-02-27,0.0,240.9232177734375,0.0,244.86502543404572,240.8617580559553,244.15389845883672,0.0,99099200
2018-02-28,0.0,238.48268127441406,0.0,242.46837402290828,238.16664860815584,242.02063428753124,0.0,121907800
2018-03-01,0.0,235.01495361328125,0.0,239.8170904251165,233.52250582934735,238.2719705350681,0.0,176855100
2018-03-02,0.0,236.22642517089844,0.0,236.7882966589394,232.48657189571603,233.3469007734564,0.0,139083200
2018-03-05,0.0,238.95672607421875,0.0,239.57126967870028,234.93591017599843,235.0412811759298,0.0,97307400
2018-03-06,0.0,239.56251525878906,0.0,240.01025499813764,238.07006732196808,239.93122003936082,0.0,79213200
2018-03-07,0.0,239.47467041015625,0.0,239.82582667878052,237.20968970474965,237.4028296712189,0.0,87063500
2018-03-08,0.0,240.63351440429688,0.0,240.75640704428025,239.15864197545773,240.1506510839523,0.0,66901200
2018-03-09,0.0,244.82107543945312,0.0,244.82107543945312,241.72207550192218,242.0381348622031,0.0,113625300
2018-03-12,0.0,244.5138397216797,0.0,245.7341392777814,244.12755977525234,245.11083486984458,0.0,71924800
2018-03-13,0.0,242.93360900878906,0.0,246.1730770862234,242.32785307291076,245.6726653493665,0.0,91968900
2018-03-14,0.0,241.68699645996094,0.0,244.07489676707442,241.13393936249835,243.89054440125355,0.0,105895100
2018-03-15,0.0,241.42355346679688,0.0,242.83696577444675,240.92314185328783,242.19611312453043,0.0,83433000
2018-03-16,0.0,241.68545532226562,1.097,242.73434762380472,241.63257225654203,241.9498706508836,0.0,100343700
2018-03-19,0.0,238.41531372070312,0.0,241.8616695320334,236.76706244111185,240.9361891885773,0.0,109208400
2018-03-20,0.0,238.82077026367188,0.0,239.45539376753695,238.1420596185855,238.81194745566663,0.0,59757300
2018-03-21,0.0,238.36248779296875,0.0,240.8657182435724,238.15095552635282,238.77675641430042,0.0,78709600
2018-03-22,0.0,232.4040985107422,0.0,236.98746785600503,232.1308334753327,236.14131191360167,0.0,148785900
2018-03-23,0.0,227.4504852294922,0.0,233.1709209551684,227.25657169813346,232.844799765795,0.0,183534800
2018-03-26,0.0,233.67323303222656,0.0,233.95529387555928,228.64915539202477,231.04661876274787,0.0,141956100
2018-03-27,0.0,229.6981201171875,0.0,235.13646793923286,228.14681188586164,234.6076373138364,0.0,129941400
2018-03-28,0.0,229.01942443847656,0.0,231.49624022540982,227.91764906479978,229.83034294898033,0.0,146452300
2018-03-29,0.0,231.94569396972656,0.0,233.8055043683826,229.0281955901973,230.15641224241278,0.0,111601600
2018-04-02,0.0,226.9392547607422,0.0,231.92809620608446,224.4712755675117,231.41685743848606,0.0,186286300
2018-04-03,0.0,229.8479461669922,0.0,230.3239206279813,226.38397108152986,228.17325309173245,0.0,119956900
2018-04-04,0.0,232.3070831298828,0.0,233.01220846166905,226.17240666715955,226.30461430451857,0.0,123715300
2018-04-05,0.0,234.14051818847656,0.0,235.02193855166377,232.97703685335392,234.0611666848327,0.0,82652600
2018-04-06,0.0,228.9224853515625,0.0,233.67332686335382,227.4064413333874,232.18375127749687,0.0,179521200
2018-04-09,0.0,230.05062866210938,0.0,233.43527836169534,229.1163255788343,230.37674977058023,0.0,105442900
2018-04-10,0.0,233.7085723876953,0.0,234.49304931652253,231.79590552096968,232.93291826893037,0.0,103529000
2018-04-11,0.0,232.48336791992188,0.0,234.14044196708517,232.1572467955175,232.22774856614302,0.0,91140200
2018-04-12,0.0,234.39605712890625,0.0,235.3391831575739,233.6292258920898,233.80552068394104,0.0,68890500
2018-04-13,0.0,233.7085723876953,0.0,235.81517968292337,232.70376729661248,235.70059074735886,0.0,85079200
2018-04-16,0.0,235.63009643554688,0.0,236.39695475492138,234.51952505696408,235.33923954798865,0.0,63405300
2018-04-17,0.0,238.15093994140625,0.0,238.7502992568039,236.88169262714564,237.39290453761745,0.0,64682000
2018-04-18,0.0,238.32720947265625,0.0,239.12927814561803,237.8688537751826,238.59162476057676,0.0,57303900
2018-04-19,0.0,237.0050811767578,0.0,237.8776785328516,235.97380774780348,237.67494221124622,0.0,77655900
2018-04-20,0.0,234.995361328125,0.0,237.15485097773595,234.1139413729862,236.93449598895123,0.0,99953100
2018-04-23,0.0,234.96014404296875,0.0,236.12362493922348,233.8848105295463,235.56832601606533,0.0,65558000
2018-04-24,0.0,231.79595947265625,0.0,236.20306171976785,230.29753394911134,235.98270660741227,0.0,112885500
2018-04-25,0.0,232.36880493164062,0.0,232.8095150189369,229.91845792222574,231.73418132998165,0.0,103840900
2018-04-26,0.0,234.73098754882812,0.0,235.55952460486205,232.95052860863134,233.3912386640193,0.0,67731900
2018-04-27,0.0,234.95130920410156,0.0,235.63881571690123,234.0170061712918,235.33913614966067,0.0,57053600
2018-04-30,0.0,233.14450073242188,0.0,236.12370575976553,233.0739720424936,235.5684066465393,0.0,82182300
2018-05-01,0.0,233.55877685546875,0.0,233.6645429949395,231.0290778253246,232.58038626773487,0.0,74203400
2018-05-02,0.0,231.9897918701172,0.0,234.17569660455436,231.60196485617357,233.36480513816895,0.0,86368900
2018-05-03,0.0,231.47853088378906,0.0,232.13077311783923,228.3318548270563,231.1612325749448,0.0,136311500
2018-05-04,0.0,234.4753875732422,0.0,235.15409832989712,230.18287558263515,230.50899674677927,0.0,91222100
2018-05-07,0.0,235.2686767578125,0.0,236.23821739751983,234.5547016940085,235.24223522943518,0.0,55304900
2018-05-08,0.0,235.2686767578125,0.0,235.63003534603325,233.70854588712598,234.89846846172185,0.0,67499200
2018-05-09,0.0,237.542724609375,0.0,237.86884575308144,235.41849887202426,235.93853351993553,0.0,59666100
2018-05-10,0.0,239.76394653320312,0.0,240.09009464765438,238.17740071163087,238.28316684656053,0.0,72063900
2018-05-11,0.0,240.49546813964844,0.0,240.75988339745433,239.3760474510574,239.8872861478894,0.0,59871500
2018-05-14,0.0,240.6101531982422,0.0,241.57969413016048,240.06364994905277,240.927451634401,0.0,54790600
2018-05-15,0.0,238.9530029296875,0.0,239.40250890537564,238.00987693366224,239.3848901863238,0.0,87036100
2018-05-16,0.0,239.95782470703125,0.0,240.41618042257653,238.96181558524657,238.98828401389073,0.0,53942600
2018-05-17,0.0,239.75506591796875,0.0,240.83039940787125,238.97941200409758,239.69336006145537,0.0,56536400
2018-05-18,0.0,239.15562438964844,0.0,239.77262901404646,238.8030618466201,239.41124366533307,0.0,64368000
2018-05-21,0.0,240.95384216308594,0.0,241.49152248673255,240.24871674390172,240.6365437940962,0.0,58025900
2018-05-22,0.0,240.283935546875,0.0,241.72947751252565,239.95781439332927,241.4738581359053,0.0,52966400
2018-05-23,0.0,240.94500732421875,0.0,240.971475752457,238.85604580289476,239.01472187827835,0.0,64694200
2018-05-24,0.0,240.45144653320312,0.0,240.8216548938382,238.67098721482813,240.5484167533651,0.0,76043800
2018-05-25,0.0,239.87852478027344,0.0,240.50432564990533,239.3761087629519,239.87852478027344,0.0,56374800
2018-05-29,0.0,237.11965942382812,0.0,239.01473442804837,236.0090882306861,238.25669904659816,0.0,115908600
2018-05-30,0.0,240.283935546875,0.0,240.72464562438188,238.35365015429863,238.424151931224,0.0,69678400
2018-05-31,0.0,238.81199645996094,0.0,240.17818704087188,238.21263716632328,239.87850739405306,0.0,93519900
2018-06-01,0.0,241.15650939941406,0.0,241.45618896164063,240.03708882122353,240.1076174822197,0.0,71258400
2018-06-04,0.0,242.30242919921875,0.0,242.55804861167155,241.73833420831608,241.97630799995767,0.0,45385200
2018-06-05,0.0,242.47877502441406,0.0,242.85777936821506,241.66785636206006,242.43468786192366,0.0,51135000
2018-06-06,0.0,244.50595092773438,0.0,244.6117170448222,242.4698724773669,243.08687735879116,0.0,62732200
2018-06-07,0.0,244.4795684814453,0.0,245.28166426161448,243.57170655862802,244.99080736933206,0.0,72969400
2018-06-08,0.0,245.20220947265625,0.0,245.25509251590384,243.85363807224053,244.0211100087916,0.0,72139700
2018-06-11,0.0,245.52841186523438,0.0,246.24236008435872,245.30805681244757,245.42264574370634,0.0,58892500
2018-06-12,0.0,245.84573364257812,0.0,246.2070922530715,245.20228721399303,245.94267695300078,0.0,72329000
2018-06-13,0.0,245.0612335205078,0.0,246.3393034469007,244.85849721046816,246.08368408186067,0.0,79070600
2018-06-14,0.0,245.67831420898438,0.0,246.20714492225446,245.08775071407877,245.9251108414489,0.0,77097600
2018-06-15,0.0,245.36483764648438,1.246,245.7012856482646,243.78886570624715,244.8955883333687,0.0,120041600
2018-06-18,0.0,244.8601837158203,0.0,244.98414962861307,243.43473783628795,243.91282259238102,0.0,52917600
2018-06-19,0.0,243.92169189453125,0.0,244.14303644252993,242.17749577551783,242.59362460653927,0.0,97531500
2018-06-20,0.0,244.33775329589844,0.0,245.00178675664176,244.001305352654,244.60335587235951,0.0,53785500
2018-06-21,0.0,242.8061065673828,0.0,244.34668299377168,242.31029694175825,244.32895813740058,0.0,71061400
2018-06-22,0.0,243.24879455566406,0.0,244.17845786417627,243.02745000881802,244.06335437668065,0.0,54898500
2018-06-25,0.0,239.93753051757812,0.0,242.25721744889208,238.25531707285143,242.09785583214594,0.0,137854200
2018-06-26,0.0,240.4687042236328,0.0,241.31865965839233,239.7515501037426,240.50412691413,0.0,68547400
2018-06-27,0.0,238.47665405273438,0.0,242.47855430114694,238.32612785087287,241.0531081863732,0.0,105110700
2018-06-28,0.0,239.84007263183594,0.0,240.60148478447195,237.71514369883715,238.42346234970134,0.0,76650500
2018-06-29,0.0,240.18539428710938,0.0,242.29259870231078,240.070290799281,240.9291087243102,0.0,97592500
2018-07-02,0.0,240.6988983154297,0.0,240.85828692224064,238.3792118140002,238.61828121441778,0.0,63554800
2018-07-03,0.0,239.848876953125,0.0,241.69047818709535,239.42391283727818,241.5930725641536,0.0,42187100
2018-07-05,0.0,241.80560302734375,0.0,241.86758597984274,239.90204549181354,240.9733724606823,0.0,56925900
2018-07-06,0.0,243.85089111328125,0.0,244.22273484975983,241.45149658583094,241.8322297707401,0.0,66493700
2018-07-09,0.0,246.04653930664062,0.0,246.09965982475168,244.80701551806254,244.8512736099577,0.0,50550400
2018-07-10,0.0,246.9319305419922,0.0,247.02933617681353,246.20591406275534,246.49810394762574,0.0,51966800
2018-07-11,0.0,245.12576293945312,0.0,246.17052961164364,244.82473763376936,245.382530148852,0.0,77054700
2018-07-12,0.0,247.3480682373047,0.0,247.40118876018292,245.78095877320726,246.38300937889045,0.0,60124700
2018-07-13,0.0,247.54286193847656,0.0,247.84388725280266,246.71946678285556,247.1710182641425,0.0,48216000
2018-07-16,0.0,247.3215789794922,0.0,247.72884544501252,246.878889815352,247.5872086897377,0.0,48201000
2018-07-17,0.0,248.322021484375,0.0,248.71159004868673,246.49814457855098,246.5512651082664,0.0,52315500
2018-07-18,0.0,248.8444061279297,0.0,248.95064719365996,247.95902788737786,248.40171700765376,0.0,44593500
2018-07-19,0.0,247.90585327148438,0.0,248.561024380289,247.42774156040312,248.18031830461032,0.0,61412100
2018-07-20,0.0,247.62254333496094,0.0,248.33086203476083,247.4631817598543,247.70222412251422,0.0,82337700
2018-07-23,0.0,248.08291625976562,0.0,248.28653589889728,247.0735724116495,247.41888278692855,0.0,47047600
2018-07-24,0.0,249.33135986328125,0.0,250.17248002160983,248.46370645742684,249.49074848563848,0.0,68026900
2018-07-25,0.0,251.45619201660156,0.0,251.7749150987928,249.03910056495852,249.08335865317733,0.0,78882900
2018-07-26,0.0,250.8630828857422,0.0,251.54481444589769,250.6417383119721,250.7391439746236,0.0,57919500
2018-07-27,0.0,249.16311645507812,0.0,251.2880184882975,248.24231566683144,251.1906128472391,0.0,76768700
2018-07-30,0.0,247.86160278320312,0.0,249.40215198668153,247.33920594196468,249.24279041796194,0.0,63742500
2018-07-31,0.0,249.08343505859375,0.0,249.69434817311216,248.2423419873048,248.62304812545446,0.0,68570500
2018-08-01,0.0,248.6672821044922,0.0,249.79172959266052,248.0209733790744,249.28705758708554,0.0,53853300
2018-08-02,0.0,250.0219268798828,0.0,250.19012385564247,247.16214597845703,247.36579266220008,0.0,63426400
2018-08-03,0.0,251.0932159423828,0.0,251.14633646287567,249.96876854623287,250.14585496093795,0.0,53935400
2018-08-06,0.0,252.0140380859375,0.0,252.32389880862098,250.73909144654593,251.12865997633756,0.0,39400900
2018-08-07,0.0,252.8463134765625,0.0,253.2270466660811,252.545288108283,252.67811646394784,0.0,43196600
2018-08-08,0.0,252.73997497558594,0.0,253.1384058497832,252.27958818150978,252.67801905570704,0.0,42114600
2018-08-09,0.0,252.39474487304688,0.0,253.19157976992932,252.26194356016575,252.80201123908088,0.0,35717000
2018-08-10,0.0,250.70367431640625,0.0,251.50050922879808,249.99535560126085,250.9604415393712,0.0,77076000
2018-08-13,0.0,249.7651824951172,0.0,251.589059329678,249.47299257350093,250.97814624222252,0.0,65732900
2018-08-14,0.0,251.35882568359375,0.0,251.59789505219464,250.10160397009915,250.49117247783963,0.0,43842000
2018-08-15,0.0,249.4817657470703,0.0,250.15466154923706,248.04745797473575,250.01299785301316,0.0,102925400
2018-08-16,0.0,251.50050354003906,0.0,252.36818381411726,250.88072805575527,250.91615074561037,0.0,69967900
2018-08-17,0.0,252.3859405517578,0.0,252.82862970967778,250.88964903642022,251.29691549621805,0.0,65618500
2018-08-20,0.0,252.926025390625,0.0,253.1916280670518,252.3859305890893,252.83748215861576,0.0,39807500
2018-08-21,0.0,253.51914978027344,0.0,254.37796757696117,252.96135728082962,253.43946899743776,0.0,67272000
2018-08-22,0.0,253.36871337890625,0.0,253.89108331990417,252.84631641830762,253.11194611312737,0.0,44993300
2018-08-23,0.0,253.03221130371094,0.0,254.05039070086602,252.71346114188097,253.19157287482844,0.0,49204900
2018-08-24,0.0,254.55506896972656,0.0,254.69673270963204,253.5545873826161,253.60770790763118,0.0,57487400
2018-08-27,0.0,256.56488037109375,0.0,256.6711214264323,255.5909589978284,255.75032058083627,0.0,57072400
2018-08-28,0.0,256.6888122558594,0.0,257.13150127415275,256.22839838429445,257.02523321330386,0.0,46943500
2018-08-29,0.0,258.0699768066406,0.0,258.3001567022933,256.6622290964166,256.9012714179143,0.0,61485500
2018-08-30,0.0,257.0252380371094,0.0,257.96373661193746,256.4320498724357,257.5918929605646,0.0,61229500
2018-08-31,0.0,257.03411865234375,0.0,257.4768077102713,256.13104270122597,256.617989857108,0.0,66140800
2018-09-04,0.0,256.59149169921875,0.0,256.9456376273583,255.59100986301283,256.61805196833916,0.0,57594400
2018-09-05,0.0,255.9008331298828,0.0,256.4409278252253,254.89151613831157,256.23728113360505,0.0,72452400
2018-09-06,0.0,255.13047790527344,0.0,256.3080185267249,254.1034363834637,256.0069933078545,0.0,65909900
2018-09-07,0.0,254.6348114013672,0.0,255.60873296174518,253.84681172355158,254.0858811635911,0.0,73524800
2018-09-10,0.0,255.07752990722656,0.0,255.90978778914595,254.8827455727432,255.6441580496112,0.0,50210900
2018-09-11,0.0,255.91842651367188,0.0,256.36111538639545,254.08571511548047,254.43099838602092,0.0,50530500
2018-09-12,0.0,255.98056030273438,0.0,256.5826110397569,255.19258769507857,255.92743976826773,0.0,59810800
2018-09-13,0.0,257.4945373535156,0.0,257.6804862349242,256.75968531520266,257.0430128319784,0.0,51034200
2018-09-14,0.0,257.53875732421875,0.0,257.8840406945149,256.75962035999163,257.69811887974004,0.0,55079900
2018-09-17,0.0,256.17535400390625,0.0,257.52111929245183,255.9008888925555,257.4857236145753,0.0,68244000
2018-09-18,0.0,257.5653076171875,0.0,258.15849572409456,256.36117953190404,256.38773979012984,0.0,61930400
2018-09-19,0.0,257.8398132324219,0.0,258.2559420232231,257.4945028015122,257.6184687058169,0.0,49080600
2018-09-20,0.0,259.929443359375,0.0,260.2481937127586,257.8576606310208,259.0972123146544,0.0,100360600
2018-09-21,0.0,259.69183349609375,1.323,260.78578814845525,259.53175051533134,260.670163615046,0.0,105479700
2018-09-24,0.0,258.8290100097656,0.0,259.255924905908,258.2509147479603,259.1136199405272,0.0,53409600
2018-09-25,0.0,258.5888977050781,0.0,259.389339423507,258.3487733321189,259.2826174799696,0.0,44370000
2018-09-26,0.0,257.8152160644531,0.0,259.91415398039527,257.3972035619519,258.7312825518188,0.0,79739700
2018-09-27,0.0,258.53558349609375,0.0,259.62063535481394,258.01084908419097,258.2865565354975,0.0,59249500
2018-09-28,0.0,258.56231689453125,0.0,259.060370917637,257.877499398238,257.9130552985251,0.0,70091400
2018-10-01,0.0,259.46063232421875,0.0,260.52787942324136,258.79359270911283,259.7985762633335,0.0,62078900
2018-10-02,0.0,259.30938720703125,0.0,260.0208851700745,258.93586027610115,259.30938720703125,0.0,47258200
2018-10-03,0.0,259.4516906738281,0.0,260.77686715736866,259.09594169443756,260.35885464256023,0.0,64694600
2018-10-04,0.0,257.4239196777344,0.0,259.0248038303383,255.84081347636905,258.9714428347122,0.0,111545900
2018-10-05,0.0,255.98301696777344,0.0,258.1619958032355,254.55999431777602,257.64616400283495,0.0,105951700
2018-10-08,0.0,255.98301696777344,0.0,256.3387658447979,253.91963548237217,255.2981725590543,0.0,87742200
2018-10-09,0.0,255.60960388183594,0.0,256.9081002124858,255.04928619930556,255.6007284758009,0.0,74339000
2018-10-10,0.0,247.51614379882812,0.0,255.17377232722666,247.1426168317317,255.10260623888726,0.0,214731000
2018-10-11,0.0,242.06417846679688,0.0,248.04972835434208,240.45436497653625,246.43103946135153,0.0,274840500
2018-10-12,0.0,245.42608642578125,0.0,246.43997238862877,242.24206923125192,246.15536234428615,0.0,183186500
2018-10-15,0.0,244.04754638671875,0.0,246.39553877632216,243.95860234615915,245.0703349983781,0.0,102263700
2018-10-16,0.0,249.38389587402344,0.0,249.75745003667606,245.53286540334358,246.00423902412305,0.0,118255800
2018-10-17,0.0,249.42835998535156,0.0,250.05091401359377,246.8580209490984,249.41945743831997,0.0,110626000
2018-10-18,0.0,245.82630920410156,0.0,249.0903680882972,244.55449361278917,248.49446746711695,0.0,134557500
2018-10-19,0.0,245.69290161132812,0.0,248.40551826556748,244.99918156304307,246.47556569491306,0.0,139901600
2018-10-22,0.0,244.5900421142578,0.0,246.68007741159767,244.05640510863475,246.35991149336718,0.0,82415800
2018-10-23,0.0,243.34490966796875,0.0,244.4655448019636,238.89797931644497,240.97916660583792,0.0,146352700
2018-10-24,0.0,235.97193908691406,0.0,243.47836034056346,235.42052401836114,243.09590366941856,0.0,177806700
2018-10-25,0.0,240.20538330078125,0.0,241.7440310079275,236.78126856701027,237.8040571423669,0.0,138061500
2018-10-26,0.0,235.98081970214844,0.0,241.0236512105069,233.27710529716651,236.50558142545964,0.0,201574600
2018-10-29,0.0,234.6734619140625,0.0,240.35665354022893,231.107041219053,239.06703251645644,0.0,160749100
2018-10-30,0.0,238.15086364746094,0.0,238.46215415518796,234.01522445024443,234.50440300293118,0.0,157116000
2018-10-31,0.0,240.69451904296875,0.0,243.0069278938109,240.24092353238416,240.7122969905174,0.0,128296300
2018-11-01,0.0,243.2559356689453,0.0,243.45160164415518,240.47215357969245,241.5572054164194,0.0,99495000
2018-11-02,0.0,241.8152313232422,0.0,244.78577802798284,239.7696267410668,244.35886287316657,0.0,122634100
2018-11-05,0.0,243.1492462158203,0.0,243.70066118097728,241.33489121602472,242.3043186776565,0.0,65622500
2018-11-06,0.0,244.6879119873047,0.0,244.84799497942296,243.0247642380611,243.08702778229969,0.0,60085900
2018-11-07,0.0,249.9263153076172,0.0,250.00635677353844,246.43100844431723,246.8579234044648,0.0,102752100
2018-11-08,0.0,249.47279357910156,0.0,250.1131526376013,248.33438049086973,249.1259199823726,0.0,65584900
2018-11-09,0.0,247.03582763671875,0.0,248.3521013519031,245.6305827643591,248.16533791916257,0.0,98812600
2018-11-12,0.0,242.41998291015625,0.0,246.76906695308182,241.90412375753766,246.52894247011767,0.0,99673600
2018-11-13,0.0,241.9663543701172,0.0,244.87463683563516,241.2459538773567,242.88242086967105,0.0,98176600
2018-11-14,0.0,240.3120880126953,0.0,244.23425606067528,238.75566264251438,243.8340486792,0.0,125335900
2018-11-15,0.0,242.82015991210938,0.0,243.28265801047837,237.47496842136428,239.04917189597126,0.0,135101400
2018-11-16,0.0,243.45156860351562,0.0,244.35873228806014,241.21029916585445,241.72615809498868,0.0,126668000
2018-11-19,0.0,239.33377075195312,0.0,243.14034163054626,238.41770428548043,242.8468290600021,0.0,103061700
2018-11-20,0.0,234.9046173095703,0.0,237.4660532377612,234.04191183572692,236.00744722346693,0.0,136021300
2018-11-21,0.0,235.7051239013672,0.0,237.59952087377042,235.6962484957569,236.45220506168295,0.0,75563700
2018-11-23,0.0,234.13088989257812,0.0,235.52723257807557,233.97080690927402,234.06862635176773,0.0,42807900
2018-11-26,0.0,237.91075134277344,0.0,238.1330978393555,235.98967435527595,236.38100636061282,0.0,79981400
2018-11-27,0.0,238.7112274169922,0.0,238.7112274169922,236.27431815159747,236.87909419467337,0.0,75502400
2018-11-28,0.0,244.20758056640625,0.0,244.20758056640625,238.64891841628506,239.7784559360089,0.0,127629600
2018-11-29,0.0,243.67401123046875,0.0,245.07032676690406,242.29544650287454,243.43385961483304,0.0,82346400
2018-11-30,0.0,245.15924072265625,0.0,245.71955823450747,243.2026078457021,243.52277377138495,0.0,98204200
2018-12-03,0.0,248.40553283691406,0.0,249.3838629987836,246.81355122186906,249.277141006927,0.0,103176300
2018-12-04,0.0,240.35658264160156,0.0,248.00530818364757,240.04529209231492,247.57839310389085,0.0,177986000
2018-12-06,0.0,239.99191284179688,0.0,240.10753736347036,233.410461928897,236.50553495236963,0.0,204185400
2018-12-07,0.0,234.4154815673828,0.0,241.2192792431404,233.57945653094646,239.65395115076464,0.0,161018900
2018-12-10,0.0,234.8601837158203,0.0,235.82961126558462,230.01301882509009,234.23760261616204,0.0,151445900
2018-12-11,0.0,234.9135284423828,0.0,238.23982339583532,233.44604697126593,238.05305993563306,0.0,121504400
2018-12-12,0.0,236.09642028808594,0.0,239.24485459889894,236.0163787982232,237.88409498741427,0.0,97976700
2018-12-13,0.0,236.01637268066406,0.0,237.90186677142725,234.90464011376045,237.03916121383372,0.0,96662700
2018-12-14,0.0,231.6583709716797,0.0,234.8245829393611,231.10695599803614,233.87293341160515,0.0,116961100
2018-12-17,0.0,227.1135711669922,0.0,231.818416341614,225.4859934332063,230.7066840292699,0.0,165492300
2018-12-18,0.0,226.8646240234375,0.0,229.41717153878733,225.26372621629173,228.75013191672292,0.0,134515100
2018-12-19,0.0,223.4671173095703,0.0,230.70671867180351,221.76840039515483,226.9446197617869,0.0,214992800
2018-12-20,0.0,219.82957458496094,0.0,223.78734026559914,217.58831767161695,222.2220255163343,0.0,252053400
2018-12-21,0.0,215.3253631591797,1.435,223.38553619386457,214.68126458714568,220.72863299677553,0.0,255345600
2018-12-24,0.0,209.63583374023438,0.0,215.45060262563953,209.57322025034426,213.84035620425558,0.0,147311600
2018-12-26,0.0,220.22764587402344,0.0,220.22764587402344,209.11696653417636,211.09399387368785,0.0,218485400
2018-12-27,0.0,221.9184112548828,0.0,222.1152062471228,213.76878896161634,216.99822249418898,0.0,186267300
2018-12-28,0.0,221.63211059570312,0.0,224.89732089212802,220.469154308551,223.2691930102769,0.0,153100200
2018-12-31,0.0,223.57334899902344,0.0,223.81488933145144,221.3816315423611,223.2512997725202,0.0,144299400
2019-01-02,0.0,223.8059844970703,0.0,224.7274143179528,220.02191548301792,220.04875178700226,0.0,126925200
2019-01-03,0.0,218.46533203125,0.0,222.36570038148278,217.9822513104657,222.06153288497993,0.0,144140700
2019-01-04,0.0,225.78298950195312,0.0,226.42708803378295,221.1132819712888,221.4890038398222,0.0,142628800
2019-01-07,0.0,227.56317138671875,0.0,228.96765431227632,225.15674999016903,226.05132962307513,0.0,103139100
2019-01-08,0.0,229.7012481689453,0.0,230.18432891084558,227.2232719214142,229.74599353972656,0.0,102512600
2019-01-09,0.0,230.77474975585938,0.0,231.61565694335764,229.18239882003667,230.40796876553281,0.0,95006600
2019-01-10,0.0,231.58880615234375,0.0,231.83928738611394,228.56512228014213,229.2450116148356,0.0,96823900
2019-01-11,0.0,231.67828369140625,0.0,231.7051199930724,229.9338421818793,230.51531358491874,0.0,73858100
2019-01-14,0.0,230.2648468017578,0.0,231.06996320273115,229.3792214907282,229.7817660410097,0.0,70908200
2019-01-15,0.0,232.90383911132812,0.0,233.2169474781809,230.6315989437874,230.64055347725395,0.0,85208300
2019-01-16,0.0,233.4674530029297,0.0,234.3530782952415,233.1275083007143,233.3332441885954,0.0,77636700
2019-01-17,0.0,235.2386932373047,0.0,236.09750948945432,232.55495387525625,232.59969924486884,0.0,96118400
2019-01-18,0.0,238.36976623535156,0.0,238.83496528240164,235.27452724724128,237.0458053793808,0.0,127900300
2019-01-22,0.0,235.14920043945312,0.0,237.11728664606434,233.53896794342953,236.9025962600359,0.0,115531200
2019-01-23,0.0,235.64122009277344,0.0,236.87574433178852,233.1811261470387,236.1779733228326,0.0,86030300
2019-01-24,0.0,235.76646423339844,0.0,236.34796286693012,234.45143100905162,235.46231041761553,0.0,59204100
2019-01-25,0.0,237.7613983154297,0.0,238.5844236749442,235.86489366572147,237.60930774993875,0.0,96883400
2019-01-28,0.0,235.95431518554688,0.0,236.0169150068937,234.19199234760515,235.62332511402107,0.0,85613700
2019-01-29,0.0,235.64122009277344,0.0,236.66102665952286,234.80926760140358,236.09746443338423,0.0,66136300
2019-01-30,0.0,239.37167358398438,0.0,240.2125808598044,236.39273457951535,237.15313294174558,0.0,92473700
2019-01-31,0.0,241.47398376464844,0.0,241.95706463060415,239.0943975810204,239.30911535500977,0.0,104012100
2019-02-01,0.0,241.59024047851562,0.0,242.6100746470518,240.80300581517082,241.67074939175615,0.0,85782500
2019-02-04,0.0,243.28993225097656,0.0,243.3525593935762,240.96401914371378,241.63495404193895,0.0,60744800
2019-02-05,0.0,244.30970764160156,0.0,244.61386144626238,243.21831937762838,243.71928179711728,0.0,79552800
2019-02-06,0.0,243.98764038085938,0.0,244.52439362076777,243.25410583006848,244.03238574275397,0.0,58347800
2019-02-07,0.0,241.6617889404297,0.0,242.92312237490376,240.0068109279789,242.37744182669658,0.0,95482000
2019-02-08,0.0,241.95697021484375,0.0,242.05536087669893,239.59526672545192,240.41829205368393,0.0,75788900
2019-02-11,0.0,242.0911407470703,0.0,242.8694206752519,241.56334202911273,242.61001223279428,0.0,68021400
2019-02-12,0.0,245.20431518554688,0.0,245.5800233927025,243.62984608780823,243.70142775610952,0.0,72270200
2019-02-13,0.0,246.00047302246094,0.0,246.84138015886657,245.61581028783473,246.03626385603758,0.0,65277200
2019-02-14,0.0,245.4547576904297,0.0,246.58193673483984,244.10393374358281,244.9180044645009,0.0,83234400
2019-02-15,0.0,248.12954711914062,0.0,248.16533794838358,247.02027711624203,247.22601295848074,0.0,97088700
2019-02-19,0.0,248.5589599609375,0.0,249.21198562989034,247.32443568208936,247.33339021467367,0.0,59120800
2019-02-20,0.0,249.05995178222656,0.0,249.51619619142238,248.02223599489156,248.52319847147984,0.0,76610800
2019-02-21,0.0,248.17430114746094,0.0,248.78260876381597,247.21709435971118,248.42478236010152,0.0,64214700
2019-02-22,0.0,249.71298217773438,0.0,249.90976349673753,248.15639498772296,248.79153890928347,0.0,78114600
2019-02-25,0.0,250.0529327392578,0.0,251.6542382053372,249.97242383431418,251.13539394000878,0.0,69030700
2019-02-26,0.0,249.8740234375,0.0,250.7506941241526,249.49828792864352,249.7040511002087,0.0,56844100
2019-02-27,0.0,249.7667236328125,0.0,250.11559560406909,248.22804508425676,249.15838854121603,0.0,56921600
2019-02-28,0.0,249.30152893066406,0.0,249.99037295065955,248.97949325929966,249.5520102196407,0.0,69268300
2019-03-01,0.0,250.85806274414062,0.0,251.26956178049417,249.42672969982436,250.875944510797,0.0,78880500
2019-03-04,0.0,249.94552612304688,0.0,252.15513875053298,247.65540461039754,251.91361209504328,0.0,106494600
2019-03-05,0.0,249.60560607910156,0.0,250.26761358958612,249.05992559250146,250.07080497302118,0.0,59114600
2019-03-06,0.0,248.09375,0.0,249.73084596641513,247.77171444618895,249.72189143423049,0.0,75039800
2019-03-07,0.0,246.0183868408203,0.0,247.78963728117097,245.17747968817417,247.646501244507,0.0,94885100
2019-03-08,0.0,245.52630615234375,0.0,245.69627845814716,243.7013834485637,244.16655500631896,0.0,85795800
2019-03-11,0.0,249.0867919921875,0.0,249.24780979781647,246.21519859017263,246.24203489111082,0.0,65098900
2019-03-12,0.0,250.02610778808594,0.0,250.54497937737827,249.45359089347113,249.64144501353428,0.0,79667500
2019-03-13,0.0,251.6811065673828,0.0,252.61147731037204,250.7507358243936,250.91178095520416,0.0,80639200
2019-03-14,0.0,251.52001953125,0.0,252.1283271456543,251.0816842356358,251.70787361502687,0.0,67518400
2019-03-15,0.0,252.7626495361328,1.233,253.57131202170393,251.88209009768903,252.0707990334898,0.0,81309000
2019-03-18,0.0,253.6791534423828,0.0,253.97568041420575,252.75367888847163,252.97830890078654,0.0,62199800
2019-03-19,0.0,253.7421112060547,0.0,255.50320320501433,252.85258493986163,254.7394829347921,0.0,90268100
2019-03-20,0.0,252.97828674316406,0.0,254.7304116540192,251.8731247285923,253.526398183946,0.0,84609200
2019-03-21,0.0,255.83563232421875,0.0,256.2399499079423,252.115746030022,252.16068848642908,0.0,79550400
2019-03-22,0.0,250.9117889404297,0.0,255.00004525839176,250.8488859396825,254.4789155595248,0.0,122659300
2019-03-25,0.0,250.72303771972656,0.0,251.75633027368409,249.46511515748892,250.57027724900775,0.0,85575200
2019-03-26,0.0,252.59194946289062,0.0,253.54437851241264,251.19026039300329,252.47513747029075,0.0,68125900
2019-03-27,0.0,251.27108764648438,0.0,253.16697891758005,249.72563230261858,252.58291903886354,0.0,72224700
2019-03-28,0.0,252.22361755371094,0.0,252.67287768913806,250.7500585682545,251.90016341812145,0.0,56238500
2019-03-29,0.0,253.81405639648438,0.0,254.1375105835766,252.61004233230722,253.7331928497113,0.0,82186800
2019-04-01,0.0,256.823974609375,0.0,257.12050158234626,255.53909751491526,255.80866998313059,0.0,77617900
2019-04-02,0.0,256.9498291015625,0.0,257.1834531340026,256.1591269185293,257.0127320980904,0.0,40070400
2019-04-03,0.0,257.3541259765625,0.0,258.55813955865335,256.75210547518907,258.16278854117206,0.0,68243200
2019-04-04,0.0,258.0370788574219,0.0,258.28866346963747,256.9858253573542,257.6776761857805,0.0,48997500
2019-04-05,0.0,259.2859802246094,0.0,259.33988924285876,258.41441453536396,258.7019475798009,0.0,58621700
2019-04-08,0.0,259.4836730957031,0.0,259.59149113940293,258.2077622637104,258.8636919237671,0.0,53566300
2019-04-09,0.0,258.15386962890625,0.0,258.8457204003386,257.6057853984204,258.52226624870707,0.0,66142300
2019-04-10,0.0,259.0343933105469,0.0,259.1242508136989,258.1538336527132,258.5671452624204,0.0,52601500
2019-04-11,0.0,258.9624938964844,0.0,259.52856599827516,258.39642179469354,259.5195720218468,0.0,55093100
2019-04-12,0.0,260.71453857421875,0.0,260.9930775507416,259.0073562411478,260.57077209913416,0.0,69727800
2019-04-15,0.0,260.54388427734375,0.0,260.8853263154702,259.74418819639936,260.78647484201645,0.0,49596700
2019-04-16,0.0,260.71453857421875,0.0,261.47828597657065,260.1215121472391,261.4243769759953,0.0,52153200
2019-04-17,0.0,260.07659912109375,0.0,261.85565099506766,259.6632602193015,261.8286964945726,0.0,58268300
2019-04-18,0.0,260.5888366699219,0.0,260.85840920108075,259.3668622747877,260.6607336464958,0.0,68708500
2019-04-22,0.0,260.8133544921875,0.0,260.9661149361686,259.73514709355516,259.8250045652705,0.0,40160100
2019-04-23,0.0,263.15863037109375,0.0,263.3922544241675,260.94827810651367,261.1818747389239,0.0,52246600
2019-04-24,0.0,262.5745849609375,0.0,263.41020222021825,262.4308184291265,263.07775411194496,0.0,50392900
2019-04-25,0.0,262.4127502441406,0.0,263.06867970360906,261.2267247054764,262.47565322395,0.0,57770900
2019-04-26,0.0,263.634765625,0.0,263.7066351624023,261.6849650923547,262.45770657786915,0.0,50916400
2019-04-29,0.0,264.04815673828125,0.0,264.56931386896713,263.6348450771833,263.7247025915081,0.0,57197700
2019-04-30,0.0,264.182861328125,0.0,264.47039433172,262.29599111609195,263.706646787458,0.0,81111700
2019-05-01,0.0,262.1971435546875,0.0,265.0185097807534,262.1881495792361,264.8118402899683,0.0,71671900
2019-05-02,0.0,261.6310729980469,0.0,262.99684108288136,260.1395263594633,262.0803330426567,0.0,65030200
2019-05-03,0.0,264.19189453125,0.0,264.4704336008856,261.7389245024655,263.1046927620058,0.0,56543700
2019-05-06,0.0,263.104736328125,0.0,263.5450025264516,259.5825244795173,259.89701208717844,0.0,107198100
2019-05-07,0.0,258.7108154296875,0.0,261.29855700099677,256.80595772320976,260.7055306058509,0.0,144729900
2019-05-08,0.0,258.35150146484375,0.0,260.0586842910349,257.75847486656824,258.35150146484375,0.0,91568300
2019-05-09,0.0,257.5697021484375,0.0,258.1716950892347,254.55066120944176,256.2848253505931,0.0,103471100
2019-05-10,0.0,258.8637390136719,0.0,259.61849287752995,253.65230411465123,256.6353984960906,0.0,112429300
2019-05-13,0.0,252.35836791992188,0.0,254.7214804117822,251.52275072246363,253.7600846462088,0.0,127290500
2019-05-14,0.0,254.64060974121094,0.0,256.1681049927601,253.24791445118507,253.37369301577155,0.0,77003200
2019-05-15,0.0,256.1321716308594,0.0,256.7701133090534,252.8076358497461,253.0143053717125,0.0,73956400
2019-05-16,0.0,258.5042419433594,0.0,259.8609886388919,256.76111076781007,256.83298031022184,0.0,76749600
2019-05-17,0.0,256.8330993652344,0.0,259.3130247481953,256.18616350101286,256.20415146044695,0.0,100353000
2019-05-20,0.0,255.134765625,0.0,256.9407721836039,254.3889786675139,255.23358966334033,0.0,62877600
2019-05-21,0.0,257.4349670410156,0.0,257.81233007528556,256.5723681213772,256.82395261777503,0.0,46847100
2019-05-22,0.0,256.6442565917969,0.0,257.59668554101046,256.16804211719005,256.4825295824555,0.0,49482500
2019-05-23,0.0,253.50848388671875,0.0,254.46987959084603,252.09780069472387,254.42496455238847,0.0,98733800
2019-05-24,0.0,254.08351135253906,0.0,255.35942195245426,253.46353029337246,254.94608296590505,0.0,55268100
2019-05-28,0.0,251.72047424316406,0.0,255.31455569563306,251.70251370734124,254.362126304382,0.0,70029400
2019-05-29,0.0,250.0312042236328,0.0,251.01058794348035,248.6295149162675,250.6062703090443,0.0,104972900
2019-05-30,0.0,250.71408081054688,0.0,251.62159495277587,249.61788511125124,250.78595035873343,0.0,62523800
2019-05-31,0.0,247.33560180664062,0.0,248.997869366568,247.30864730223772,248.17124628444185,0.0,86862800
2019-06-03,0.0,246.70669555664062,0.0,248.48574798655588,245.37687580180707,247.37159172372733,0.0,96428000
2019-06-04,0.0,252.06187438964844,0.0,252.1966469375377,248.54865706447725,248.99791717121533,0.0,77231900
2019-06-05,0.0,254.24520874023438,0.0,254.27216324311325,251.87313022493018,253.6791367591237,0.0,71169700
2019-06-06,0.0,255.89852905273438,0.0,256.5724191686605,253.89484665726926,254.54178226538465,0.0,69430400
2019-06-07,0.0,258.4593505859375,0.0,259.5375858798903,256.7431735770717,256.9138946222919,0.0,74272200
2019-06-10,0.0,259.6453552246094,0.0,261.3076228990596,259.5554977301904,260.0047577816279,0.0,60799100
2019-06-11,0.0,259.58245849609375,0.0,261.8287588074491,258.93552290959707,261.46036226590786,0.0,58641300
2019-06-12,0.0,259.12432861328125,0.0,259.90603702615005,258.6121653701367,259.3489587282743,0.0,47096300
2019-06-13,0.0,260.19354248046875,0.0,260.55297260064253,259.3309705175219,260.0318153787915,0.0,48945200
2019-06-14,0.0,259.9058837890625,0.0,260.5078767867424,259.14213636424796,259.9058837890625,0.0,52324700
2019-06-17,0.0,260.0047302246094,0.0,260.7684777152376,259.83400922950466,260.13950274162505,0.0,39205700
2019-06-18,0.0,262.727294921875,0.0,263.778575596661,261.4603781786856,261.81980818690425,0.0,85434800
2019-06-19,0.0,263.32025146484375,0.0,263.8503749390502,261.8916080504937,262.8619975207617,0.0,78674400
2019-06-20,0.0,265.83612060546875,0.0,266.24046558371964,263.3831784940885,265.9978750491621,0.0,116570000
2019-06-21,0.0,265.4497375488281,1.432,266.82212083031214,265.2330527028107,265.5671176917623,0.0,83309500
2019-06-24,0.0,265.12469482421875,0.0,265.97338627298683,264.9711913645555,265.6573967423069,0.0,47582700
2019-06-25,0.0,262.5243835449219,0.0,265.2059687471691,262.41604112123906,265.1788831412484,0.0,82028700
2019-06-26,0.0,262.262451171875,0.0,263.9237654132579,262.15410878391754,263.4181492334464,0.0,51584900
2019-06-27,0.0,263.1925354003906,0.0,263.6981517889475,262.6417855162231,263.0209840306274,0.0,40355200
2019-06-28,0.0,264.5468444824219,0.0,265.0434231006258,263.6529919480454,264.1676184518848,0.0,59350900
2019-07-01,0.0,266.9485778808594,0.0,268.08622859750477,265.74771822350516,267.8695161656501,0.0,78705600
2019-07-02,0.0,267.6437683105469,0.0,267.69793952489164,266.0637102660974,266.9033916424673,0.0,61504500
2019-07-03,0.0,269.7835998535156,0.0,269.8016752933706,268.1764562858047,268.3209220345233,0.0,40898900
2019-07-05,0.0,269.47662353515625,0.0,269.63916472557844,267.2645588956779,268.5556853748782,0.0,51677300
2019-07-08,0.0,267.99591064453125,0.0,269.2960749060107,267.45417094324387,268.1674620091727,0.0,45841800
2019-07-09,0.0,268.32989501953125,0.0,268.6278366109929,266.7859607557403,266.8401319541879,0.0,41101300
2019-07-10,0.0,269.6119384765625,0.0,270.5599893992707,268.8625519870431,269.39525371892086,0.0,58448500
2019-07-11,0.0,270.2440490722656,0.0,270.48781949375126,269.2418542299152,270.2530867910683,0.0,50826100
2019-07-12,0.0,271.4539489746094,0.0,271.5261956250817,270.42466841458145,270.73164779402924,0.0,40326000
2019-07-15,0.0,271.5441589355469,0.0,271.8872615333681,271.03854275581523,271.8872615333681,0.0,33900000
2019-07-16,0.0,270.66851806640625,0.0,271.6617031458477,270.3615385971301,271.4540284074998,0.0,36650100
2019-07-17,0.0,268.8265380859375,0.0,270.80386996621183,268.8265380859375,270.64135633183906,0.0,36036300
2019-07-18,0.0,269.81072998046875,0.0,270.18995607768375,267.8875965462523,268.33000403131257,0.0,51392600
2019-07-19,0.0,268.3118591308594,0.0,270.93023487092404,268.14030781010166,270.90314927048956,0.0,58678600
2019-07-22,0.0,268.970947265625,0.0,269.51268682028854,268.194475028688,268.7091014293009,0.0,43638100
2019-07-23,0.0,270.8941955566406,0.0,270.8941955566406,269.25996619761105,270.09063745855633,0.0,44564500
2019-07-24,0.0,272.1673278808594,0.0,272.1673278808594,270.04552959092644,270.1358241561639,0.0,47213200
2019-07-25,0.0,270.8670959472656,0.0,271.76998626708985,270.06351033668966,271.71581505222247,0.0,55394100
2019-07-26,0.0,272.681884765625,0.0,272.88052171662747,271.4268541311043,271.55327198811625,0.0,45084100
2019-07-29,0.0,272.185302734375,0.0,272.68190893290586,271.6345528760698,272.5645287849981,0.0,38126500
2019-07-30,0.0,271.51715087890625,0.0,271.9234625037329,270.4065859773304,270.7858119974368,0.0,45849000
2019-07-31,0.0,268.546630859375,0.0,271.9505446149553,266.5332033083149,271.7609178303265,0.0,104245200
2019-08-01,0.0,266.20806884765625,0.0,271.6524941296004,265.4135212851147,268.70005392035205,0.0,142646600
2019-08-02,0.0,264.2037048339844,0.0,265.55804002591907,262.6507327117384,265.31426961081803,0.0,116749700
2019-08-05,0.0,256.25830078125,0.0,260.22197439410274,254.36222586817163,260.1136319797592,0.0,178745400
2019-08-06,0.0,259.851806640625,0.0,260.0685190404571,256.6736428346704,258.14535837183905,0.0,120711700
2019-08-07,0.0,260.0053405761719,0.0,260.7728029003708,254.65120730275834,256.78201534695285,0.0,140572300
2019-08-08,0.0,265.10662841796875,0.0,265.10662841796875,260.94431762874206,261.4950674503696,0.0,87713900
2019-08-09,0.0,263.30084228515625,0.0,264.76352003700896,261.5221474446139,264.1676091836573,0.0,93730000
2019-08-12,0.0,260.0956726074219,0.0,263.29188513433445,259.14762105124436,261.8021213220913,0.0,65527600
2019-08-13,0.0,264.14056396484375,0.0,265.5851940525705,259.4545607891331,259.79766353479624,0.0,94299800
2019-08-14,0.0,256.3305358886719,0.0,260.70052138237736,256.204145582048,260.0956003464888,0.0,135622100
2019-08-15,0.0,257.0076904296875,0.0,257.9015704661981,254.96717731036955,257.215365095548,0.0,99556600
2019-08-16,0.0,260.79986572265625,0.0,261.23323542718947,257.06188669690755,258.6600201444486,0.0,83018300
2019-08-19,0.0,263.94189453125,0.0,264.6190622184229,263.13833653723043,263.81550422440336,0.0,53571800
2019-08-20,0.0,261.9193420410156,0.0,263.9688923061297,261.7929517762229,263.43619054261586,0.0,51596400
2019-08-21,0.0,264.05029296875,0.0,264.4204537634302,263.3911730960728,264.07737857699556,0.0,49524700
2019-08-22,0.0,263.96893310546875,0.0,265.38647715768724,262.1992762467483,264.7544706280108,0.0,51666400
2019-08-23,0.0,257.18829345703125,0.0,264.33015864750445,255.94230050225514,262.6688438924776,0.0,149161500
2019-08-26,0.0,260.0323791503906,0.0,260.0323791503906,257.8473727295932,259.37325938101276,0.0,72423800
2019-08-27,0.0,259.0121765136719,0.0,261.7930945034179,258.25375184938554,261.4229061159633,0.0,66668900
2019-08-28,0.0,260.83599853515625,0.0,260.9985121802663,257.5494645347921,258.35305014787957,0.0,59696700
2019-08-29,0.0,264.1676025390625,0.0,264.69129428520955,262.3889077432596,263.3911301931494,0.0,57899400
2019-08-30,0.0,264.05029296875,0.0,265.6664468507787,263.12031701361735,265.6483989632906,0.0,62901200
2019-09-03,0.0,262.5063171386719,0.0,263.2647416845759,261.17906729483354,262.3528412178477,0.0,69101400
2019-09-04,0.0,265.48583984375,0.0,265.50388772814705,263.9238298917129,264.6732441815311,0.0,46887300
2019-09-05,0.0,268.8987121582031,0.0,269.81061234095563,265.44966567154756,267.9687365404941,0.0,83258100
2019-09-06,0.0,269.10638427734375,0.0,269.74745608960535,268.537586657619,269.2147542351201,0.0,49584300
2019-09-09,0.0,269.24188232421875,0.0,270.18086834097136,268.3028687534425,270.0906013596085,0.0,51260300
2019-09-10,0.0,269.17864990234375,0.0,269.2418588270002,267.22840383509777,268.4834068391647,0.0,57947100
2019-09-11,0.0,271.09283447265625,0.0,271.17409129973674,268.8356085403277,269.48569071099945,0.0,68821100
2019-09-12,0.0,272.03179931640625,0.0,273.08816543274827,271.23725152228974,271.9956759928493,0.0,72908700
2019-09-13,0.0,271.8513488769531,0.0,272.8264862320803,271.4811603952879,272.4743456443853,0.0,62104800
2019-09-16,0.0,271.0115661621094,0.0,271.896408609539,270.3705217396185,270.7226346420475,0.0,58191200
2019-09-17,0.0,271.6977844238281,0.0,271.78805141832373,270.6413905587591,270.81294193474486,0.0,41475500
2019-09-18,0.0,271.8602600097656,0.0,271.9686024312111,269.27797956454594,271.30948262871954,0.0,73375800
2019-09-19,0.0,271.8421936035156,0.0,273.24169007108816,271.5081286082832,272.2485052514616,0.0,76560500
2019-09-20,0.0,270.5577392578125,1.384,272.7256250118713,269.7686018264229,272.44441106611964,0.0,89565000
2019-09-23,0.0,270.49432373046875,0.0,271.2109087987867,269.6416852140578,269.89566087758845,0.0,43476800
2019-09-24,0.0,268.37176513671875,0.0,271.97279346935863,267.4102840114436,271.5827644184251,0.0,94869400
2019-09-25,0.0,269.95916748046875,0.0,270.4036179808236,266.97493260928337,268.4534446997761,0.0,71854000
2019-09-26,0.0,269.3966979980469,0.0,270.17675595776956,267.99076670726214,269.96814996825674,0.0,56179700
2019-09-27,0.0,267.9454650878906,0.0,270.2584842358922,266.394400547626,270.1496138053091,0.0,84746600
2019-09-30,0.0,269.1881103515625,0.0,269.8956158448682,268.4171317139182,268.4624736286267,0.0,51662400
2019-10-01,0.0,265.9861755371094,0.0,270.72102824217234,265.76849006877796,270.06794415591315,0.0,88242400
2019-10-02,0.0,261.2876281738281,0.0,264.4169953695027,259.9996188362365,264.4079159140389,0.0,122539500
2019-10-03,0.0,263.4283447265625,0.0,263.45555541593865,258.34880381994094,261.06090402575535,0.0,85278800
2019-10-04,0.0,266.9930419921875,0.0,267.2470176140269,264.0269389043035,264.0813879558739,0.0,65091200
2019-10-07,0.0,265.8410339355469,0.0,267.818445039267,265.5598476544299,266.19480049123445,0.0,59610500
2019-10-08,0.0,261.7139587402344,0.0,264.7254038708757,261.67766859806807,263.9906876592985,0.0,95708100
2019-10-09,0.0,264.1993408203125,0.0,265.1336114585525,263.10180603510383,263.72767961308983,0.0,62359400
2019-10-10,0.0,265.9861755371094,0.0,266.86602454663546,263.954370682643,264.1176347838915,0.0,55296300
2019-10-11,0.0,268.7436828613281,0.0,270.9750422719158,268.6167088805522,268.7346034051052,0.0,98720400
2019-10-14,0.0,268.4443054199219,0.0,269.0973894531063,268.0996183355658,268.42614651152667,0.0,40394800
2019-10-15,0.0,271.10198974609375,0.0,271.84578529470946,269.3695025112143,269.48742469346604,0.0,46754500
2019-10-16,0.0,270.6665954589844,0.0,271.35596965464424,270.2312245406846,270.63938477659065,0.0,48928200
2019-10-17,0.0,271.4647521972656,0.0,272.33552152206926,270.77537815444816,271.82757044249564,0.0,45736600
2019-10-18,0.0,270.276611328125,0.0,271.5737002063706,269.4239728965291,270.9296954952778,0.0,64304000
2019-10-21,0.0,272.1088562011719,0.0,272.30841046123777,271.15645449887944,271.5918531611871,0.0,39048600
2019-10-22,0.0,271.2199401855469,0.0,272.9342686902184,271.1292286758053,272.6440029315517,0.0,48594700
2019-10-23,0.0,272.0090637207031,0.0,272.0634850874928,270.75731692201106,270.965950615548,0.0,34352200
2019-10-24,0.0,272.45355224609375,0.0,273.08850518920275,271.62812449255955,272.9433722970273,0.0,35453100
2019-10-25,0.0,273.5692443847656,0.0,274.1134858073228,271.82767736883653,271.8820987429654,0.0,45205400
2019-10-28,0.0,275.11126708984375,0.0,275.6101666626339,274.75752810961376,274.7847388004007,0.0,42147000
2019-10-29,0.0,275.0295104980469,0.0,275.95472892845504,274.71203412842175,274.83903574877576,0.0,44284900
2019-10-30,0.0,275.873046875,0.0,276.24491685287677,273.92284710714415,275.2290147992756,0.0,49643900
2019-10-31,0.0,275.138427734375,0.0,275.864092158819,273.68715424802167,275.864092158819,0.0,69053800
2019-11-01,0.0,277.6872863769531,0.0,277.73262829214644,276.41738057633785,276.5806723698209,0.0,71141500
2019-11-04,0.0,278.8029479980469,0.0,279.37440006354313,278.4310501827038,279.2383466387265,0.0,60606900
2019-11-05,0.0,278.49456787109375,0.0,279.30186437599883,278.2043020930648,279.00251914201027,0.0,42933200
2019-11-06,0.0,278.5580749511719,0.0,278.8301818233875,277.6147249920431,278.4945741205653,0.0,46487100
2019-11-07,0.0,279.5376281738281,0.0,280.8710069278483,279.0659671347833,279.89139471405895,0.0,54272300
2019-11-08,0.0,280.2270202636719,0.0,280.28144163006976,278.49453294996727,279.19295893958304,0.0,49032100
2019-11-11,0.0,279.69189453125,0.0,279.864238107545,278.7122544469131,278.84833556176477,0.0,35797300
2019-11-12,0.0,280.2813720703125,0.0,281.17935207428286,279.51036599600343,280.05460720617793,0.0,46484600
2019-11-13,0.0,280.3721008300781,0.0,280.77120923005054,279.0659329176702,279.2926977957791,0.0,53917700
2019-11-14,0.0,280.7803649902344,0.0,280.862024736105,279.4560653623706,280.0910183287371,0.0,51219900
2019-11-15,0.0,282.81219482421875,0.0,282.85753674364037,281.4243943784293,282.11374103249324,0.0,62023600
2019-11-18,0.0,283.0207824707031,0.0,283.2566268714091,282.1228021468884,282.57633203669667,0.0,49228000
2019-11-19,0.0,282.9391174316406,0.0,283.62849164179835,282.2951128139359,283.6194121870548,0.0,67804700
2019-11-20,0.0,281.886962890625,0.0,282.86660297199927,280.3358983899287,282.34957224467774,0.0,79406200
2019-11-21,0.0,281.4334411621094,0.0,282.10468425402297,280.6352517705745,281.9958415043259,0.0,54664700
2019-11-22,0.0,282.05926513671875,0.0,282.3132407351811,281.0524421975064,282.17718732194487,0.0,44850200
2019-11-25,0.0,284.245361328125,0.0,284.245361328125,282.98456243967775,282.98456243967775,0.0,48647200
2019-11-26,0.0,284.8893737792969,0.0,285.0707968398084,283.9641826057425,284.2816591210013,0.0,37569000
2019-11-27,0.0,286.15924072265625,0.0,286.15924072265625,285.15238993261636,285.3700754304547,0.0,44444600
2019-11-29,0.0,285.09796142578125,0.0,285.84175709981287,284.87119647744976,285.59683323960326,0.0,36592700
2019-12-02,0.0,282.67608642578125,0.0,285.4153966404745,282.24976727728045,285.3518958206147,0.0,75767800
2019-12-03,0.0,280.7803649902344,0.0,280.862024736105,278.58529565869156,279.9640166629559,0.0,73941700
2019-12-04,0.0,282.51287841796875,0.0,283.1115412943075,281.4788444906727,281.8235316935288,0.0,49080000
2019-12-05,0.0,283.0207824707031,0.0,283.2294161852713,281.71461417355385,283.2112849549353,0.0,40709000
2019-12-06,0.0,285.60589599609375,0.0,286.00500449632267,284.9165217354681,284.9256011908763,0.0,48927000
2019-12-09,0.0,284.7079162597656,0.0,285.88708285190785,284.63533597889335,285.21586750080536,0.0,34838500
2019-12-10,0.0,284.390380859375,0.0,285.3155716392044,283.73729687324226,284.65343588078895,0.0,52649800
2019-12-11,0.0,285.1977233886719,0.0,285.4516989977195,284.3087949163725,284.8439568182491,0.0,53429100
2019-12-12,0.0,287.6559143066406,0.0,288.43597254390977,284.971024718016,285.206841471859,0.0,96389600
2019-12-13,0.0,287.8282470703125,0.0,289.0527834416107,286.6490526203965,287.42005905278955,0.0,81503900
2019-12-16,0.0,289.8055725097656,0.0,290.3951557751756,287.76468819631657,289.55159690245364,0.0,82749700
2019-12-17,0.0,289.8690185546875,0.0,290.485812387136,289.7873865193276,290.1864949241495,0.0,61097700
2019-12-18,0.0,289.88726806640625,0.0,290.48593091791935,289.83284668729334,290.2591659445252,0.0,48133000
2019-12-19,0.0,291.07550048828125,0.0,291.14808077783215,289.823753465592,290.07772911648044,0.0,85310500
2019-12-20,0.0,292.3515930175781,1.57,293.48186803995895,291.13016050237536,292.1054650052227,0.0,147142100
2019-12-23,0.0,292.7983093261719,0.0,293.19025605431125,292.65246286090326,293.13556710700664,0.0,52990000
2019-12-24,0.0,292.807373046875,0.0,293.0716936318886,292.50655608135855,293.02612879098643,0.0,20270000
2019-12-26,0.0,294.36602783203125,0.0,294.37515192605576,293.1810639379538,293.1901602146185,0.0,30911200
2019-12-27,0.0,294.2931213378906,0.0,295.149951744562,293.7644523592922,295.0952628094436,0.0,42528800
2019-12-30,0.0,292.67059326171875,0.0,294.5118799794698,292.18748916413625,294.3751576532409,0.0,49729100
2019-12-31,0.0,293.3816223144531,0.0,293.62775035689424,291.82293192090606,292.16931374555315,0.0,57077300
2020-01-02,0.0,296.12530517578125,0.0,296.1435533670269,293.9923531023892,294.9129966046256,0.0,59151200
2020-01-03,0.0,293.8829345703125,0.0,295.00411329960116,292.68884653822107,292.74353546966336,0.0,77709700
2020-01-06,0.0,295.004150390625,0.0,295.0861837981025,292.01434006994486,292.1328420420894,0.0,55653900
2020-01-07,0.0,294.1746826171875,0.0,294.91301114756425,293.7280191701127,294.4390032296372,0.0,40496400
2020-01-08,0.0,295.7424621582031,0.0,296.95477064555246,294.11995883928836,294.3660590478099,0.0,68296000
2020-01-09,0.0,297.7477722167969,0.0,297.820709338136,296.71775096243204,297.3011366636997,0.0,48473300
2020-01-10,0.0,296.8909606933594,0.0,298.4861195611985,296.42610473911026,298.33117684890317,0.0,53029300
2020-01-13,0.0,298.93280029296875,0.0,298.9418965712198,297.0824170116794,297.5108322451486,0.0,47086800
2020-01-14,0.0,298.4770812988281,0.0,299.54354357146394,297.9210399203598,298.4953016751799,0.0,62832800
2020-01-15,0.0,299.1515197753906,0.0,299.9080685509151,298.3038135068561,298.38584690535674,0.0,72056600
2020-01-16,0.0,301.6400146484375,0.0,301.6400146484375,300.30008000636747,300.52795985830204,0.0,54050300
2020-01-17,0.0,302.5788269042969,0.0,302.7884585291991,301.5761501633732,302.3509470912397,0.0,95846000
2020-01-21,0.0,301.98638916015625,0.0,302.78853074420584,301.5488776178504,301.62178693577914,0.0,77742400
2020-01-22,0.0,302.02276611328125,0.0,303.4903264792452,301.8678234281699,302.8431278236257,0.0,48914900
2020-01-23,0.0,302.3691711425781,0.0,302.77936593801815,300.2635638696882,301.37561848363805,0.0,51963000
2020-01-24,0.0,299.6802978515625,0.0,303.107620551751,298.39505183899183,303.025587123379,0.0,87578400
2020-01-27,0.0,294.8765563964844,0.0,296.3532135264237,294.1108833593813,294.4481411214826,0.0,84062500
2020-01-28,0.0,297.9666442871094,0.0,298.8416952816207,294.9677371260553,296.2985479035743,0.0,63834000
2020-01-29,0.0,297.7204284667969,0.0,299.55259115613137,297.5198931086739,299.32471133178075,0.0,53888900
2020-01-30,0.0,298.68658447265625,0.0,298.89624388865093,294.9129097062482,295.6603342582397,0.0,75491800
2020-01-31,0.0,293.26312255859375,0.0,298.22178991387807,292.3516032332454,298.0668193889295,0.0,113845600
2020-02-03,0.0,295.44158935546875,0.0,297.30109625380913,294.6212276647578,294.73972960780577,0.0,69083000
2020-02-04,0.0,299.94451904296875,0.0,300.8104734483571,298.723086598825,299.0421238964606,0.0,62573200
2020-02-05,0.0,303.4083251953125,0.0,303.6179846653886,301.41212336008243,302.870532103236,0.0,65951100
2020-02-06,0.0,304.4292297363281,0.0,304.6206410029242,303.35361580732535,304.3654167083422,0.0,50359700
2020-02-07,0.0,302.8067932128906,0.0,304.4383931119409,302.25987594185665,303.3719308599242,0.0,64139400
2020-02-10,0.0,305.0672607421875,0.0,305.13107376686384,301.88606741089336,301.92253597033135,0.0,42070000
2020-02-11,0.0,305.5960388183594,0.0,307.2002942348692,305.0673419265735,306.4164008111858,0.0,54864500
2020-02-12,0.0,307.56488037109375,0.0,307.77451202465284,306.66245727222037,307.02705945948134,0.0,43992700
2020-02-13,0.0,307.23675537109375,0.0,308.202963799749,305.86947614367216,306.1429208622096,0.0,54501900
2020-02-14,0.0,307.7288818359375,0.0,307.84738378054004,306.4527605428289,307.646848447526,0.0,64582200
2020-02-18,0.0,306.9359130859375,0.0,307.79274347896046,305.550385905375,306.7353777212436,0.0,57226200
2020-02-19,0.0,308.4035339355469,0.0,309.07804952882344,307.61964044253574,307.90220928930677,0.0,48814700
2020-02-20,0.0,307.1363830566406,0.0,308.6768526171269,304.1556976879884,307.85646314336725,0.0,74163400
2020-02-21,0.0,303.9735107421875,0.0,306.0973387829116,303.1531209980254,305.7874255135602,0.0,113788200
2020-02-24,0.0,293.8921203613281,0.0,304.04643281297626,292.81650624331786,294.5484154937722,0.0,161088400
2020-02-25,0.0,284.9864807128906,0.0,295.88824287722144,284.11143004396996,295.2775405729495,0.0,218913200
2020-02-26,0.0,283.938232421875,0.0,289.9633610159589,283.2090281846531,286.3810972156628,0.0,194773800
2020-02-27,0.0,271.18609619140625,0.0,283.99293030133657,271.18609619140625,278.43265741082325,0.0,284353500
2020-02-28,0.0,270.0467834472656,0.0,271.5325647241753,260.2752930240666,263.15569806188904,0.0,384975800
2020-03-02,0.0,281.7415466308594,0.0,281.80535966924487,268.40601247661044,271.82421045255126,0.0,238703600
2020-03-03,0.0,273.6745300292969,0.0,286.07119736155244,271.24078921564694,282.11520716459734,0.0,300139100
2020-03-04,0.0,285.1779479980469,0.0,285.3967315712866,276.49116917188974,279.0343161033958,0.0,176613400
2020-03-05,0.0,275.6982116699219,0.0,281.1764533921752,273.46500533027745,277.99525887539363,0.0,186366800
2020-03-06,0.0,271.1405029296875,0.0,272.343714991951,264.5502366862195,267.21185726562237,0.0,228667200
2020-03-09,0.0,249.9659881591797,0.0,259.04471406948755,249.25500410266218,250.94129282702897,0.0,309417300
2020-03-10,0.0,262.9005126953125,0.0,262.99164240745563,249.30062712234025,259.45496949165477,0.0,276444100
2020-03-11,0.0,250.0843963623047,0.0,256.99372753135424,246.91232732401264,255.86345261585788,0.0,255316300
2020-03-12,0.0,226.15707397460938,0.0,243.06576125881952,225.76511340861424,233.3489613279396,0.0,392220700
2020-03-13,0.0,245.49037170410156,0.0,247.45925662714072,226.53076847464146,239.8115967480577,0.0,329566100
2020-03-16,0.0,218.6279296875,0.0,234.16932404862888,216.35824141554718,219.84023822786799,0.0,297240000
2020-03-17,0.0,230.43209838867188,0.0,233.50392810842425,216.09390266325667,223.35869921057358,0.0,262070500
2020-03-18,0.0,218.7646484375,0.0,226.39406110097966,207.8446502974257,215.34645080566406,0.0,327597100
2020-03-19,0.0,219.22952270507812,0.0,225.49167035009614,211.67303310856974,218.08101328487268,0.0,289322000
2020-03-20,0.0,209.78201293945312,1.406,224.149511692918,209.50694631687315,222.37076338943308,0.0,347158800
2020-03-23,0.0,204.418212890625,0.0,210.5888059303928,200.11804724519777,209.22266488933178,0.0,326025200
2020-03-24,0.0,222.9391632080078,0.0,223.8102096064836,214.3663514159035,214.9348120208323,0.0,235494500
2020-03-25,0.0,226.27664184570312,0.0,235.04201992086357,219.82181757105965,224.5162352253458,0.0,299430300
2020-03-26,0.0,239.48887634277344,0.0,240.95586078896224,228.34878482606823,228.77971920189324,0.0,257632800
2020-03-27,0.0,232.35556030273438,0.0,239.13129805518238,230.18256074726233,232.21803399813555,0.0,224341200
2020-03-30,0.0,239.9014434814453,0.0,240.61660815727984,232.45638865585167,234.44601489405457,0.0,171369500
2020-03-31,0.0,236.32568359375,0.0,241.44185872909284,234.922859122693,238.90211266816877,0.0,194881100
2020-04-01,0.0,225.68983459472656,0.0,236.24312431481496,223.62685616519354,227.36772539626958,0.0,189554600
2020-04-02,0.0,230.897705078125,0.0,231.67704405266247,224.2594942177443,224.80962736839078,0.0,177660400
2020-04-03,0.0,227.560302734375,0.0,232.2638985790031,224.83716977069236,229.9166755402143,0.0,135561200
2020-04-06,0.0,242.8446502685547,0.0,244.80678550079665,227.5419457283824,236.40816732964865,0.0,188061200
2020-04-07,0.0,243.0922088623047,0.0,252.16930817093797,242.8721667882083,251.4174604431951,0.0,201427200
2020-04-08,0.0,251.25245666503906,0.0,253.05871017209918,243.20225678677284,245.68699208459705,0.0,153774500
2020-04-09,0.0,255.0758514404297,0.0,257.8264895451894,252.57276069196072,254.50736272812495,0.0,189999200
2020-04-13,0.0,252.74700927734375,0.0,254.44324196832764,248.8502713568677,254.10400102631928,0.0,114839100
2020-04-14,0.0,260.201171875,0.0,261.2188944182337,252.60941275513804,257.6247434043118,0.0,134143400
2020-04-15,0.0,254.67239379882812,0.0,260.338700945521,252.56355469912342,254.49818449986756,0.0,121775000
2020-04-16,0.0,255.9010467529297,0.0,256.75373788155946,252.83867290726175,255.94687953066466,0.0,131798300
2020-04-17,0.0,262.8143310546875,0.0,263.41944685021514,258.92674327686353,261.6590540286196,0.0,146684800
2020-04-20,0.0,258.1840515136719,0.0,262.95183530213035,257.96400942467557,259.11925837284326,0.0,100109300
2020-04-21,0.0,250.3448028564453,0.0,254.92920065570146,249.40956779759313,253.72809067077185,0.0,126385700
2020-04-22,0.0,255.9010467529297,0.0,257.64311202094046,253.89307862361522,255.21338720127235,0.0,92951600
2020-04-23,0.0,255.88262939453125,0.0,260.33867676205836,255.58007157656192,257.17543239680975,0.0,104709700
2020-04-24,0.0,259.4494323730469,0.0,260.11876458215687,255.35097927054392,257.3956309371255,0.0,85063200
2020-04-27,0.0,263.1902160644531,0.0,264.3088100325091,260.9622058760842,261.4206455682229,0.0,77896600
2020-04-28,0.0,261.9800109863281,0.0,267.1787025062263,261.677425057309,266.8302837908438,0.0,105270000
2020-04-29,0.0,268.83819580078125,0.0,270.36939668055743,266.2709447231819,267.29784515422165,0.0,118745600
2020-04-30,0.0,266.3351135253906,0.0,268.9390474225819,264.60219818898923,267.462857175173,0.0,122901700
2020-05-01,0.0,259.2843017578125,0.0,266.5001372793607,258.1198471539412,261.5948274910563,0.0,125180000
2020-05-04,0.0,259.99951171875,0.0,260.3020696248995,255.92856473218876,257.40472721224256,0.0,80873200
2020-05-05,0.0,262.40167236328125,0.0,265.2073206037957,260.12780177122573,262.8142792143297,0.0,79569900
2020-05-06,0.0,260.6229553222656,0.0,264.4830095523587,260.192020908388,264.09793589455825,0.0,73632600
2020-05-07,0.0,263.767822265625,0.0,265.6932743331002,263.2635498583758,263.8320105300923,0.0,75250400
2020-05-08,0.0,268.1321716308594,0.0,268.5997890049133,265.7666074831052,266.89437904014466,0.0,76452400
2020-05-11,0.0,268.187255859375,0.0,269.5625751201923,265.7850360274315,266.206792766085,0.0,79514200
2020-05-12,0.0,262.841796875,0.0,269.78255179515514,262.7042425975372,269.36997290557235,0.0,95870800
2020-05-13,0.0,258.19329833984375,0.0,263.31865189419375,255.7727227895186,262.2825734797414,0.0,144721100
2020-05-14,0.0,261.2830810546875,0.0,261.41142959963264,250.29885756390482,255.76347804149395,0.0,121977900
2020-05-15,0.0,262.4842224121094,0.0,262.5300551877956,257.95483612918537,258.8992207520091,0.0,111146300
2020-05-18,0.0,270.47943115234375,0.0,272.0839701507051,268.3706196611589,268.6915050760796,0.0,119703800
2020-05-19,0.0,267.7012634277344,0.0,271.58882289589167,267.6829359139752,269.88344074536735,0.0,95189300
2020-05-20,0.0,272.2489013671875,0.0,273.11076994991015,271.00195923614234,271.2311790085488,0.0,85861700
2020-05-21,0.0,270.3692626953125,0.0,272.92736273842644,269.27817453280215,272.12050480504826,0.0,78293900
2020-05-22,0.0,270.8827819824219,0.0,271.0569912617553,268.84730912262285,270.0851015880697,0.0,63958200
2020-05-26,0.0,274.22027587890625,0.0,277.07178533427884,270.9011769612808,276.8333877387792,0.0,88951400
2020-05-27,0.0,278.3004455566406,0.0,278.33712857289146,272.1940244647287,277.0076420479935,0.0,104817400
2020-05-28,0.0,277.7868957519531,0.0,281.33521382254526,277.11756385460404,279.3272461114309,0.0,90405200
2020-05-29,0.0,279.02471923828125,0.0,279.61150744849493,274.5778489741923,277.3193091660714,0.0,119090800
2020-06-01,0.0,280.1524963378906,0.0,280.7576401144218,277.8694755298853,278.38292576798335,0.0,55758300
2020-06-02,0.0,282.47216796875,0.0,282.51802872321025,279.739885508997,281.06934373149255,0.0,74267200
2020-06-03,0.0,286.23138427734375,0.0,287.18494662104723,284.1775835194625,284.45263612777273,0.0,92567600
2020-06-04,0.0,285.4794616699219,0.0,286.9831568169976,283.38897845196175,285.2502418961064,0.0,75794400
2020-06-05,0.0,292.79620361328125,0.0,294.56577377345707,290.7974136505666,290.8616019107014,0.0,150524700
2020-06-08,0.0,296.3354187011719,0.0,296.52795553104175,293.0621526886974,293.60310815038525,0.0,73641200
2020-06-09,0.0,294.1257629394531,0.0,296.4087837876376,292.8146040767573,293.67647298750563,0.0,77479200
2020-06-10,0.0,292.4844970703125,0.0,295.59273133209695,291.76933233464445,294.7033572907335,0.0,95000800
2020-06-11,0.0,275.6230773925781,0.0,286.20387252008595,275.0729721884442,285.5712235543959,0.0,209243600
2020-06-12,0.0,278.9237976074219,0.0,283.38899457849544,273.7801190211421,282.61881945235933,0.0,194678900
2020-06-15,0.0,281.5278015136719,0.0,282.65557322051234,272.0747773753375,273.2483818586524,0.0,135782700
2020-06-16,0.0,286.94659423828125,0.0,289.4038525103005,282.0963219351536,289.2571484357814,0.0,137627500
2020-06-17,0.0,285.75457763671875,0.0,288.2576679504427,285.0210574809537,287.96425988813667,0.0,83398900
2020-06-18,0.0,285.86468505859375,0.0,286.34145231822947,283.7833786982742,284.2418184413267,0.0,80828700
2020-06-19,0.0,284.23095703125,1.366,289.5169952642536,282.2878135586834,289.323611161699,0.0,135549600
2020-06-22,0.0,286.0543212890625,0.0,286.45030759053503,282.490388367676,283.6323128106449,0.0,74649400
2020-06-23,0.0,287.37127685546875,0.0,289.627527981212,286.9660723422408,288.6973956071107,0.0,68471200
2020-06-24,0.0,280.0408020019531,0.0,285.9530836646762,278.2081916960514,285.3360587710118,0.0,132813500
2020-06-25,0.0,283.0429992675781,0.0,283.31007226818923,277.4530430466422,279.469847494696,0.0,89468000
2020-06-26,0.0,276.3203125,0.0,282.15893364058905,275.7401601235611,281.94711324330086,0.0,127961000
2020-06-29,0.0,280.38153076171875,0.0,280.5196622715444,275.28887633629,277.5727536803356,0.0,79773300
2020-06-30,0.0,283.9730529785156,0.0,285.667559621828,279.7921232790596,279.9486629348006,0.0,113394800
2020-07-01,0.0,285.96221923828125,0.0,287.2238950877985,284.62691073499315,285.08736775765794,0.0,72396500
2020-07-02,0.0,287.53704833984375,0.0,290.7326217108491,286.8739889973159,289.38806675534465,0.0,69344200
2020-07-06,0.0,291.975830078125,0.0,292.55601050927066,290.6036769406393,291.3496151795207,0.0,61713800
2020-07-07,0.0,288.9644775390625,0.0,292.4086879039096,288.5868993171508,290.4379459868934,0.0,82910000
2020-07-08,0.0,291.1746520996094,0.0,291.28515730964824,287.9698885921955,289.7288100254336,0.0,54638600
2020-07-09,0.0,289.5168762207031,0.0,292.0217628054209,286.1094840217067,291.78231623133394,0.0,83354200
2020-07-10,0.0,292.4731750488281,0.0,292.74024807034215,288.0251712561306,289.45257720821917,0.0,57550400
2020-07-13,0.0,289.9406433105469,0.0,297.1882340667077,289.2868020526864,294.81228763297554,0.0,102997500
2020-07-14,0.0,293.69793701171875,0.0,294.47150148289853,287.3251990766644,288.5223761645233,0.0,93657000
2020-07-15,0.0,296.3962707519531,0.0,297.4921610086868,294.0202961383002,296.91198050758385,0.0,87196500
2020-07-16,0.0,295.4200744628906,0.0,295.87131342816184,293.85450907927094,294.4991602617193,0.0,54622500
2020-07-17,0.0,296.2764587402344,0.0,297.059241275674,294.4530388686995,296.4238083554755,0.0,62774900
2020-07-20,0.0,298.67083740234375,0.0,299.4167754994566,295.26344433587724,296.00938243299004,0.0,56308800
2020-07-21,0.0,299.3064270019531,0.0,301.0745670821866,298.32104175394556,300.6325461141682,0.0,57292200
2020-07-22,0.0,301.010009765625,0.0,301.32314533336705,298.83666568694713,298.9471708971752,0.0,57792900
2020-07-23,0.0,297.4184875488281,0.0,301.35080976950474,296.0555523114501,300.6509058773969,0.0,75738000
2020-07-24,0.0,295.5029296875,0.0,296.5251308789289,294.00183516323403,295.5674004213925,0.0,73766600
2020-07-27,0.0,297.6578369140625,0.0,297.8328128298591,295.4015862760953,296.19358696402725,0.0,48293000
2020-07-28,0.0,295.7699279785156,0.0,298.04458642298647,295.4752287871851,296.9302603752794,0.0,57495000
2020-07-29,0.0,299.40765380859375,0.0,299.96942614775605,296.60806645726814,296.6449108985429,0.0,48454200
2020-07-30,0.0,298.33929443359375,0.0,298.7537169791964,294.3609672745089,296.4422138237154,0.0,61861700
2020-07-31,0.0,300.6968078613281,0.0,300.7981230082648,295.9172622915835,300.1258457184252,0.0,84986800
2020-08-03,0.0,302.787353515625,0.0,303.5516998495723,301.8111868221174,302.3545227663099,0.0,53077900
2020-08-04,0.0,303.9569091796875,0.0,303.9569091796875,301.9308868941844,301.9308868941844,0.0,41917900
2020-08-05,0.0,305.8447265625,0.0,306.1026094552458,304.98828331124287,305.25535623296946,0.0,42697700
2020-08-06,0.0,307.88916015625,0.0,308.008883470918,304.94225226748324,305.26457778295924,0.0,43679400
2020-08-07,0.0,308.1102600097656,0.0,308.3957411535914,306.0197668612782,306.922272863609,0.0,57308300
2020-08-10,0.0,309.0311584472656,0.0,309.21532440909493,306.62755797641967,308.56148325207386,0.0,44282100
2020-08-11,0.0,306.4801330566406,0.0,310.8452840303046,305.75263131441477,310.20985119434204,0.0,69601100
2020-08-12,0.0,310.7532653808594,0.0,311.526829875344,308.8838108265044,308.91143712616207,0.0,53774400
2020-08-13,0.0,310.1914978027344,0.0,311.4992082489788,309.2705836615696,309.9888955675153,0.0,41816100
2020-08-14,0.0,310.20068359375,0.0,310.73482947821054,309.0771673345119,309.80469729931406,0.0,47260400
2020-08-17,0.0,311.1861572265625,0.0,311.58214363407274,310.2099903082899,311.2137835316429,0.0,35481000
2020-08-18,0.0,311.8584289550781,0.0,312.2820416597443,309.98894596467176,311.5821378053685,0.0,38733900
2020-08-19,0.0,310.5599060058594,0.0,312.7516581960092,309.99813372934017,312.2359484919656,0.0,68054200
2020-08-20,0.0,311.52679443359375,0.0,312.0056596078708,308.7087997728297,308.8377131218765,0.0,42207800
2020-08-21,0.0,312.6319885253906,0.0,312.8529989583211,310.85460261366353,311.1953645031958,0.0,55106600
2020-08-24,0.0,315.7998352050781,0.0,315.87349595788055,312.60426256204136,315.0630871567319,0.0,48588700
2020-08-25,0.0,316.9049987792969,0.0,316.9878776871024,315.2013018413242,316.3616627587458,0.0,38463400
2020-08-26,0.0,320.0821838378906,0.0,320.3492287448196,316.95108089894495,317.49441695300277,0.0,50790200
2020-08-27,0.0,320.7820739746094,0.0,322.227916207643,319.1244394337551,320.94785991195465,0.0,58034100
2020-08-28,0.0,322.85400390625,0.0,322.98294535067055,320.6161897272106,321.8041766053933,0.0,48588900
2020-08-31,0.0,321.68450927734375,0.0,323.51711938437126,321.4542807471516,322.64226783208227,0.0,66099200
2020-09-01,0.0,324.71435546875,0.0,324.81564254170917,321.620069114732,322.51335702094957,0.0,54908700
2020-09-02,0.0,329.4110107421875,0.0,330.37795938167653,325.4786892390397,326.6206419236981,0.0,69540000
2020-09-03,0.0,318.0745849609375,0.0,328.19542353260755,315.49600820932886,327.7257482737778,0.0,148011100
2020-09-04,0.0,315.4776306152344,0.0,320.3216209085487,308.3865789911979,318.7560834008521,0.0,139156300
2020-09-08,0.0,306.85784912109375,0.0,315.5420924165605,306.553959764829,310.08104920352173,0.0,114465300
2020-09-09,0.0,312.91741943359375,0.0,315.37624441716423,309.98889114735533,310.8545526760322,0.0,91462300
2020-09-10,0.0,307.4841003417969,0.0,315.4407855701406,306.5263415656927,314.7869442624126,0.0,90569500
2020-09-11,0.0,307.64056396484375,0.0,310.32042738546795,304.8225690491499,309.26138178450964,0.0,84680200
2020-09-14,0.0,311.6925964355469,0.0,313.46076397555305,307.78792941912315,310.79930858274395,0.0,65605700
2020-09-15,0.0,313.26739501953125,0.0,314.97106380213984,311.70182964170226,314.14224664496544,0.0,52920900
2020-09-16,0.0,312.0241394042969,0.0,315.92880641145365,311.74784829653964,314.5014007189514,0.0,82096000
2020-09-17,0.0,309.2798767089844,0.0,310.99279204056324,306.65526515012664,307.1801930827134,0.0,91523300
2020-09-18,0.0,305.71917724609375,1.339,310.19424068358853,303.2412544546544,310.0832931282361,0.0,105877900
2020-09-21,0.0,302.31658935546875,0.0,302.4645288032245,297.47169236186676,301.14235702314835,0.0,99450800
2020-09-22,0.0,305.3955383300781,0.0,305.95030428150574,301.29030979270976,303.79599750028683,0.0,63612100
2020-09-23,0.0,298.3131408691406,0.0,306.22771947563723,297.8138486616711,305.9503223752341,0.0,93112200
2020-09-24,0.0,299.1082458496094,0.0,302.15941605078405,295.68721289484193,297.0001579503366,0.0,76681300
2020-09-25,0.0,303.9439392089844,0.0,304.7298270780176,297.38852490576954,298.25762343564503,0.0,71069400
2020-09-28,0.0,308.9922180175781,0.0,309.70415018624124,307.1060252515909,308.0953544774506,0.0,64584600
2020-09-29,0.0,307.3094177246094,0.0,309.5284529495285,306.61596745328694,308.78878394674337,0.0,51304000
2020-09-30,0.0,309.63946533203125,0.0,312.78310129067506,307.78100935569034,307.97516755399596,0.0,104081100
2020-10-01,0.0,311.6273498535156,0.0,313.1991537202758,309.75041203082435,312.22833451482296,0.0,88698700
2020-10-02,0.0,308.66864013671875,0.0,311.59963625667905,306.2184543549931,306.69000965854815,0.0,89431100
2020-10-05,0.0,314.1422424316406,0.0,314.32714558258357,310.67499091510314,310.7212096486976,0.0,45713100
2020-10-06,0.0,309.6764221191406,0.0,316.3705485681372,309.16790315798374,314.28094252067115,0.0,90128900
2020-10-07,0.0,315.06683349609375,0.0,315.87123130943417,312.59813807421335,312.6258749568608,0.0,56999600
2020-10-08,0.0,317.8591613769531,0.0,317.9238901844621,316.083915987055,316.99928967685366,0.0,45242500
2020-10-09,0.0,320.6976623535156,0.0,321.15996256500506,318.88545342511554,319.5049199072346,0.0,59528600
2020-10-12,0.0,325.8569030761719,0.0,327.3270142850216,322.7410043300661,323.2310413996827,0.0,80388500
2020-10-13,0.0,323.7303771972656,0.0,325.8939389787219,322.7687847777624,325.718262626604,0.0,73255500
2020-10-14,0.0,321.6962890625,0.0,325.39469156684834,320.96587488382295,324.30366960004284,0.0,57727900
2020-10-15,0.0,321.2987365722656,0.0,321.77951876830656,317.2582361118935,317.7944920914556,0.0,60357700
2020-10-16,0.0,321.10455322265625,0.0,324.30366342738694,320.9288768497177,322.6486204375523,0.0,89501900
2020-10-19,0.0,316.2226257324219,0.0,322.99067994136914,315.3257621196153,322.36195837394564,0.0,68425600
2020-10-20,0.0,317.48931884765625,0.0,320.72542054305353,316.8051235185024,317.56327447111846,0.0,60051900
2020-10-21,0.0,316.88836669921875,0.0,319.6066946596672,316.58323270677243,317.4431044735385,0.0,63575000
2020-10-22,0.0,318.6265563964844,0.0,319.2090592108434,314.9651464132425,317.10097125484754,0.0,55399300
2020-10-23,0.0,319.7083740234375,0.0,319.9025322364598,317.258188232449,319.84705846131055,0.0,49143900
2020-10-26,0.0,313.80010986328125,0.0,317.11942155960736,310.3143486681016,316.3335056600369,0.0,91473000
2020-10-27,0.0,312.7183837890625,0.0,314.4751191044585,312.5057155150436,314.1422764667609,0.0,65994100
2020-10-28,0.0,302.0299987792969,0.0,312.7461150486337,301.5399616493468,307.059827691063,0.0,127094300
2020-10-29,0.0,305.0996398925781,0.0,308.26175735299205,300.5783305446324,302.26110998803335,0.0,90597700
2020-10-30,0.0,301.9190368652344,0.0,304.8315226203362,298.2761088587803,303.52783260839107,0.0,120287300
2020-11-02,0.0,305.3031311035156,0.0,307.3002435800331,302.566292996373,305.3031311035156,0.0,86068300
2020-11-03,0.0,310.6934509277344,0.0,312.74606480991656,305.3862540087451,308.52988951947157,0.0,93294200
2020-11-04,0.0,317.6372985839844,0.0,321.70553558783416,313.9851149209246,315.15934752702685,0.0,126959700
2020-11-05,0.0,323.8321228027344,0.0,325.63510535784354,322.5561693903892,322.90752215223176,0.0,82039700
2020-11-06,0.0,323.758056640625,0.0,325.00627273599883,321.4373007708258,323.5453884056445,0.0,74973000
2020-11-09,0.0,327.8262634277344,0.0,336.90584468365313,327.36396330126064,336.5267551939574,0.0,172304200
2020-11-10,0.0,327.3455810546875,0.0,328.39961099114294,324.0817422973662,326.83703383089585,0.0,85552000
2020-11-11,0.0,329.7772521972656,0.0,330.60013191836515,328.2886308124271,329.5275920192219,0.0,58649000
2020-11-12,0.0,326.5781555175781,0.0,329.8235125087104,324.7752013576145,328.76945432758134,0.0,67546200
2020-11-13,0.0,331.09942626953125,0.0,331.83909534174575,327.9650172049905,328.48279119885393,0.0,62892200
2020-11-16,0.0,335.2325134277344,0.0,335.4266716919651,332.47719293015194,333.7624015654056,0.0,74541100
2020-11-17,0.0,333.429443359375,0.0,334.63144099542336,331.3213552496351,332.8284586496354,0.0,66111000
2020-11-18,0.0,329.4166259765625,0.0,334.2430411433111,329.3796340603069,333.6975302989405,0.0,70591300
2020-11-19,0.0,330.8035583496094,0.0,331.1733928980095,327.44725409515723,328.7879360767462,0.0,59940900
2020-11-20,0.0,328.53826904296875,0.0,330.74807768636424,328.46431342145667,330.54466445649757,0.0,70417300
2020-11-23,0.0,330.50775146484375,0.0,331.7652230633756,328.11303908751194,330.341330114274,0.0,63230600
2020-11-24,0.0,335.8334045410156,0.0,336.37891546594994,332.1997312419318,333.0503479254816,0.0,62415900
2020-11-25,0.0,335.3155822753906,0.0,335.7778824723925,334.2245605824417,335.750145589235,0.0,45330900
2020-11-27,0.0,336.24951171875,0.0,336.7210388362217,335.24167223686067,336.4066780190502,0.0,28514100
2020-11-30,0.0,334.7608337402344,0.0,335.7409079513326,332.0887531357319,335.4727659225405,0.0,83872700
2020-12-01,0.0,338.4222717285156,0.0,339.95711197569057,337.4144605490259,338.00621842500254,0.0,74231400
2020-12-02,0.0,339.13427734375,0.0,339.2914436515928,336.7395650672134,337.31281295054083,0.0,45927000
2020-12-03,0.0,339.041748046875,0.0,340.4286487496057,337.94147123204993,339.03249301288866,0.0,62882000
2020-12-04,0.0,341.96356201171875,0.0,341.96356201171875,339.53185774514355,339.62432345507125,0.0,50749900
2020-12-07,0.0,341.2608337402344,0.0,341.75087093197277,339.9941354266788,341.1961049259402,0.0,48944300
2020-12-08,0.0,342.2593688964844,0.0,342.82336164005824,339.9478677180988,339.9940864550397,0.0,42458900
2020-12-09,0.0,339.189697265625,0.0,343.0730024150456,338.35756246336115,342.915836132159,0.0,74098300
2020-12-10,0.0,339.07879638671875,0.0,340.12357138803657,336.95219802540623,337.82132486772645,0.0,57735400
2020-12-11,0.0,338.68121337890625,0.0,339.08803993012464,335.87044766430864,337.38677808710827,0.0,57698600
2020-12-14,0.0,337.1647033691406,0.0,341.91713359839355,336.9890270784786,340.84462222543135,0.0,69216200
2020-12-15,0.0,341.7231140136719,0.0,341.7231140136719,338.329845795208,339.6982365511047,0.0,63865300
2020-12-16,0.0,342.2593688964844,0.0,343.1747143338236,341.0573713537836,341.935753088197,0.0,58420500
2020-12-17,0.0,344.17327880859375,0.0,344.3766920459077,343.0730019635639,343.8959099470601,0.0,64119500
2020-12-18,0.0,342.7991027832031,1.58,344.6283315180656,340.79344881476123,344.4612007715748,0.0,136542300
2020-12-21,0.0,341.5733337402344,0.0,351.41588135786776,336.15994813580005,338.8898629814059,0.0,96386700
2020-12-22,0.0,340.9977111816406,0.0,342.0098184311258,339.87418344037354,341.89839793934385,0.0,47949000
2020-12-23,0.0,341.3041076660156,0.0,343.20760697353194,340.979112376798,341.9633643931626,0.0,46201400
2020-12-24,0.0,342.6319274902344,0.0,342.659782611028,341.19269902115246,341.7776565578183,0.0,26457900
2020-12-28,0.0,345.5753479003906,0.0,345.9653195129683,344.5539464489038,345.1760534669629,0.0,39000400
2020-12-29,0.0,344.91607666015625,0.0,347.27458040793783,344.3310908811892,347.09815522580993,0.0,53680500
2020-12-30,0.0,345.4082946777344,0.0,346.4389909289521,345.0183229457008,345.7332900123292,0.0,49455300
2020-12-31,0.0,347.1632080078125,0.0,347.8874694685123,344.7025779385661,345.2132645868987,0.0,78520700
2021-01-04,0.0,342.4369812011719,0.0,348.62107376333165,338.75066866047587,348.49106429337866,0.0,110210800
2021-01-05,0.0,344.7955017089844,0.0,345.8819083591605,341.7498849648262,341.79632906873184,0.0,66426200
2021-01-06,0.0,346.8567199707031,0.0,350.0416393473608,342.743287286381,343.2911234562188,0.0,107997700
2021-01-07,0.0,352.0102233886719,0.0,352.75304553896814,349.0481726001441,349.22459781978796,0.0,68766800
2021-01-08,0.0,354.0158386230469,0.0,354.2293850911422,350.1531015213458,353.3937031789076,0.0,71677200
2021-01-11,0.0,351.6295166015625,0.0,353.3844459686813,350.72882987062206,350.84954484541544,0.0,51034700
2021-01-12,0.0,351.703857421875,0.0,352.71596484255565,349.46606771057316,351.8153062693576,0.0,52547700
2021-01-13,0.0,352.65093994140625,0.0,353.6444582491231,350.8495663690164,351.62953817301246,0.0,45303600
2021-01-14,0.0,351.4159240722656,0.0,353.89514316325904,351.0816626236897,353.39372265354797,0.0,49989100
2021-01-15,0.0,348.85321044921875,0.0,350.5988454547158,346.9961266104406,349.80031300572944,0.0,107160000
2021-01-19,0.0,351.5923156738281,0.0,352.13088573862603,349.82809207789774,351.3044700083426,0.0,51233300
2021-01-20,0.0,356.4579772949219,0.0,357.2936593696755,353.4866317659634,353.876603510318,0.0,61836100
2021-01-21,0.0,356.7829284667969,0.0,357.4422136144088,355.8636810590546,357.0150639404166,0.0,47840100
2021-01-22,0.0,355.5200500488281,0.0,356.6807271719311,354.5543587480902,354.9350642448892,0.0,52860500
2021-01-25,0.0,356.9222106933594,0.0,357.27503278883,351.4159360582794,356.25365943655754,0.0,70402000
2021-01-26,0.0,356.3650817871094,0.0,358.2778757163541,356.1329463264064,357.869315038569,0.0,42665300
2021-01-27,0.0,347.6553649902344,0.0,353.1430508430368,345.4268701693278,353.05019098865546,0.0,123351100
2021-01-28,0.0,350.6452941894531,0.0,354.6380131608825,349.0296402961442,349.4660278006509,0.0,94198100
2021-01-29,0.0,343.6254577636719,0.0,349.75383907984985,341.9540655846165,348.78814770996314,0.0,126765100
2021-02-01,0.0,349.34527587890625,0.0,350.375943628793,343.9133009262217,347.01462699809997,0.0,75817600
2021-02-02,0.0,354.2851257324219,0.0,355.83580306474755,349.42887007201125,352.52090191367535,0.0,64450700
2021-02-03,0.0,354.5636901855469,0.0,356.2814981741382,353.2915924599428,355.11152644432576,0.0,52427100
2021-02-04,0.0,358.59356689453125,0.0,358.63998265068375,354.6751192898168,355.59436662167684,0.0,47142600
2021-02-05,0.0,360.0049133300781,0.0,360.71061412663744,358.54712432112404,360.4599180558391,0.0,48669800
2021-02-08,0.0,362.6047668457031,0.0,362.65118258809457,360.5991137133926,361.453356063901,0.0,38365200
2021-02-09,0.0,362.3634338378906,0.0,362.95771418565323,361.3606211720995,361.769153490128,0.0,35551100
2021-02-10,0.0,362.2055358886719,0.0,364.24833897480704,359.80991075751706,364.09976890155684,0.0,59154400
2021-02-11,0.0,362.79058837890625,0.0,363.70056961850463,360.36710768462626,363.28271443963257,0.0,42913300
2021-02-12,0.0,364.5826416015625,0.0,364.82404318438233,361.9177030106144,361.9920022182859,0.0,50593300
2021-02-16,0.0,364.2669677734375,0.0,366.0033648900088,363.55200072791945,365.80835069289986,0.0,50972400
2021-02-17,0.0,364.3504943847656,0.0,364.60119044464864,361.5091306885375,362.5212660866274,0.0,52290600
2021-02-18,0.0,362.7999267578125,0.0,363.54274901362083,360.0328614317489,361.750669777265,0.0,59712800
2021-02-19,0.0,362.1592102050781,0.0,364.34128942229216,361.7134998744819,364.0534436890481,0.0,83241000
2021-02-22,0.0,359.3735046386719,0.0,361.77842431901905,359.1042196026477,359.4013597570989,0.0,67414200
2021-02-23,0.0,359.80999755859375,0.0,361.15639469065013,353.0316528102948,357.17294188013483,0.0,107284100
2021-02-24,0.0,363.7748107910156,0.0,364.20196042155277,357.7392890909114,358.72354113198065,0.0,72433900
2021-02-25,0.0,355.0093078613281,0.0,363.87689740324714,353.57007967389603,362.51194007778116,0.0,146670500
2021-02-26,0.0,353.18011474609375,0.0,358.0271036542426,351.20234468696304,356.8850154751008,0.0,152701600
2021-03-01,0.0,361.7413330078125,0.0,362.98560406297776,353.3751899411778,358.03645997578053,0.0,105348800
2021-03-02,0.0,358.9185485839844,0.0,362.19629994312015,358.41712808705853,361.9641644974679,0.0,79595300
2021-03-03,0.0,354.1644592285156,0.0,359.18784590388924,354.0623048857202,358.22218274333903,0.0,119940200
2021-03-04,0.0,349.7816467285156,0.0,356.5599893581393,345.30606922791776,353.9786447353223,0.0,183433000
2021-03-05,0.0,356.21649169921875,0.0,357.2657484566025,346.01182648724296,353.27300175449477,0.0,152039600
2021-03-08,0.0,354.4429931640625,0.0,359.977094609663,354.16444194612137,357.17290844727864,0.0,123149200
2021-03-09,0.0,359.50360107421875,0.0,362.0477969623382,357.7764983032908,358.277918893154,0.0,113633600
2021-03-10,0.0,361.7413330078125,0.0,363.4312860296286,360.43211389392627,361.8434873497362,0.0,109899400
2021-03-11,0.0,365.4090576171875,0.0,367.3775617218999,363.7469598417814,364.201964598063,0.0,86245000
2021-03-12,0.0,365.901123046875,0.0,366.0403986280399,363.2455075098559,364.0533342174548,0.0,64653600
2021-03-15,0.0,368.0832824707031,0.0,368.34327305827475,364.01626458616573,366.15189953144346,0.0,73427200
2021-03-16,0.0,367.6189880371094,0.0,369.40177242737843,366.84828247321997,368.6960999272851,0.0,73722500
2021-03-17,0.0,368.8725891113281,0.0,369.67112159743425,365.1955425370876,366.3376593522936,0.0,97959300
2021-03-18,0.0,363.50555419921875,0.0,368.37110416522074,362.8277084837041,366.2911796002453,0.0,115349100
2021-03-19,0.0,362.8329162597656,1.278,364.7799210991891,360.662312193328,363.20554373191754,0.0,113624500
2021-03-22,0.0,365.73016357421875,0.0,367.10891663764517,363.28942068287944,363.3453133880508,0.0,73778600
2021-03-23,0.0,362.8516540527344,0.0,366.5407155405644,362.06912758135604,365.0967729617704,0.0,90686600
2021-03-24,0.0,361.00701904296875,0.0,365.87920816679144,360.9604512667513,364.2489379839986,0.0,97588600
2021-03-25,0.0,363.0379333496094,0.0,363.8297562145069,357.6347344917859,359.57244319585334,0.0,116128600
2021-03-26,0.0,368.8882141113281,0.0,369.28878794295866,363.587505033435,364.18370331754596,0.0,114409100
2021-03-29,0.0,368.70196533203125,0.0,369.60560209374427,365.9351623341809,367.4163760803508,0.0,108107600
2021-03-30,0.0,367.7237854003906,0.0,368.39452632963565,366.13075792489735,367.43499693096027,0.0,76262200
2021-03-31,0.0,369.2142639160156,0.0,370.77001997622074,368.26405952663214,368.2920058783888,0.0,112734200
2021-04-01,0.0,373.2013244628906,0.0,373.2572455790671,370.9375853695157,371.1425346966719,0.0,99682900
2021-04-05,0.0,378.5580139160156,0.0,379.0983479190761,375.7819150666603,375.8564291896752,0.0,91684800
2021-04-06,0.0,378.33447265625,0.0,379.3778410378448,377.663731778131,377.9991164320186,0.0,62021000
2021-04-07,0.0,378.7723083496094,0.0,379.1169894924743,377.7103185696919,378.16678511784755,0.0,55836300
2021-04-08,0.0,380.57025146484375,0.0,380.62614416673193,379.08903800549706,380.02062094317336,0.0,57863100
2021-04-09,0.0,383.3370666503906,0.0,383.5047731912766,380.328071856803,380.4491821914655,0.0,61104600
2021-04-12,0.0,383.4768981933594,0.0,383.7470368351651,382.1354161945966,382.74093955092366,0.0,56704900
2021-04-13,0.0,384.6133728027344,0.0,385.2375459689583,382.992427357714,383.3743798281407,0.0,56551000
2021-04-14,0.0,383.29986572265625,0.0,385.6381198974038,382.7595316211662,384.585426479011,0.0,61659900
2021-04-15,0.0,387.41741943359375,0.0,387.6875864651336,385.3865753074208,385.43314308577106,0.0,60229800
2021-04-16,0.0,388.71234130859375,0.0,389.3178645876654,387.28702042046496,388.70301638087244,0.0,82037300
2021-04-19,0.0,386.80255126953125,0.0,388.2278720552796,385.4797193923822,387.78073043129933,0.0,78498500
2021-04-20,0.0,383.9706115722656,0.0,386.6908182521964,382.4986943815011,385.59155703811007,0.0,81851800
2021-04-21,0.0,387.603759765625,0.0,387.808709170284,383.2159832062883,383.35574340510965,0.0,66793000
2021-04-22,0.0,384.0637512207031,0.0,388.26520006438915,383.001761278924,387.43610589568067,0.0,97582800
2021-04-23,0.0,388.22796630859375,0.0,389.6346660114109,384.54822979616995,384.6227439417052,0.0,73209200
2021-04-26,0.0,389.038330078125,0.0,389.60661044348035,388.29307511302295,388.87997690212677,0.0,52182400
2021-04-27,0.0,388.9545593261719,0.0,389.5321647196547,387.81802682554365,389.3365118024942,0.0,51303100
2021-04-28,0.0,388.8427734375,0.0,390.34263698563,388.3769818956655,389.2247259133634,0.0,51238900
2021-04-29,0.0,391.3207702636719,0.0,391.93561848281814,387.9484442011052,391.5629909520302,0.0,78544300
2021-04-30,0.0,388.7495422363281,0.0,389.9047243925387,387.85523059091884,389.05698052139843,0.0,85527000
2021-05-03,0.0,389.5880126953125,0.0,391.1157939955126,389.0942748542552,390.7338415630485,0.0,68128300
2021-05-04,0.0,387.1845397949219,0.0,388.09750141176715,383.5048038327527,387.60376353614816,0.0,101591200
2021-05-05,0.0,387.3056335449219,0.0,389.0570141395226,386.7466780571217,388.8241183887439,0.0,60162200
2021-05-06,0.0,390.3984680175781,0.0,390.528874845266,385.3772223436678,387.3801199711882,0.0,74321400
2021-05-07,0.0,393.23980712890625,0.0,393.8919265936675,390.4823294392389,391.16239525650957,0.0,67733800
2021-05-10,0.0,389.34576416015625,0.0,393.8173507618117,389.2246538329622,393.5937799606252,0.0,81852400
2021-05-11,0.0,385.8710021972656,0.0,386.8584779431412,382.0049382756216,384.8369586713548,0.0,116888000
2021-05-12,0.0,377.67303466796875,0.0,384.36179320441613,376.3594993403955,383.0948540805935,0.0,134811000
2021-05-13,0.0,382.2098388671875,0.0,384.1382223326197,379.17286945378146,379.2194656575238,0.0,106394000
2021-05-14,0.0,388.0788269042969,0.0,388.9265708311616,384.9114504451291,384.9393967974584,0.0,82201600
2021-05-17,0.0,387.09136962890625,0.0,387.90187074432333,385.0791468765085,386.97028771615726,0.0,65129200
2021-05-18,0.0,383.75628662109375,0.0,387.59440386559174,383.597905008926,387.3521831986254,0.0,59810200
2021-05-19,0.0,382.75018310546875,0.0,382.9271861523255,377.5985301803542,379.0797721892408,0.0,106467100
2021-05-20,0.0,386.8677673339844,0.0,388.12541000565056,383.50476652206805,383.6258484249689,0.0,78022200
2021-05-21,0.0,386.55108642578125,0.0,389.5880563714277,386.09461981296676,388.34903495141754,0.0,76578700
2021-05-24,0.0,390.4916687011719,0.0,391.5629834929008,388.54463516280316,388.7868558465473,0.0,51376700
2021-05-25,0.0,389.62518310546875,0.0,391.92619377005843,389.04760631535044,391.57218775555987,0.0,57451400
2021-05-26,0.0,390.3984680175781,0.0,390.9015023339306,389.1780966451499,390.2121400584183,0.0,43088600
2021-05-27,0.0,390.6033630371094,0.0,391.9355196277636,390.32387113726895,391.42316045586614,0.0,56707700
2021-05-28,0.0,391.3021240234375,0.0,392.42933147222897,391.0692282777566,392.1684893742527,0.0,58520200
2021-06-01,0.0,390.9574890136719,0.0,393.79880607447905,390.5196438229263,393.6590742965092,0.0,54216600
2021-06-02,0.0,391.57232666015625,0.0,392.4107742254593,390.60350066902646,391.60959794586466,0.0,49097100
2021-06-03,0.0,390.1189880371094,0.0,391.2555203916502,387.79935555163786,389.2619476298755,0.0,58138800
2021-06-04,0.0,393.6869812011719,0.0,393.9850945840739,390.18422002621526,391.96354696648706,0.0,55938800
2021-06-07,0.0,393.3050842285156,0.0,393.8547148640748,392.3735010978064,393.67771179486715,0.0,51555000
2021-06-08,0.0,393.38885498046875,0.0,394.25522031845156,391.56296032167944,394.1620563356279,0.0,47134300
2021-06-09,0.0,392.80194091796875,0.0,394.30180423460956,392.5783701098852,394.2272616788116,0.0,48436300
2021-06-10,0.0,394.6277770996094,0.0,395.57800975260335,392.708718801907,394.02225396425393,0.0,51020100
2021-06-11,0.0,395.27996826171875,0.0,395.3917536695252,393.89191873202867,395.1775077811149,0.0,45570800
2021-06-14,0.0,396.16497802734375,0.0,396.26743850654356,394.1527554254345,395.39174825118516,0.0,42358500
2021-06-15,0.0,395.4383544921875,0.0,396.3512876197017,394.56266421460623,396.3140447697688,0.0,51508500
2021-06-16,0.0,393.2304382324219,0.0,395.8016160944157,391.19029786804174,395.5780452993392,0.0,80386100
2021-06-17,0.0,393.10009765625,0.0,394.07824847919915,390.63140827908353,392.82063411530976,0.0,90949700
2021-06-18,0.0,387.7969970703125,1.376,390.5167474088944,387.5913771677302,389.82512979232945,0.0,118676300
2021-06-21,0.0,393.3486022949219,0.0,393.53553981527546,388.7408804970825,389.55400451756464,0.0,72822000
2021-06-22,0.0,395.4516296386719,0.0,396.28346475320944,392.61969941589416,393.33938339648705,0.0,57700300
2021-06-23,0.0,394.9749450683594,0.0,396.3301424887815,394.8908317268986,395.5263737663793,0.0,49445400
2021-06-24,0.0,397.31158447265625,0.0,397.7321512462469,396.86295139148933,397.115319978314,0.0,45110300
2021-06-25,0.0,398.7227783203125,0.0,399.17141131218983,397.73207208724824,398.0591985278256,0.0,58129500
2021-06-28,0.0,399.5265808105469,0.0,399.6948074887242,398.0498768754374,399.2462030135846,0.0,53159600
2021-06-29,0.0,399.7415771484375,0.0,400.5453458904214,399.20883078354126,399.9098038354574,0.0,35970500
2021-06-30,0.0,400.07806396484375,0.0,400.7509992918403,399.2555842848848,399.2836220683984,0.0,64827900
2021-07-01,0.0,402.2931213378906,0.0,402.4520211210759,400.7696685970019,400.83509959729395,0.0,53441000
2021-07-02,0.0,405.3680114746094,0.0,405.7231756894549,402.37718195001327,403.4520300284134,0.0,57697700
2021-07-06,0.0,404.6296691894531,0.0,405.63908633581775,401.90056347036705,405.42411100289456,0.0,68710400
2021-07-07,0.0,406.0596923828125,0.0,406.34009873848606,403.3025486160357,405.31199914635374,0.0,63549500
2021-07-08,0.0,402.7510681152344,0.0,403.5081166897468,399.57330096190816,400.75094475455643,0.0,97595200
2021-07-09,0.0,407.05035400390625,0.0,407.3494426746745,402.55478259875076,404.2558173257462,0.0,76238600
2021-07-12,0.0,408.5083312988281,0.0,408.7606998160739,406.5362744179092,406.9661965088275,0.0,52889600
2021-07-13,0.0,407.1157531738281,0.0,409.21867209378087,406.8540577380294,407.72325737950405,0.0,52911300
2021-07-14,0.0,407.72332763671875,0.0,409.29352904474496,406.48028123314407,408.8075027783235,0.0,64130400
2021-07-15,0.0,406.3307189941406,0.0,407.05972983900836,404.43341971053184,406.38679455738685,0.0,55126400
2021-07-16,0.0,403.1435546875,0.0,407.55501220685557,402.75102581295585,407.50829208648764,0.0,75874700
2021-07-19,0.0,397.1900329589844,0.0,403.20905730096297,394.38614069493224,398.3302836206056,0.0,147987000
2021-07-20,0.0,402.8819580078125,0.0,404.1530707517098,397.0591977452092,397.8536396448114,0.0,99608200
2021-07-21,0.0,406.14373779296875,0.0,406.2839552086843,402.8351658262947,404.078212041571,0.0,64724400
2021-07-22,0.0,406.9942626953125,0.0,407.23727579624176,405.33997668113454,406.3213274734552,0.0,47878500
2021-07-23,0.0,411.1815185546875,0.0,411.51797198627247,408.2374369376335,408.9196992370157,0.0,63766600
2021-07-26,0.0,412.1907958984375,0.0,412.2001513321197,410.54586536220575,410.59258548528925,0.0,43719200
2021-07-27,0.0,410.31231689453125,0.0,411.1815167783755,407.4897133470735,411.15347899253123,0.0,67397100
2021-07-28,0.0,410.1440124511719,0.0,411.51792083805464,408.7233839343774,410.93845431834467,0.0,52472400
2021-07-29,0.0,411.8450622558594,0.0,412.9198819868287,411.05997579525564,411.0693312306445,0.0,47435300
2021-07-30,0.0,409.8448486328125,0.0,411.2935145657327,409.15320263542355,409.2840646023509,0.0,68951200
2021-08-02,0.0,408.98504638671875,0.0,412.1067095157106,408.62988215553224,411.55528082300833,0.0,58783300
2021-08-03,0.0,412.31231689453125,0.0,412.43382344600275,407.59244339115173,409.7794757496443,0.0,58053900
2021-08-04,0.0,410.2841796875,0.0,412.28427447929056,410.0505220211944,411.03187281061224,0.0,46732200
2021-08-05,0.0,412.8824462890625,0.0,412.96655962509095,411.1253360982536,411.4431070974712,0.0,38969700
2021-08-06,0.0,413.56475830078125,0.0,413.9853535543252,412.9198607907698,413.2002671340216,0.0,46930000
2021-08-09,0.0,413.2283020019531,0.0,413.8544886377314,412.4618979342041,413.53671760242094,0.0,41222600
2021-08-10,0.0,413.7423095703125,0.0,414.4526380263717,412.9946164227404,413.676878576167,0.0,43339300
2021-08-11,0.0,414.77044677734375,0.0,414.8639155599606,413.6862716488568,414.80783999492405,0.0,44034300
2021-08-12,0.0,416.0134582519531,0.0,416.1536756754447,413.7236301446858,414.6208676326382,0.0,38909400
2021-08-13,0.0,416.7706298828125,0.0,416.7893122329379,415.9761879010694,416.46218570837635,0.0,39470300
2021-08-16,0.0,417.7519226074219,0.0,417.8827560853764,413.91993068902,415.47142121296486,0.0,73740000
2021-08-17,0.0,415.0134582519531,0.0,415.87330259419554,412.03198379117543,415.2003672937734,0.0,92673900
2021-08-18,0.0,410.4710998535156,0.0,415.56484852636714,410.2281152693712,414.00400272308775,0.0,89351900
2021-08-19,0.0,411.1067199707031,0.0,412.3030748636905,407.61120965110115,407.7513985767886,0.0,92812200
2021-08-20,0.0,414.3778381347656,0.0,414.70496457219946,410.96644191047403,411.45246811100355,0.0,72008700
2021-08-23,0.0,418.02294921875,0.0,418.9295421673049,414.45265298648917,416.0602189821948,0.0,54973000
2021-08-24,0.0,418.68646240234375,0.0,419.2192086788137,418.17242699199244,418.68646240234375,0.0,38744700
2021-08-25,0.0,419.5650939941406,0.0,420.0791294982954,418.49960124676494,418.87347636542324,0.0,40529700
2021-08-26,0.0,417.0883483886719,0.0,419.5183656415265,416.99487960448477,419.2847079423929,0.0,57829600
2021-08-27,0.0,420.8175354003906,0.0,421.19138203158167,417.8360607411706,417.8921363097158,0.0,77235100
2021-08-30,0.0,422.6681213378906,0.0,423.4532078324658,421.2474641854184,421.49047733469286,0.0,48357400
2021-08-31,0.0,422.0418701171875,0.0,422.9110698917558,421.4437212534849,422.5746165039233,0.0,59300200
2021-09-01,0.0,422.26611328125,0.0,423.49047714229727,422.03245562039876,422.97644169749003,0.0,48721400
2021-09-02,0.0,423.5653076171875,0.0,424.36907636322894,422.3689814101181,423.686814177093,0.0,42501000
2021-09-03,0.0,423.4624328613281,0.0,423.97649682090514,422.03244913978364,422.4343619875005,0.0,47170500
2021-09-07,0.0,421.94842529296875,0.0,423.21018261431715,421.2754899564276,423.1167138270563,0.0,51671500
2021-09-08,0.0,421.43438720703125,0.0,422.14471575872943,419.51837690907405,421.4157048587594,0.0,56181900
2021-09-09,0.0,419.6305236816406,0.0,422.9858446456514,419.38751055980504,421.23808970978325,0.0,57970400
2021-09-10,0.0,416.3219299316406,0.0,421.97643464658915,416.2004233686548,421.55586791625456,0.0,89948200
2021-09-13,0.0,417.3874206542969,0.0,419.57448188147487,415.07888137909265,419.31278639177305,0.0,83738600
2021-09-14,0.0,415.13494873046875,0.0,419.03234294728094,414.2470381175579,418.82672304337876,0.0,78197100
2021-09-15,0.0,418.6024169921875,0.0,419.0977701394543,414.4526542585058,415.5555116773011,0.0,78792200
2021-09-16,0.0,417.93890380859375,0.0,419.05108831666365,414.99479371388514,418.0790927362773,0.0,77786700
2021-09-17,0.0,413.8677062988281,1.428,417.59007902636665,413.5114041887088,417.1681649070518,0.0,118425000
2021-09-20,0.0,406.96673583984375,0.0,409.32954038102963,402.10981691745377,407.7543373535724,0.0,166445500
2021-09-21,0.0,406.582275390625,0.0,410.59530867420943,406.0572077545702,409.3013817803459,0.0,92526100
2021-09-22,0.0,410.5484313964844,0.0,412.58309005146594,406.69480673198865,408.8513325900805,0.0,102350100
2021-09-23,0.0,415.5365905761719,0.0,417.1399497351395,412.179906070705,412.41431229246786,0.0,76396000
2021-09-24,0.0,416.22113037109375,0.0,416.9337345501658,413.6895313452658,413.9051954031547,0.0,62094800
2021-09-27,0.0,415.0303649902344,0.0,416.35239112758217,414.33650299714867,415.1897452245322,0.0,61371100
2021-09-28,0.0,406.666748046875,0.0,412.5925453791143,405.93540163406385,412.2643708805607,0.0,130436300
2021-09-29,0.0,407.3511657714844,0.0,409.77961092728947,406.78858508585967,408.0449990691309,0.0,82329200
2021-09-30,0.0,402.3724060058594,0.0,409.5264607159928,402.03484612674845,408.82324196639286,0.0,140506000
2021-10-01,0.0,407.1542663574219,0.0,408.8326231008619,400.58153463739126,404.0976283486504,0.0,129240100
2021-10-04,0.0,401.9035949707031,0.0,406.89173823936943,399.7657824946463,405.9916262485337,0.0,128570000
2021-10-05,0.0,406.0854187011719,0.0,408.32632771246665,402.60683774485324,403.4037961536202,0.0,90682500
2021-10-06,0.0,407.7731018066406,0.0,407.97938044868795,400.8721956255004,402.49426854273986,0.0,113032200
2021-10-07,0.0,411.298583984375,0.0,414.13020116989895,410.86728449835147,411.0454355366307,0.0,72437500
2021-10-08,0.0,410.5484313964844,0.0,412.4518374427157,409.9202387275282,412.0674077940218,0.0,74557400
2021-10-11,0.0,407.5762023925781,0.0,412.7987803671197,407.5105617770027,409.8921372238028,0.0,65233300
2021-10-12,0.0,406.5729675292969,0.0,408.89828794249456,405.785365924999,408.49511604042164,0.0,71181200
2021-10-13,0.0,408.0356750488281,0.0,408.85140428938456,404.62273464026305,407.5949901170963,0.0,72974000
2021-10-14,0.0,414.89898681640625,0.0,415.04901022272514,411.2234848966917,411.6922973111735,0.0,70236800
2021-10-15,0.0,418.05889892578125,0.0,418.42458644967,416.38992739167634,417.00876339160925,0.0,66260200
2021-10-18,0.0,419.2965087890625,0.0,419.6340400404351,415.621006350095,416.27735526871015,0.0,62213200
2021-10-19,0.0,422.53143310546875,0.0,422.5970451226729,420.3092373496492,420.9187166197971,0.0,46996800
2021-10-20,0.0,424.1910095214844,0.0,424.4910564453274,422.8783399972331,422.99085044016186,0.0,49571600
2021-10-21,0.0,425.29736328125,0.0,425.5223841474882,423.1595792098458,423.59087874148474,0.0,41305400
2021-10-22,0.0,424.85662841796875,0.0,426.30996431243693,422.91573783259383,424.86601382430814,0.0,58845100
2021-10-25,0.0,427.1349792480469,0.0,427.4631536608838,424.1721099698522,425.94420601670936,0.0,45214500
2021-10-26,0.0,427.5194396972656,0.0,429.89162954029996,427.14439546156063,428.68211402620443,0.0,56075100
2021-10-27,0.0,425.6254577636719,0.0,428.6446111455954,425.5504317463337,427.97890546543795,0.0,72438000
2021-10-28,0.0,429.73223876953125,0.0,429.8072361692125,427.0412599615864,427.05061675277136,0.0,51437900
2021-10-29,0.0,430.6042785644531,0.0,430.8949400235168,427.14444004690756,427.43510150597126,0.0,70162400
2021-11-01,0.0,431.34503173828125,0.0,431.9638676988326,429.6198050970678,431.5887947913139,0.0,48433600
2021-11-02,0.0,433.08892822265625,0.0,433.3983604582575,431.3824440663046,431.5137252848119,0.0,48908400
2021-11-03,0.0,435.73309326171875,0.0,436.1362651463071,432.08571825925554,432.5264031559585,0.0,52509800
2021-11-04,0.0,437.78656005859375,0.0,437.87094288799125,435.98630718930116,436.3332239148404,0.0,52847100
2021-11-05,0.0,439.305419921875,0.0,441.29318025230174,437.79585747597196,440.00863863956613,0.0,66390600
2021-11-08,0.0,439.68048095703125,0.0,440.89941061596096,438.9960330253521,440.4024705143944,0.0,50405200
2021-11-09,0.0,438.22711181640625,0.0,440.2805125497324,436.8206745258563,440.04610633464074,0.0,51149100
2021-11-10,0.0,434.70166015625,0.0,438.2271390064617,433.2202253751318,436.53939698466087,0.0,69429700
2021-11-11,0.0,434.8423156738281,0.0,436.2675239203641,434.8235734757579,436.1924978999976,0.0,34848500
2021-11-12,0.0,438.1240539550781,0.0,438.67724930991125,435.16115531508916,436.1081657875227,0.0,53466700
2021-11-15,0.0,438.2740173339844,0.0,439.56794432499424,437.1488845782679,439.40856410960447,0.0,46980500
2021-11-16,0.0,440.0086669921875,0.0,441.1431852512349,437.9365237158013,438.01152112700873,0.0,48857500
2021-11-17,0.0,438.93975830078125,0.0,439.9242530537252,438.32092239942926,439.74610202390977,0.0,47858300
2021-11-18,0.0,440.4305419921875,0.0,440.69307581212365,437.25197993727926,439.9710863467691,0.0,50625600
2021-11-19,0.0,439.64300537109375,0.0,441.5651251990252,439.27731788187225,440.31806790988196,0.0,57315600
2021-11-22,0.0,438.4052429199219,0.0,444.00286422667034,438.19896431544726,441.5181641823432,0.0,72762000
2021-11-23,0.0,438.98663330078125,0.0,439.83987544998917,435.4799250989726,438.07713594296996,0.0,73206500
2021-11-24,0.0,440.15869140625,0.0,440.2805872370219,436.17378507370955,436.98951426235885,0.0,61858800
2021-11-26,0.0,430.3417663574219,0.0,434.96425094373944,429.21660486222436,433.50155816840993,0.0,112669600
2021-11-29,0.0,435.6205749511719,0.0,437.4583119148909,432.92959581507233,435.1236348523177,0.0,86268800
2021-11-30,0.0,427.1444396972656,0.0,435.08612453579684,426.90064804249147,433.1827469437874,0.0,148559600
2021-12-01,0.0,422.4000549316406,0.0,435.6862135337651,422.2031616971008,432.84521097923056,0.0,131939200
2021-12-02,0.0,428.86968994140625,0.0,430.43553635703284,422.22193180478286,422.61574691393747,0.0,127637800
2021-12-03,0.0,425.137939453125,0.0,431.5887754076615,420.91862695944747,430.5292831950463,0.0,137331600
2021-12-06,0.0,430.1729736328125,0.0,432.0482235973753,425.2691846744251,427.6788877462588,0.0,98977500
2021-12-07,0.0,439.0710144042969,0.0,439.633595102183,430.0416814760553,435.4424103932935,0.0,95484700
2021-12-08,0.0,440.23370361328125,0.0,440.68377393878586,437.71148993714627,439.4648728181905,0.0,72238800
2021-12-09,0.0,437.2614440917969,0.0,440.3368530852221,437.06455084489505,438.9491577219033,0.0,61272600
2021-12-10,0.0,441.37762451171875,0.0,441.52764795939703,437.41148870477724,439.9618300872147,0.0,77159800
2021-12-13,0.0,437.4677429199219,0.0,441.2088578538092,437.1864382259011,440.8619411504924,0.0,87724700
2021-12-14,0.0,434.4578857421875,0.0,436.6894377150197,431.5418858646757,434.2047373052017,0.0,97264100
2021-12-15,0.0,441.24627685546875,0.0,441.4900398681601,432.0012806047948,434.5141370446989,0.0,116899300
2021-12-16,0.0,437.35516357421875,0.0,443.37469964954175,435.8080595359977,443.09342361388826,0.0,116568600
2021-12-17,0.0,432.7004089355469,1.633,437.28267979708494,430.9973478702641,434.2811459384775,0.0,135511600
2021-12-20,0.0,428.09942626953125,0.0,428.4945962518149,424.4863000014907,427.62896667138153,0.0,107134800
2021-12-21,0.0,435.7020568847656,0.0,435.8431890265247,429.3508520744213,431.5149548202637,0.0,69806300
2021-12-22,0.0,440.0585021972656,0.0,440.1714079067417,435.25039016185815,435.44800386801643,0.0,58890200
2021-12-23,0.0,442.7965393066406,0.0,444.2925972471357,440.9523458894644,441.0558332086626,0.0,56439700
2021-12-27,0.0,449.06304931640625,0.0,449.11008378457836,444.12322414632985,444.17025861450196,0.0,56808600
2021-12-28,0.0,448.6960754394531,0.0,450.52146074512336,447.9339332846144,449.4958623974338,0.0,47274600
2021-12-29,0.0,449.27008056640625,0.0,450.28626060152465,447.8022490075834,448.7996209971791,0.0,54503000
2021-12-30,0.0,448.028076171875,0.0,450.70028317333333,447.5670349664784,449.693492768275,0.0,55329000
2021-12-31,0.0,446.8989562988281,0.0,448.6866969603346,446.6261104168571,447.53880315085513,0.0,65237400
2022-01-03,0.0,449.4864807128906,0.0,449.6182231773568,445.8545465639054,448.15978126090016,0.0,72668200
2022-01-04,0.0,449.3359069824219,0.0,451.6223622300133,447.4822951975026,450.9072545217483,0.0,71178700
2022-01-05,0.0,440.7076721191406,0.0,449.74050080120287,440.61357447061033,448.96894028365364,0.0,104538900
2022-01-06,0.0,440.293701171875,0.0,443.0035528678846,437.9319849605687,440.2466667010779,0.0,86858900
2022-01-07,0.0,438.5530090332031,0.0,441.4792825603523,437.1980831419466,440.30313360714865,0.0,85111600
2022-01-10,0.0,438.0072326660156,0.0,438.22362566846715,429.62364055153137,435.36325245373706,0.0,119362000
2022-01-11,0.0,441.9967041015625,0.0,442.0908017452963,434.7516162526011,437.74376052174716,0.0,74303100
2022-01-12,0.0,443.191650390625,0.0,445.2428756029094,441.2345515344107,443.72798110407143,0.0,67605400
2022-01-13,0.0,437.0851135253906,0.0,444.9417931268879,436.0595152339108,444.2925567024861,0.0,91173100
2022-01-14,0.0,437.26397705078125,0.0,437.6121125646515,432.7287395605385,433.9425333832712,0.0,95890900
2022-01-18,0.0,429.52008056640625,0.0,432.7850704583351,428.4098031013755,432.57806714158636,0.0,109709100
2022-01-19,0.0,425.0601501464844,0.0,432.4557595624984,424.78727560160723,431.06321784637055,0.0,109357600
2022-01-20,0.0,420.3556213378906,0.0,431.6372325182061,418.2385532953383,426.9420552480534,0.0,122379700
2022-01-21,0.0,412.1037292480469,0.0,421.58818048554997,412.0755028255823,419.2358828982697,0.0,202271200
2022-01-24,0.0,413.85382080078125,0.0,414.3619251147175,395.901098425589,406.50524550753806,0.0,251783900
2022-01-25,0.0,408.80108642578125,0.0,413.7409112645625,401.9135523304981,407.47438716618876,0.0,167997300
2022-01-26,0.0,407.7754821777344,0.0,417.80568219701877,403.5225099061903,414.68182421507754,0.0,186391100
2022-01-27,0.0,405.7619934082031,0.0,415.50051303405485,404.07776868651825,412.3672646800451,0.0,149878300
2022-01-28,0.0,415.8392333984375,0.0,415.88626787051186,402.54404110046244,407.1168944257264,0.0,164457400
2022-01-31,0.0,423.3288879394531,0.0,423.67702338927,413.82559991033423,415.1711072435179,0.0,152251400
2022-02-01,0.0,426.18927001953125,0.0,426.82908804425705,420.53433767425685,424.05336552481776,0.0,123155400
2022-02-02,0.0,430.329345703125,0.0,431.05384305532795,426.2833764423959,428.5886396673794,0.0,117361000
2022-02-03,0.0,420.2144775390625,0.0,426.20812763649417,419.37704575360794,424.3074813838875,0.0,118024400
2022-02-04,0.0,422.1904296875,0.0,426.0293671450485,417.6081293545503,419.97926396514714,0.0,118454400
2022-02-07,0.0,420.83544921875,0.0,424.3450587788941,419.5087499574974,422.95251700944823,0.0,84472900
2022-02-08,0.0,424.2980651855469,0.0,425.2201762493433,418.91600673505786,420.33680377789557,0.0,81012000
2022-02-09,0.0,430.5082092285156,0.0,430.8281183333719,428.1276846328867,428.3252696387674,0.0,92589900
2022-02-10,0.0,422.7737731933594,0.0,430.66806944150386,420.7790293131962,424.67441942143387,0.0,140103700
2022-02-11,0.0,414.4371643066406,0.0,424.9284051506269,413.00697779975184,422.85840063128,0.0,153214600
2022-02-14,0.0,413.082275390625,0.0,415.5098626456239,409.6197001412661,413.9291255162954,0.0,123006300
2022-02-15,0.0,419.7440490722656,0.0,419.91340763201026,416.99655245102997,417.51407522523783,0.0,88482700
2022-02-16,0.0,420.2144775390625,0.0,421.588211390658,415.82979106919817,417.70221089727113,0.0,84863600
2022-02-17,0.0,411.2380676269531,0.0,420.18621676202645,410.63589438127366,417.03413227878895,0.0,102259100
2022-02-18,0.0,408.57525634765625,0.0,412.7435205102697,406.30763817495443,411.4920821949047,0.0,132642900
2022-02-22,0.0,404.19061279296875,0.0,409.7702560003978,400.6997823601273,406.37355193227506,0.0,124391800
2022-02-23,0.0,397.02081298828125,0.0,407.66260537056274,396.4562558034865,407.098048185768,0.0,132578000
2022-02-24,0.0,402.9956359863281,0.0,403.42847944353576,386.3790300752348,386.7365552102814,0.0,213942900
2022-02-25,0.0,411.8873291015625,0.0,411.97200837339045,402.58162557598797,404.22823397331,0.0,121804500
2022-02-28,0.0,410.83349609375,0.0,412.3107459178309,405.25385292778066,406.5052626502716,0.0,145615000
2022-03-01,0.0,404.5763854980469,0.0,411.34159579885494,401.8759236906789,409.3374336179091,0.0,137785900
2022-03-02,0.0,412.0190734863281,0.0,413.740942784039,406.0724579549326,406.8251817399771,0.0,117726500
2022-03-03,0.0,409.9678649902344,0.0,415.0488225356622,408.1707060110163,414.44664922565886,0.0,105501700
2022-03-04,0.0,406.6369934082031,0.0,407.76607902539786,402.600442693899,406.2417947777143,0.0,113978200
2022-03-07,0.0,394.649658203125,0.0,406.7592814126414,394.5837869801388,406.05359214668294,0.0,137896600
2022-03-08,0.0,391.6575622558594,0.0,401.9700272063481,390.5943191141427,394.82845492231417,0.0,164772700
2022-03-09,0.0,402.1582336425781,0.0,404.134169484024,397.8394184443937,400.02235763522094,0.0,116990800
2022-03-10,0.0,400.34228515625,0.0,401.23614110856755,395.60004466085365,397.55714383339716,0.0,93972700
2022-03-11,0.0,395.2518615722656,0.0,403.43783985789673,394.7437572588801,402.8262482347944,0.0,95636300
2022-03-14,0.0,392.36328125,0.0,399.46720926881693,391.22477713105775,396.0234704863825,0.0,95729200
2022-03-15,0.0,400.99151611328125,0.0,401.62191584683524,393.6993928949382,394.969610741959,0.0,106219100
2022-03-16,0.0,409.88323974609375,0.0,409.93969260401786,399.70248655331574,404.4917908123016,0.0,144954800
2022-03-17,0.0,415.01116943359375,0.0,415.01116943359375,407.596722776026,407.9730846505351,0.0,102676900
2022-03-18,0.0,419.5567321777344,1.366,419.87763507524926,412.66669551110175,413.4028912886427,0.0,106345500
2022-03-21,0.0,419.4339904785156,0.0,421.38772166865976,415.93231566706595,419.3867810928451,0.0,88349800
2022-03-22,0.0,424.3419494628906,0.0,425.276343887646,420.82140820007544,420.82140820007544,0.0,74650400
2022-03-23,0.0,418.877197265625,0.0,423.30381991515435,418.79225491588033,421.81256176889076,0.0,79426100
2022-03-24,0.0,425.1915283203125,0.0,425.2009759609627,419.7833301237537,420.897057176737,0.0,64736900
2022-03-25,0.0,427.26788330078125,0.0,427.54160557531713,423.24710673053914,425.8238060374059,0.0,77101300
2022-03-28,0.0,430.30706787109375,0.0,430.30706787109375,424.7855856636152,426.67326991890525,0.0,68529800
2022-03-29,0.0,435.63037109375,0.0,436.1211874892994,431.50578514438973,434.18629362949696,0.0,86581500
2022-03-30,0.0,432.9403991699219,0.0,435.30000450918726,430.83562083793777,434.4882852945164,0.0,79666900
2022-03-31,0.0,426.2768859863281,0.0,432.9970375414447,425.823831381212,432.17589947274035,0.0,121699900
2022-04-01,0.0,427.4850158691406,0.0,427.99466991123313,423.91729355560483,427.8530993439852,0.0,89048800
2022-04-04,0.0,431.1471252441406,0.0,431.2509628688752,426.8621021980193,427.6832403411355,0.0,59601000
2022-04-05,0.0,425.70111083984375,0.0,432.119225743506,424.5590699380688,429.6558116325977,0.0,74214500
2022-04-06,0.0,421.4444274902344,0.0,423.7190907497015,418.5657201739074,421.7936733149173,0.0,106898000
2022-04-07,0.0,423.5680847167969,0.0,425.3802745470558,418.62236044413095,420.5666732140926,0.0,78097200
2022-04-08,0.0,422.4354248046875,0.0,425.32357938924946,420.89695753959705,422.8129558921499,0.0,79272700
2022-04-11,0.0,415.2150573730469,0.0,420.0097628914947,414.7148221783834,419.16972953989875,0.0,89770500
2022-04-12,0.0,413.67657470703125,0.0,420.71762892299597,412.12865978994853,418.1975577653763,0.0,84363600
2022-04-13,0.0,418.4146728515625,0.0,419.16973507105604,413.25185499529334,413.4311873130841,0.0,74070400
2022-04-14,0.0,413.2047119140625,0.0,419.754979516138,413.10087428728497,418.6412237561914,0.0,97869500
2022-04-18,0.0,413.37457275390625,0.0,415.05461073103595,411.1470901663332,412.2797123367979,0.0,66002500
2022-04-19,0.0,420.0474853515625,0.0,420.7647857423862,413.10079269782085,413.27067735850744,0.0,77821000
2022-04-20,0.0,419.73602294921875,0.0,422.4354264021452,418.57511557097627,421.82193478222695,0.0,65224400
2022-04-21,0.0,413.4595031738281,0.0,424.73842874926703,412.55342274585064,423.3509795921558,0.0,85417300
2022-04-22,0.0,402.114501953125,0.0,413.47834025677906,401.5481909244776,412.3740611145033,0.0,132471800
2022-04-25,0.0,404.44586181640625,0.0,404.61574651272133,395.3188943584106,399.87766866932645,0.0,119647700
2022-04-26,0.0,392.732666015625,0.0,402.1144578967915,392.70435190748356,401.91623033602906,0.0,103996300
2022-04-27,0.0,393.8370056152344,0.0,399.169736833569,391.70394193167726,393.80869150273776,0.0,122030000
2022-04-28,0.0,403.78509521484375,0.0,405.51234242525084,394.14847523083597,398.57509707971343,0.0,105449100
2022-04-29,0.0,388.8629455566406,0.0,401.95403088704296,388.11730223189977,399.80207204922027,0.0,145491100
2022-05-02,0.0,391.20367431640625,0.0,392.5628092111438,382.2749075321882,388.92901145512707,0.0,158312500
2022-05-03,0.0,392.9969787597656,0.0,395.40376459664327,390.1465571793375,391.7039196895496,0.0,100028200
2022-05-04,0.0,404.96490478515625,0.0,405.53121582781534,390.47692222902697,393.65766562044956,0.0,144247900
2022-05-05,0.0,390.5712890625,0.0,401.132884248546,386.4467037789483,400.7081437907731,0.0,172929100
2022-05-06,0.0,388.23992919921875,0.0,391.5056141545081,382.94498989088515,388.01341635721025,0.0,151770800
2022-05-09,0.0,375.8095703125,0.0,383.58681893728044,374.23334154707874,382.35038825942155,0.0,155586100
2022-05-10,0.0,376.677978515625,0.0,383.2754262479383,372.6477827083813,381.7747206128694,0.0,132497200
2022-05-11,0.0,370.6940612792969,0.0,381.3500488525497,369.94841780135306,375.71530920049423,0.0,142361000
2022-05-12,0.0,370.30706787109375,0.0,373.57275401716174,363.5208397349999,367.5038552140162,0.0,125090800
2022-05-13,0.0,379.1602783203125,0.0,380.53827982576547,373.3933876739787,374.43161982347493,0.0,104174400
2022-05-16,0.0,377.6217956542969,0.0,381.28390774009296,375.271637959596,377.51798684544667,0.0,78622400
2022-05-17,0.0,385.3896179199219,0.0,385.62557844782094,379.9719446127917,383.70013247510735,0.0,83029700
2022-05-18,0.0,369.85394287109375,0.0,381.123419587076,368.61751205317614,380.8402784851767,0.0,117674500
2022-05-19,0.0,367.58880615234375,0.0,372.00600991179766,365.3707710345012,366.79598209392395,0.0,98510700
2022-05-20,0.0,367.7492370605469,0.0,374.7336635050742,359.1697150107811,371.1659411793916,0.0,131432200
2022-05-23,0.0,374.62982177734375,0.0,375.39433157969796,368.457086332618,370.7694822124612,0.0,76414900
2022-05-24,0.0,371.77001953125,0.0,372.95924112163084,365.22917116715337,370.5146932699092,0.0,91448800
2022-05-25,0.0,375.0545349121094,0.0,377.0177426324369,369.88229858000193,370.2786961363731,0.0,91472900
2022-05-26,0.0,382.5487365722656,0.0,384.1815941900457,376.07399194481513,376.2816384117942,0.0,82168300
2022-05-27,0.0,391.93988037109375,0.0,392.0531368146943,384.80443638650837,385.0026351628093,0.0,84768700
2022-05-31,0.0,389.74072265625,0.0,393.07248421298215,387.00358624823434,390.3259001664865,0.0,95937000
2022-06-01,0.0,386.5882873535156,0.0,392.86483164009155,384.0776638781302,391.8549424707136,0.0,86585800
2022-06-02,0.0,393.9503173828125,0.0,393.9974979722233,384.18154466114504,386.42789374965014,0.0,79609600
2022-06-03,0.0,387.4849853515625,0.0,390.78843305581245,386.5128290364629,389.2405180200075,0.0,71874300
2022-06-06,0.0,388.6647644042969,0.0,393.21406164588547,387.4943805595861,391.48684319664267,0.0,57508900
2022-06-07,0.0,392.3929443359375,0.0,392.84599895820924,384.7195026936411,385.18200495505744,0.0,59272400
2022-06-08,0.0,388.1266784667969,0.0,392.46835709279907,387.33385470437787,390.6844820245289,0.0,64350000
2022-06-09,0.0,378.89599609375,0.0,388.6175587452947,378.89599609375,386.3523433395128,0.0,86289800
2022-06-10,0.0,367.9096984863281,0.0,373.55388552538324,367.86251789521714,372.7044332589276,0.0,132893900
2022-06-13,0.0,353.94085693359375,0.0,360.3684205912054,352.33631352731584,358.5184977773577,0.0,170004900
2022-06-14,0.0,352.874267578125,0.0,356.7157121238985,349.7784664118968,355.6869276147928,0.0,104011800
2022-06-15,0.0,357.9049377441406,0.0,362.3409783554577,351.22251951050276,356.1682429235863,0.0,125666800
2022-06-16,0.0,346.0596923828125,0.0,350.1087829653544,343.63401132773026,349.70293778443306,0.0,134473300
2022-06-17,0.0,346.8057556152344,1.577,350.14245020385545,343.30795986691686,346.474006989018,0.0,111113900
2022-06-21,0.0,355.5361328125,0.0,356.9200870230244,352.4459063417937,352.521756092844,0.0,76811900
2022-06-22,0.0,354.8914794921875,0.0,358.99595685720385,350.90071887328156,351.3178056312109,0.0,90059400
2022-06-23,0.0,358.37030029296875,0.0,359.10018760142196,353.4695746409906,357.0242713419827,0.0,79292100
2022-06-24,0.0,369.7642822265625,0.0,369.77377067490386,361.5079146879787,361.5363511048066,0.0,98050300
2022-06-27,0.0,368.3519592285156,0.0,370.9776852889989,367.2618578134948,370.683832618729,0.0,66009600
2022-06-28,0.0,360.8254699707031,0.0,372.68394948048416,360.71172428504013,369.9065529188097,0.0,86548900
2022-06-29,0.0,360.53155517578125,0.0,362.36103213738676,358.7115666624128,361.37521707939374,0.0,65676000
2022-06-30,0.0,357.6025390625,0.0,360.8349471944622,353.1567954408799,356.6451313576215,0.0,112508300
2022-07-01,0.0,361.38470458984375,0.0,361.8207682477801,354.33218346585994,356.9484497006856,0.0,74839700
2022-07-05,0.0,362.06719970703125,0.0,362.08617660456315,353.47905430233544,356.3038638558327,0.0,81438000
2022-07-06,0.0,363.2900695800781,0.0,365.7736135029027,359.8301699411462,362.2094276989218,0.0,70426200
2022-07-07,0.0,368.7310791015625,0.0,369.5273277554807,363.30898013880693,365.06263643850446,0.0,64525900
2022-07-08,0.0,368.42779541015625,0.0,370.29519752923926,365.5745491503481,367.10068528955685,0.0,72397800
2022-07-11,0.0,364.21905517578125,0.0,366.72154716840924,363.52706364959664,365.7546798643806,0.0,58366900
2022-07-12,0.0,360.9961242675781,0.0,366.0485507559225,359.25195608212715,363.66926385832295,0.0,62219200
2022-07-13,0.0,359.1002502441406,0.0,362.02934629353234,355.14744302288534,355.56452982281553,0.0,84224600
2022-07-14,0.0,358.2282409667969,0.0,359.3088540915369,351.7160390075151,354.1521699959699,0.0,89704800
2022-07-15,0.0,365.0721435546875,0.0,365.1858892356065,360.7211976903377,362.62649570213034,0.0,79060400
2022-07-18,0.0,362.0578308105469,0.0,368.82596036630525,360.83500666975766,368.1529456840062,0.0,63203600
2022-07-19,0.0,371.84033203125,0.0,372.40908945598443,365.3186708693351,365.97270864034476,0.0,78506000
2022-07-20,0.0,374.2100830078125,0.0,375.62250240338216,370.6648741646818,372.02988023942527,0.0,71843800
2022-07-21,0.0,378.0207214355469,0.0,378.068105826219,371.2336162126565,373.6318507302927,0.0,64903900
2022-07-22,0.0,374.5134582519531,0.0,379.3383643459128,372.29533041038957,378.1440056178114,0.0,72197300
2022-07-25,0.0,374.96844482421875,0.0,375.8215664094441,372.73134023128426,375.13906335562353,0.0,53631500
2022-07-26,0.0,370.5321960449219,0.0,373.5370840827539,369.64114957187473,373.328540675696,0.0,52946400
2022-07-27,0.0,380.153564453125,0.0,381.8977324950311,373.5275888700464,373.82144153900765,0.0,82342100
2022-07-28,0.0,384.9216613769531,0.0,385.61362406746434,377.41412653876154,380.9593649840049,0.0,73966600
2022-07-29,0.0,390.533203125,0.0,391.5190471453721,385.5850639824012,386.3528761831323,0.0,87003700
2022-08-01,0.0,389.37677001953125,0.0,391.8792906615118,387.13020608259814,387.8411455020427,0.0,69997500
2022-08-02,0.0,386.8079528808594,0.0,391.4906766053588,385.63254218875403,387.8127450392465,0.0,63435400
2022-08-03,0.0,392.86517333984375,0.0,394.0310955881913,388.6469207989162,388.931285023342,0.0,67820600
2022-08-04,0.0,392.5997619628906,0.0,393.4718315474268,390.95985110646615,392.78932847212786,0.0,45656600
2022-08-05,0.0,391.93621826171875,0.0,392.58079648264055,388.26777497334547,388.3246478205913,0.0,56814900
2022-08-08,0.0,391.481201171875,0.0,395.87007236927724,390.3816112599049,393.6235081493515,0.0,53886100
2022-08-09,0.0,389.9266052246094,0.0,391.25368644325886,388.8554517997777,390.7512903773344,0.0,44931800
2022-08-10,0.0,398.1166076660156,0.0,398.258818700046,395.01692204612334,396.96963344138766,0.0,68665700
2022-08-11,0.0,398.1166076660156,0.0,402.8183081055924,397.3772317875,400.96036549541424,0.0,59489700
2022-08-12,0.0,404.8563537597656,0.0,404.9606110010774,399.10247645360926,400.050395788599,0.0,61694500
2022-08-15,0.0,406.5246887207031,0.0,407.0460617331619,402.5908291054767,402.6477019536426,0.0,54048300
2022-08-16,0.0,407.3209228515625,0.0,409.2451978170758,404.64778356108576,405.4535207281274,0.0,59289000
2022-08-17,0.0,404.42974853515625,0.0,407.1313242254354,402.42965277199465,403.7282975362389,0.0,63563400
2022-08-18,0.0,405.6051940917969,0.0,406.28766820146114,403.33965312992564,404.628809463559,0.0,49023200
2022-08-19,0.0,400.1546936035156,0.0,403.1121973862413,399.282595061536,402.8467811218481,0.0,68016900
2022-08-22,0.0,391.8223876953125,0.0,395.50031863762473,390.9218529286444,395.3296712046477,0.0,77695600
2022-08-23,0.0,390.87451171875,0.0,393.7846307828097,390.3247023494631,391.39585573923233,0.0,49105200
2022-08-24,0.0,392.125732421875,0.0,393.4907094010359,389.96447788992435,390.64695191540625,0.0,49177800
2022-08-25,0.0,397.66156005859375,0.0,397.70894444340723,392.5238256898345,393.61392689430716,0.0,50942300
2022-08-26,0.0,384.2012023925781,0.0,398.0882155528186,384.1443295439162,397.5479234905298,0.0,103087000
2022-08-29,0.0,381.66070556640625,0.0,384.7035180462259,380.3051880764658,381.2531072601776,0.0,65370800
2022-08-30,0.0,377.470947265625,0.0,383.0542059895712,375.3760536519589,382.8172261577202,0.0,85652400
2022-08-31,0.0,374.59869384765625,0.0,380.34308175251573,374.4660002053889,379.1013099434974,0.0,76029700
2022-09-01,0.0,375.7742004394531,0.0,376.1154375189932,369.7264703742915,372.428046300128,0.0,78740100
2022-09-02,0.0,371.8117980957031,0.0,380.6464115154421,370.0012690480302,379.43307616071115,0.0,99632100
2022-09-06,0.0,370.4089660644531,0.0,373.5939611226999,368.1908383071308,372.6555302445026,0.0,76637400
2022-09-07,0.0,377.0633850097656,0.0,377.8311974242417,369.87816854830936,370.0961715004415,0.0,70964200
2022-09-08,0.0,379.5279541015625,0.0,379.9829368756566,373.59396971166063,374.79784580059123,0.0,80821700
2022-09-09,0.0,385.42401123046875,0.0,386.28662130528346,381.49961125899546,381.7650275183075,0.0,76706900
2022-09-12,0.0,389.5663757324219,0.0,390.2868036201907,387.1870891554379,387.49043025851944,0.0,69256300
2022-09-13,0.0,372.62713623046875,0.0,382.1063305943667,371.5085982382981,380.90245439610015,0.0,122947100
2022-09-14,0.0,374.04901123046875,0.0,375.5656880974877,370.75024121431795,373.925777076594,0.0,85023700
2022-09-15,0.0,369.8022766113281,0.0,375.33812191068284,368.53206820723454,372.49436398050875,0.0,87633800
2022-09-16,0.0,366.9811096191406,1.596,367.6378630769438,363.69734233012485,365.6295510878898,0.0,103084800
2022-09-19,0.0,369.8269958496094,0.0,369.8269958496094,363.7639505998914,363.84011191988435,0.0,73278500
2022-09-20,0.0,365.5818786621094,0.0,367.51405803281153,362.8311539935767,366.50513850212155,0.0,77274900
2022-09-21,0.0,359.20477294921875,0.0,370.55036925173334,359.1952455228189,367.504555601014,0.0,106746600
2022-09-22,0.0,356.1876220703125,0.0,360.07100807457107,355.4452087585995,358.43388781707057,0.0,89472600
2022-09-23,0.0,350.2196960449219,0.0,352.7610211494688,345.78424282582023,352.722940486398,0.0,122346900
2022-09-26,0.0,346.7550048828125,0.0,352.37069598680137,345.53668535839785,348.7538180681722,0.0,92581200
2022-09-27,0.0,345.8699035644531,0.0,352.5516221250691,343.48084301099055,350.28630194167937,0.0,108294100
2022-09-28,0.0,352.67535400390625,0.0,354.3600529595543,345.127482081543,346.8217084645166,0.0,110802200
2022-09-29,0.0,345.3083190917969,0.0,349.42013004160674,342.3672197883283,349.13459770031216,0.0,112952300
2022-09-30,0.0,339.9685974121094,0.0,348.2779362644351,339.83535868204586,344.36596930372804,0.0,153711200
2022-10-03,0.0,348.9442138671875,0.0,350.7907337489844,341.90080218718504,343.6806881754969,0.0,89756500
2022-10-04,0.0,359.7568664550781,0.0,359.78541969158493,348.90620087696135,354.45525951637643,0.0,103602800
2022-10-05,0.0,358.919189453125,0.0,361.1749817964111,353.0750722691506,355.3974984990643,0.0,88065700
2022-10-06,0.0,355.21661376953125,0.0,360.47061093283736,354.7216524326003,357.5199849019228,0.0,82333500
2022-10-07,0.0,345.3083190917969,0.0,355.30235769557754,343.547458861724,351.19051769873397,0.0,107789500
2022-10-10,0.0,342.67181396484375,0.0,346.6599140174196,340.4350759464563,346.4219606923115,0.0,76042800
2022-10-11,0.0,340.50164794921875,0.0,345.5367479558779,338.56946829764377,340.9775545535183,0.0,92482800
2022-10-12,0.0,339.3784484863281,0.0,342.4813682302242,339.1309678057882,340.91088255478394,0.0,76991800
2022-10-13,0.0,348.3350830078125,0.0,349.8008834901985,331.3356839052994,332.3826842498608,0.0,147254500
2022-10-14,0.0,340.3969421386719,0.0,352.4183468938871,339.7592145462475,350.7907254903841,0.0,123737000
2022-10-17,0.0,349.14410400390625,0.0,350.24821073516875,340.0637984886666,346.4695113964719,0.0,93168200
2022-10-18,0.0,353.24639892578125,0.0,357.35823847132036,349.81033854515664,357.0536513093477,0.0,97162900
2022-10-19,0.0,350.7431640625,0.0,353.93174409065676,347.93530350478727,351.2095432352664,0.0,79746900
2022-10-20,0.0,347.8020324707031,0.0,354.71220495349155,347.0405645534775,350.29577817467606,0.0,88283100
2022-10-21,0.0,356.254150390625,0.0,356.7395553428867,346.0221590756883,347.5260110650035,0.0,131038400
2022-10-24,0.0,360.61346435546875,0.0,361.74612439325887,355.13101099924324,357.77707959447656,0.0,85436900
2022-10-25,0.0,366.3719177246094,0.0,366.68600327248134,360.4230857441992,360.53729867069814,0.0,78846300
2022-10-26,0.0,363.6116638183594,0.0,368.9037428227225,362.97396524839513,363.23094435236135,0.0,104087300
2022-10-27,0.0,361.669921875,0.0,366.44801277950654,361.0512201742432,364.61102062179475,0.0,81971800
2022-10-28,0.0,370.2743835449219,0.0,370.75029017440346,361.3844511918501,361.5652980348159,0.0,100302000
2022-10-31,0.0,367.5997619628906,0.0,369.68423516133385,366.69555686556424,367.81868945232327,0.0,96631300
2022-11-01,0.0,365.9912109375,0.0,371.57837896955164,364.8204992604764,371.3404256632253,0.0,85407600
2022-11-02,0.0,356.80621337890625,0.0,369.90317244332704,356.7015278683844,365.4010855031739,0.0,126990400
2022-11-03,0.0,353.1322326660156,0.0,356.1685191668986,351.01920615203176,353.5700586148132,0.0,87100100
2022-11-04,0.0,358.21484375,0.0,360.6134021561234,352.17082513091503,358.8335164171756,0.0,103505200
2022-11-07,0.0,361.6414489746094,0.0,362.23156853069116,357.43442171013305,359.50936758378657,0.0,68286900
2022-11-08,0.0,363.5926208496094,0.0,366.5622732100706,359.5188617569453,362.745493209243,0.0,84641100
2022-11-09,0.0,356.10186767578125,0.0,362.77408732506177,355.6069062348671,361.6223724698831,0.0,78495500
2022-11-10,0.0,375.6711120605469,0.0,376.00425245255667,367.0572151863192,369.3510591794325,0.0,141455800
2022-11-11,0.0,379.3070983886719,0.0,380.1066180137116,374.64319033872147,376.5277909851231,0.0,93839900
2022-11-14,0.0,376.0804443359375,0.0,380.89661702699635,375.80441036199727,377.5462448649226,0.0,71903500
2022-11-15,0.0,379.2879943847656,0.0,382.9239274120566,375.4807419701021,381.8198207261606,0.0,93194500
2022-11-16,0.0,376.3945007324219,0.0,378.61221246717844,375.76630060291683,377.66039937041876,0.0,68508500
2022-11-17,0.0,375.24285888671875,0.0,375.9186672305997,371.3404476693323,371.64500584373235,0.0,74496300
2022-11-18,0.0,376.946533203125,0.0,378.640759324959,374.10062138676545,378.57412543802,0.0,92922500
2022-11-21,0.0,375.5759582519531,0.0,376.7466989172969,373.73896579052973,375.6235663390515,0.0,51243200
2022-11-22,0.0,380.63006591796875,0.0,380.79188693120494,376.1089535381112,377.5176474312929,0.0,60429000
2022-11-23,0.0,383.0286865234375,0.0,383.51409151080327,380.06853232216565,380.29695819857307,0.0,68261600
2022-11-25,0.0,382.9430236816406,0.0,383.4950916496888,382.19111210524926,382.4671170422372,0.0,30545400
2022-11-28,0.0,376.8323669433594,0.0,381.4962458070925,376.0708989562592,379.8591259436192,0.0,67881600
2022-11-29,0.0,376.1850891113281,0.0,378.1553200852392,374.34806781537714,376.9655537509073,0.0,52310000
2022-11-30,0.0,388.0351867675781,0.0,388.0351867675781,374.51945716113363,376.4325818837763,0.0,144566700
2022-12-01,0.0,387.7496032714844,0.0,390.24334880412266,385.2463303133382,389.07260830077985,0.0,76398200
2022-12-02,0.0,387.30230712890625,0.0,388.20651222768515,382.76216868711776,382.86685419503635,0.0,85342700
2022-12-05,0.0,380.3350524902344,0.0,385.4177317516839,378.9834939436765,384.48497335823737,0.0,77289800
2022-12-06,0.0,374.8526306152344,0.0,380.7158042080798,372.76818614779955,380.1732926862465,0.0,77972200
2022-12-07,0.0,374.2149353027344,0.0,376.5754428369556,373.0822751072084,374.00553520657735,0.0,65927900
2022-12-08,0.0,377.14642333984375,0.0,378.212449392276,374.3195371968257,376.0994521400108,0.0,60737900
2022-12-09,0.0,374.32904052734375,0.0,378.45990573812827,374.2053001815389,375.90905369871786,0.0,81447700
2022-12-12,0.0,379.72589111328125,0.0,379.72589111328125,374.45283780553007,375.11908962319546,0.0,75405800
2022-12-13,0.0,382.600341796875,0.0,390.70977956297014,379.8400894083029,390.45280046353844,0.0,123782500
2022-12-14,0.0,380.1541748046875,0.0,385.9602409589763,377.21307559103866,382.257673780074,0.0,108111300
2022-12-15,0.0,370.8549499511719,0.0,376.2041350287874,369.19880442028864,375.2999009475401,0.0,117705900
2022-12-16,0.0,366.4765930175781,1.781,369.6415593936089,364.34432159505855,368.302907769073,0.0,119858000
2022-12-19,0.0,363.3690185546875,0.0,367.0025351167428,361.70526779936387,366.6678648941245,0.0,79878100
2022-12-20,0.0,363.86627197265625,0.0,365.48222528681765,361.2941346468216,362.61367325179793,0.0,74427200
2022-12-21,0.0,369.3069152832031,0.0,370.43520527298585,365.9220161334383,366.45747677877307,0.0,78167400
2022-12-22,0.0,364.038330078125,0.0,369.28777027212345,358.34902428686854,366.2662256920997,0.0,100120900
2022-12-23,0.0,366.13238525390625,0.0,366.2758070046261,361.4662030943732,363.01521636298173,0.0,59857300
2022-12-27,0.0,364.6885986328125,0.0,366.36192075609665,363.0152765095284,366.01770849733794,0.0,51638200
2022-12-28,0.0,360.1561584472656,0.0,366.5912852979471,359.9266836954019,364.6215200162764,0.0,70911500
2022-12-29,0.0,366.6391296386719,0.0,367.50926042450396,362.47015297141144,362.9960715854847,0.0,66970900
2022-12-30,0.0,365.67333984375,0.0,365.8167615683377,361.848604892548,363.9617919629837,0.0,84022200
2023-01-03,0.0,364.1339416503906,0.0,369.4981190554035,361.2749320892196,367.52838265402187,0.0,74850700
2023-01-04,0.0,366.94512939453125,0.0,368.9722345195995,363.34986872415914,366.3905264117615,0.0,85934100
2023-01-05,0.0,362.7570495605469,0.0,365.1092537639918,362.16422021646383,364.9945163658359,0.0,76970500
2023-01-06,0.0,371.07586669921875,0.0,372.1946147969525,362.7857679206914,365.845539153224,0.0,104189600
2023-01-09,0.0,370.8655090332031,0.0,376.44964922378716,370.6838609207569,373.2655401902277,0.0,73978100
2023-01-10,0.0,373.4663391113281,0.0,373.53327899556643,369.34518834804146,370.28225918611713,0.0,65358100
2023-01-11,0.0,378.1898193359375,0.0,378.26633038365287,374.2312334389066,375.0439955334967,0.0,68881100
2023-01-12,0.0,379.5668029785156,0.0,381.02976337180365,375.2257485082276,379.2895306207411,0.0,90157700
2023-01-13,0.0,381.039306640625,0.0,381.6130228505716,376.10539392375364,376.3731242643396,0.0,63903900
2023-01-17,0.0,380.3412170410156,0.0,382.69345018295724,379.66233471813666,381.0201285443082,0.0,62677300
2023-01-18,0.0,374.33648681640625,0.0,382.58835989011226,374.1356963351264,381.5270095943542,0.0,99632300
2023-01-19,0.0,371.6113586425781,0.0,373.94442072442195,370.2918200719056,372.2997830998825,0.0,86958900
2023-01-20,0.0,378.53411865234375,0.0,378.6871115907864,371.36273880270227,373.0073764154368,0.0,91806400
2023-01-23,0.0,383.0759582519531,0.0,385.0074392135379,378.3810918291715,379.3372757234957,0.0,84178800
2023-01-24,0.0,382.66485595703125,0.0,383.57321326654665,380.2170272035857,381.40268604904264,0.0,59524900
2023-01-25,0.0,382.8081970214844,0.0,383.1428671935605,376.31570073269967,378.6009940622238,0.0,84800300
2023-01-26,0.0,387.01544189453125,0.0,387.17800600043023,382.5022526217131,385.46642861189923,0.0,72287400
2023-01-27,0.0,387.9046936035156,0.0,390.2760402786123,385.7628509166012,385.97321255052447,0.0,68346200
2023-01-30,0.0,383.0377197265625,0.0,387.37880296998725,382.7413050405992,385.1508780562935,0.0,74202000
2023-01-31,0.0,388.6696472167969,0.0,388.7174447402499,383.20981606709955,383.5540574493801,0.0,86811800
2023-02-01,0.0,392.8003234863281,0.0,395.5445957142965,384.7205872650518,387.4552591361378,0.0,101459200
2023-02-02,0.0,398.5183410644531,0.0,399.9813013244029,394.78922953717114,396.68245506156615,0.0,101654500
2023-02-03,0.0,394.2824401855469,0.0,398.7000051703591,393.0776391240828,393.55573107794413,0.0,94736800
2023-02-06,0.0,391.8728332519531,0.0,393.26888274999055,390.21865378736663,391.8346069060138,0.0,60295300
2023-02-07,0.0,396.998046875,0.0,398.2410744328294,389.71192928803475,390.95495684586416,0.0,90990700
2023-02-08,0.0,392.656982421875,0.0,396.3669812815154,391.9685287244116,395.0283294198983,0.0,76227500
2023-02-09,0.0,389.25286865234375,0.0,396.4051341468822,388.02895452722424,396.25214123369045,0.0,78694900
2023-02-10,0.0,390.1612548828125,0.0,390.54372257551336,387.26401906949224,388.0767519738261,0.0,70769700
2023-02-13,0.0,394.7413330078125,0.0,394.8752127422372,390.35245300429375,390.8114317189332,0.0,64913500
2023-02-14,0.0,394.55975341796875,0.0,396.86413102531327,390.61070909281807,393.2210725630297,0.0,88389300
2023-02-15,0.0,395.84100341796875,0.0,395.9174852871057,391.52860488743005,392.3700513500147,0.0,61555700
2023-02-16,0.0,390.3907775878906,0.0,394.8179138959173,390.25692701019995,390.8784407346895,0.0,76431500
2023-02-17,0.0,389.4154968261719,0.0,389.6545428210452,386.34612524209655,388.2680643786122,0.0,89257800
2023-02-21,0.0,381.6034240722656,0.0,386.4512833840668,381.3452649276504,385.39947527197734,0.0,82655900
2023-02-22,0.0,381.07757568359375,0.0,383.5540887169433,379.62415734279705,382.01461731866567,0.0,83742300
2023-02-23,0.0,383.10467529296875,0.0,384.5772067863999,378.88790045751995,383.96523503521115,0.0,96242400
2023-02-24,0.0,379.01220703125,0.0,379.84408241701556,376.39227228887677,378.0942785897589,0.0,108194400
2023-02-27,0.0,380.30303955078125,0.0,383.7070519585176,379.365968807818,382.3492579579314,0.0,80444700
2023-02-28,0.0,378.89739990234375,0.0,381.78506445797404,378.79220451109035,379.82489935060727,0.0,96438600
2023-03-01,0.0,377.4440612792969,0.0,379.30863174384257,376.1436650512144,378.0847173960627,0.0,99706800
2023-03-02,0.0,380.3794860839844,0.0,381.22093252105213,375.13958820432623,375.47425838003477,0.0,85127800
2023-03-03,0.0,386.4799499511719,0.0,386.7285670881584,381.54603781817946,382.1962358283126,0.0,90120000
2023-03-06,0.0,386.7477111816406,0.0,389.59714976739536,386.3078747490803,387.3022850157021,0.0,72795900
2023-03-07,0.0,380.8193664550781,0.0,386.93896700217493,380.20742390861926,386.699921017692,0.0,108310600
2023-03-08,0.0,381.44091796875,0.0,382.1962822868647,379.21299300204765,380.93414163742426,0.0,74746600
2023-03-09,0.0,374.4033508300781,0.0,383.8887075845493,373.4184826190144,382.22492782127654,0.0,111945300
2023-03-10,0.0,369.00091552734375,0.0,375.9332484862883,367.48058669730784,373.8583166785041,0.0,189253000
2023-03-13,0.0,368.4750061035156,0.0,373.2846390345943,363.9713881978472,365.0805650006383,0.0,157790000
2023-03-14,0.0,374.56591796875,0.0,376.21055539266825,370.0909552792131,373.38980130348455,0.0,149752400
2023-03-15,0.0,372.2232971191406,0.0,372.42408758364206,366.8973453679593,368.9818486133687,0.0,172996900
2023-03-16,0.0,378.7539978027344,0.0,379.0982391870772,369.36429390384325,369.87107021323396,0.0,143254200
2023-03-17,0.0,374.32537841796875,1.506,378.5582467760813,372.943216125859,377.42565051475987,0.0,140553400
2023-03-20,0.0,377.92474365234375,0.0,378.3374942216171,374.4021719427654,375.1028314855244,0.0,93055800
2023-03-21,0.0,382.8870544433594,0.0,383.36697102971766,379.69079357481445,381.28412015653794,0.0,91524200
2023-03-22,0.0,376.3602294921875,0.0,386.3233040523079,376.3218572494295,382.7143506832372,0.0,111746600
2023-03-23,0.0,377.3776550292969,0.0,383.25182988301947,374.6709182110407,379.2205184817109,0.0,119351300
2023-03-24,0.0,379.8540344238281,0.0,379.9404159071664,373.7590870150187,376.1010826470393,0.0,107682400
2023-03-27,0.0,380.56427001953125,0.0,382.8966870426311,379.6716321408978,382.1288028794633,0.0,74010400
2023-03-28,0.0,379.71002197265625,0.0,380.5642582938647,377.8767370350477,379.8731772141997,0.0,62871700
2023-03-29,0.0,385.22906494140625,0.0,385.4690232440617,382.6662973806607,383.8660888939379,0.0,77497900
2023-03-30,0.0,387.4846496582031,0.0,388.1085353397573,385.6225710265115,387.8589693504225,0.0,69840000
2023-03-31,0.0,392.9461669921875,0.0,393.2437129705157,388.3005480641613,388.40614495841936,0.0,112062600
2023-04-03,0.0,394.4435119628906,0.0,394.846625551224,392.0343209722465,392.42785614585927,0.0,67391100
2023-04-04,0.0,392.2550048828125,0.0,395.3744624499985,390.88242129149666,395.0864949456508,0.0,66601500
2023-04-05,0.0,391.2279968261719,0.0,392.2838191469049,389.577082640603,391.52554275858984,0.0,65200200
2023-04-06,0.0,392.754150390625,0.0,393.0325102209904,389.3851264771968,390.4313411526847,0.0,63743300
2023-04-10,0.0,393.1572570800781,0.0,393.23406013832266,389.66347951634174,390.27775752337686,0.0,63681000
2023-04-11,0.0,393.2628479003906,0.0,394.6641961280183,392.4949930804865,393.78116601430696,0.0,59297900
2023-04-12,0.0,391.659912109375,0.0,395.61444936283374,391.0744279375137,395.3264818376402,0.0,86420400
2023-04-13,0.0,396.8622741699219,0.0,397.21740780284637,391.602377161458,392.744581127332,0.0,85814800
2023-04-14,0.0,395.892822265625,0.0,398.4171884519207,393.5892282764297,396.2287697684171,0.0,78161500
2023-04-17,0.0,397.31341552734375,0.0,397.3326016491202,394.5778846470639,395.8064701519047,0.0,66436400
2023-04-18,0.0,397.5724792480469,0.0,399.02183667204184,396.1999248791392,398.8874459715307,0.0,63560000
2023-04-19,0.0,397.5053405761719,0.0,398.4075568472331,395.60486027089866,395.6624479202901,0.0,55227300
2023-04-20,0.0,395.3360900878906,0.0,397.0829934844094,393.7907434550367,394.6929889766768,0.0,75840400
2023-04-21,0.0,395.6432189941406,0.0,396.10392013942635,393.6947589557848,395.63361128968654,0.0,73457400
2023-04-24,0.0,396.05596923828125,0.0,396.4782981802782,394.1075090570705,395.44166194381876,0.0,64332100
2023-04-25,0.0,389.7690124511719,0.0,394.6449810037149,389.71142480850085,394.08826140218645,0.0,97766700
2023-04-26,0.0,388.1181335449219,0.0,391.4583635816679,387.56144318468967,390.3833550986097,0.0,80447000
2023-04-27,0.0,395.84478759765625,0.0,396.11353970438057,390.40252082176045,390.652086810784,0.0,92968400
2023-04-28,0.0,399.2234191894531,0.0,399.23302689490464,394.9041697532796,394.9617574024191,0.0,89433100
2023-05-01,0.0,398.8203125,0.0,400.8455465437123,398.58993260769745,398.7819109693187,0.0,62122300
2023-05-02,0.0,394.337890625,0.0,398.1580375216088,391.4392047424731,398.11002828382885,0.0,103998500
2023-05-03,0.0,391.6311340332031,0.0,397.24616414474065,391.39117573178515,394.83697342513307,0.0,91531800
2023-05-04,0.0,388.85723876953125,0.0,390.91126663739385,387.52305652796423,390.5849268562114,0.0,94901900
2023-05-05,0.0,396.05596923828125,0.0,397.1021838881152,392.22624422840113,392.48538864162396,0.0,87891800
2023-05-08,0.0,396.16156005859375,0.0,396.64147667611564,394.76021173712985,396.3823322476967,0.0,50046800
2023-05-09,0.0,394.42425537109375,0.0,395.53766541370464,394.1939047732381,394.61623373049684,0.0,49220100
2023-05-10,0.0,396.2671203613281,0.0,397.8892407221348,392.44697389350114,397.2557473304781,0.0,96142900
2023-05-11,0.0,395.57611083984375,0.0,395.86404911911495,393.5028673537258,395.40334787228096,0.0,70157100
2023-05-12,0.0,395.0577392578125,0.0,397.0254148728848,392.63897016343816,396.8142503993596,0.0,70481500
2023-05-15,0.0,396.42071533203125,0.0,396.8238288685914,393.75238023444746,395.6624389099318,0.0,54289400
2023-05-16,0.0,393.7715148925781,0.0,396.23829289950714,393.76190718855895,395.31683206708055,0.0,57705500
2023-05-17,0.0,398.55157470703125,0.0,399.1562450551422,394.14594356293253,395.7872502342352,0.0,87287000
2023-05-18,0.0,402.39093017578125,0.0,402.8132591766572,398.0140926137832,398.234835528931,0.0,97177200
2023-05-19,0.0,401.805419921875,0.0,403.8210757531866,400.5864421499419,403.2931791436521,0.0,103793300
2023-05-22,0.0,401.9685974121094,0.0,403.5043365562108,400.5864351115969,401.8246282749285,0.0,60745400
2023-05-23,0.0,397.4573059082031,0.0,401.90133808318683,397.06377080135275,400.3271976557855,0.0,86383500
2023-05-24,0.0,394.5778503417969,0.0,396.238372422446,393.4164603018304,395.85444497777297,0.0,89213700
2023-05-25,0.0,397.99481201171875,0.0,399.4441694496832,395.84479511708275,398.0811934806872,0.0,90961600
2023-05-26,0.0,403.1491394042969,0.0,403.86901432087706,398.5707454798897,398.6475192492727,0.0,93830000
2023-05-30,0.0,403.3027038574219,0.0,405.6062976614237,401.9205417166639,405.07840112218025,0.0,72216000
2023-05-31,0.0,401.06634521484375,0.0,402.3813121326053,399.5018122688516,401.47906649861943,0.0,110811800
2023-06-01,0.0,404.87689208984375,0.0,405.93271458460026,400.04893173325473,401.29670331410193,0.0,88865000
2023-06-02,0.0,410.7318420410156,0.0,411.5188830151562,406.92130300774403,407.44919955900986,0.0,91426200
2023-06-05,0.0,409.9448547363281,0.0,412.36362438133835,409.24416580289443,411.0774511286256,0.0,65460200
2023-06-06,0.0,410.83740234375,0.0,411.3652988856477,408.8793344192004,409.53204325524,0.0,64022200
2023-06-07,0.0,409.4168395996094,0.0,412.3635345526036,408.9945106484148,411.2309384070294,0.0,85373300
2023-06-08,0.0,411.8931884765625,0.0,412.34431121135276,408.71614321581194,409.48399798951436,0.0,61952800
2023-06-09,0.0,412.63232421875,0.0,414.63837227354514,411.6436971048215,412.6899118726264,0.0,85742800
2023-06-12,0.0,416.3756408691406,0.0,416.4524439304632,412.89147087099775,413.61134578902306,0.0,76104300
2023-06-13,0.0,419.12078857421875,0.0,419.76386044542505,417.1723282571571,417.8346155400201,0.0,95899700
2023-06-14,0.0,419.619873046875,0.0,421.4243641568749,416.1740753599218,419.45671780561304,0.0,100612100
2023-06-15,0.0,424.8221740722656,0.0,426.0699454976172,418.7080413628314,418.8040012480244,0.0,110303100
2023-06-16,0.0,423.3751525878906,1.638,427.3732510116979,422.9030966686289,426.80484934957235,0.0,114165800
2023-06-20,0.0,421.1785888671875,0.0,422.32503554227975,419.1072877770987,421.4387253030806,0.0,76160400
2023-06-21,0.0,419.02056884765625,0.0,420.9955241203809,418.43288044222425,420.19591625792975,0.0,76982300
2023-06-22,0.0,420.5331115722656,0.0,420.6390713007603,417.72961825633774,418.06681362984074,0.0,70637200
2023-06-23,0.0,417.3539123535156,0.0,419.1362056994903,416.64100677536294,417.08416191308544,0.0,92074500
2023-06-26,0.0,415.6486511230469,0.0,418.70260790321004,415.4078014980868,416.7854542967168,0.0,72823600
2023-06-27,0.0,420.2055969238281,0.0,420.8221567639146,416.0726085341393,416.52540707007813,0.0,72813700
2023-06-28,0.0,420.41754150390625,0.0,421.4290983033547,418.5100016357142,419.1265614695,0.0,75636000
2023-06-29,0.0,422.0744934082031,0.0,422.2382840858477,419.5985816622902,420.0031925590313,0.0,67882300
2023-06-30,0.0,427.0552978515625,0.0,428.0379537648419,424.9647101118157,425.28264809004037,0.0,104964000
2023-07-03,0.0,427.54669189453125,0.0,427.82605633249915,426.4291459408796,426.70853977944085,0.0,32793400
2023-07-05,0.0,426.9108581542969,0.0,427.6430505530816,425.725867203726,425.7355105986345,0.0,58418400
2023-07-06,0.0,423.5678405761719,0.0,423.991738320798,421.06299828536083,423.3366343156822,0.0,80658300
2023-07-07,0.0,422.49847412109375,0.0,426.4388005460157,422.2576244540767,422.5755624788719,0.0,86134200
2023-07-10,0.0,423.5678405761719,0.0,423.7412452715391,421.57359837767063,422.1420000351028,0.0,62443500
2023-07-11,0.0,426.2653503417969,0.0,426.7566930521444,423.3558970583311,424.32893908451956,0.0,64463800
2023-07-12,0.0,429.6950378417969,0.0,431.1016209821125,428.62567949600117,430.0515200243212,0.0,91924500
2023-07-13,0.0,433.1054382324219,0.0,433.8954320784897,431.0726814584312,431.5061931540125,0.0,72425200
2023-07-14,0.0,432.8356628417969,0.0,434.8395187204355,432.07456981935877,433.9917527644729,0.0,69815800
2023-07-17,0.0,434.3386535644531,0.0,435.3887545883977,432.64306249429234,432.6912500682276,0.0,52680200
2023-07-18,0.0,437.5660095214844,0.0,438.2114701147798,433.5775252322227,434.0110663595222,0.0,80668200
2023-07-19,0.0,438.5390319824219,0.0,439.7239933832524,437.48890168977437,438.3559839057652,0.0,65891700
2023-07-20,0.0,435.6295471191406,0.0,438.44268380742795,434.9166416038705,437.54673021651973,0.0,70591600
2023-07-21,0.0,435.6295471191406,0.0,437.54673021651973,435.6199331260899,437.34439535359957,0.0,71275600
2023-07-24,0.0,437.5756530761719,0.0,438.38490436691495,435.74517222742827,436.7760157789645,0.0,54023400
2023-07-25,0.0,438.7702941894531,0.0,440.0227007047043,437.2577512159894,437.3059387900186,0.0,55191200
2023-07-26,0.0,438.8377380371094,0.0,440.26354925381463,436.78569416377627,437.8357951870991,0.0,71052900
2023-07-27,0.0,435.9281921386719,0.0,442.62382369326946,435.0225951669556,442.2191833737535,0.0,92194400
2023-07-28,0.0,440.1960754394531,0.0,441.0245840745933,435.92819754722996,439.1941327220315,0.0,80011800
2023-07-31,0.0,441.0342102050781,0.0,441.39066294813205,439.3578768125751,440.6681140687776,0.0,62040400
2023-08-01,0.0,439.77215576171875,0.0,440.5139620189602,438.81837125887813,439.569820909262,0.0,55291500
2023-08-02,0.0,433.65460205078125,0.0,436.9205079074881,432.90315234388123,436.6604008783812,0.0,93933400
2023-08-03,0.0,432.41180419921875,0.0,434.29044314301314,430.995607146359,431.6410971149184,0.0,64276100
2023-08-04,0.0,430.4560852050781,0.0,436.3231785934213,429.93584177835424,434.2229769011584,0.0,100128900
2023-08-07,0.0,434.21337890625,0.0,434.36752621178806,431.59293351328745,432.28658168791264,0.0,58357500
2023-08-08,0.0,432.3251037597656,0.0,434.2037427118271,428.9724661870649,431.6796137883657,0.0,71361300
2023-08-09,0.0,429.43487548828125,0.0,432.7586120279548,428.6737824515494,432.59482134894097,0.0,78789600
2023-08-10,0.0,429.58905029296875,0.0,435.1671361209915,428.4233462814403,431.7855978075418,0.0,93005500
2023-08-11,0.0,429.3385925292969,0.0,430.3501787286785,427.1227874459535,427.72008989099777,0.0,68690900
2023-08-14,0.0,431.70855712890625,0.0,431.70855712890625,428.11509896255956,428.4233935882657,0.0,47867400
2023-08-15,0.0,426.6796569824219,0.0,430.292402044995,426.1112258867205,429.935919835655,0.0,75707500
2023-08-16,0.0,423.5486145019531,0.0,427.9224233894094,423.4426253576642,426.26537646534126,0.0,80107200
2023-08-17,0.0,420.3211975097656,0.0,425.27305119137833,419.8009540161682,425.01294414487614,0.0,95711300
2023-08-18,0.0,420.5235290527344,0.0,421.55437270930423,417.1612770258868,417.50808644271694,0.0,98852000
2023-08-21,0.0,423.259521484375,0.0,424.0013277942752,419.38666984217986,421.53502982303786,0.0,68719000
2023-08-22,0.0,422.113037109375,0.0,425.0321333206804,421.5542789285874,425.0321333206804,0.0,64994200
2023-08-23,0.0,426.8144836425781,0.0,427.43107286328376,423.0283341735705,423.1728380844883,0.0,68441000
2023-08-24,0.0,420.8992614746094,0.0,428.9243595057039,420.87033128977225,428.4137593836846,0.0,88517300
2023-08-25,0.0,423.86651611328125,0.0,425.14782341445994,419.07842352366526,422.62372359066535,0.0,102325100
2023-08-28,0.0,426.55438232421875,0.0,427.1709421526019,423.8664919427265,426.05339622552776,0.0,61595400
2023-08-29,0.0,432.7200927734375,0.0,432.9994865828607,426.26531078000176,426.44835885508,0.0,83081900
2023-08-30,0.0,434.5024108886719,0.0,435.1382574911251,432.35402143192493,433.05731299234867,0.0,69053900
2023-08-31,0.0,433.8665771484375,0.0,436.2557869248091,433.6835290574293,435.11898360214246,0.0,66084600
2023-09-01,0.0,434.6758117675781,0.0,437.06505085275637,433.2210704898494,436.5833515582069,0.0,58944100
2023-09-05,0.0,432.7971496582031,0.0,434.5505420529184,432.72973410501413,434.23263347174435,0.0,55166200
2023-09-06,0.0,429.8877258300781,0.0,432.093916863234,427.56593166865076,431.9879277285903,0.0,70758500
2023-09-07,0.0,428.5679016113281,0.0,429.24226303585164,426.5447585365695,426.89156794336543,0.0,70355400
2023-09-08,0.0,429.2133483886719,0.0,430.74514868706615,428.25959315019446,428.61604594030854,0.0,61659700
2023-09-11,0.0,432.0361328125,0.0,432.3443980335229,430.1285929169173,431.8337979292306,0.0,60180100
2023-09-12,0.0,429.6661071777344,0.0,432.1131477113599,429.08809157187744,430.5909909482861,0.0,67565400
2023-09-13,0.0,430.1670837402344,0.0,431.32314432701645,428.78940150844926,429.88768993651144,0.0,60199300
2023-09-14,0.0,433.876220703125,0.0,434.569868937207,431.3328634452209,432.633457559199,0.0,83430800
2023-09-15,0.0,428.6487731933594,1.583,432.62232413166026,428.2137322540361,432.29361669829296,0.0,111848900
2023-09-18,0.0,428.9000549316406,0.0,430.1955590603149,427.86557530879384,428.3392962837647,0.0,55752200
2023-09-19,0.0,428.0106506347656,0.0,428.57140936349316,425.33263382268484,427.9816479077142,0.0,66514600
2023-09-20,0.0,424.0758361816406,0.0,429.68324679400325,423.8727875752747,429.2675311788192,0.0,82562600
2023-09-21,0.0,417.0664978027344,0.0,421.49441429318694,416.91180676973505,421.233389771168,0.0,104095800
2023-09-22,0.0,416.12872314453125,0.0,419.6865285568745,415.71297806578804,418.09131961695476,0.0,100829700
2023-09-25,0.0,417.87860107421875,0.0,417.9172517040119,414.485134786977,414.920205158679,0.0,70874500
2023-09-26,0.0,411.73944091796875,0.0,415.54862280920696,410.90798029741677,414.84285049792544,0.0,96168400
2023-09-27,0.0,411.9037780761719,0.0,413.4700137261174,408.2686420542666,412.90925504168933,0.0,104705800
2023-09-28,0.0,414.2917785644531,0.0,415.964347748709,410.76297593705533,411.3527373620953,0.0,92258300
2023-09-29,0.0,413.2862854003906,0.0,417.5111824781116,411.7684074215334,417.3371661441051,0.0,115111300
2023-10-02,0.0,413.1219787597656,0.0,414.36915501527096,410.3666017087048,412.4548865420046,0.0,83798600
2023-10-03,0.0,407.59185791015625,0.0,413.1799422139496,406.22867088652805,410.94664397430034,0.0,103760600
2023-10-04,0.0,410.5599365234375,0.0,411.30435944495287,406.59606370497346,408.0559363281981,0.0,87453000
2023-10-05,0.0,410.4052734375,0.0,411.24638199806213,407.18585282564163,410.2699077129364,0.0,70142700
2023-10-06,0.0,415.27789306640625,0.0,416.8150963910029,406.63472757769614,407.9592344326086,0.0,113273300
2023-10-09,0.0,417.93658447265625,0.0,418.5069910271343,412.8318987010215,413.3829504373266,0.0,80374400
2023-10-10,0.0,420.11187744140625,0.0,422.70288570856627,418.1686064888882,418.5649967058061,0.0,78607300
2023-10-11,0.0,421.83282470703125,0.0,422.08417183466213,418.797068320578,421.17540990507433,0.0,62451700
2023-10-12,0.0,419.2610778808594,0.0,422.81888280363904,416.91176888328704,422.4418474172078,0.0,81154200
2023-10-13,0.0,417.17279052734375,0.0,421.95844616014017,415.606584539678,420.75959814761615,0.0,95143100
2023-10-16,0.0,421.5621032714844,0.0,422.6255856986061,419.1741138914331,419.4158131019472,0.0,75433200
2023-10-17,0.0,421.542724609375,0.0,423.59235858221746,418.09128250171426,418.43931518310666,0.0,75324700
2023-10-18,0.0,415.9256896972656,0.0,420.73067151213604,414.84288188055683,419.77355201420596,0.0,93559800
2023-10-19,0.0,412.27117919921875,0.0,418.4490253157197,411.59443909771255,416.64111990263626,0.0,121323000
2023-10-20,0.0,407.20513916015625,0.0,412.37750784711915,407.0987761718527,411.83610400929126,0.0,123919900
2023-10-23,0.0,406.4993591308594,0.0,410.3568982821464,403.9276761980999,405.67757598059893,0.0,92035100
2023-10-24,0.0,409.5641784667969,0.0,410.71466914656554,406.7701212432729,408.61670687631084,0.0,78564200
2023-10-25,0.0,403.6860046386719,0.0,407.91093157015536,403.17360349885,407.88192884542195,0.0,94223200
2023-10-26,0.0,398.8520202636719,0.0,403.47330792914914,397.9335809780985,402.6225515026816,0.0,115156800
2023-10-27,0.0,397.04412841796875,0.0,400.8339851009318,395.62293584989493,400.43759484678344,0.0,107367700
2023-10-30,0.0,401.79107666015625,0.0,402.8448816266276,398.5329761803426,399.8284803456642,0.0,86562700
2023-10-31,0.0,404.3144836425781,0.0,404.63351364420447,400.4569438698378,402.36153498192397,0.0,79665200
2023-11-01,0.0,408.6263732910156,0.0,409.43847913059346,404.7495083565733,405.2812643437381,0.0,98068100
2023-11-02,0.0,416.45745849609375,0.0,416.61214954670544,412.3968995543654,412.41622487157895,0.0,94938900
2023-11-03,0.0,420.2569274902344,0.0,421.80380835994043,418.63271585397734,418.75840416588386,0.0,100167800
2023-11-06,0.0,421.2237243652344,0.0,421.66844265759465,419.28045324415575,421.01102787683624,0.0,67831700
2023-11-07,0.0,422.42254638671875,0.0,423.0606358569916,420.0829145000172,421.2237277176419,0.0,64256100
2023-11-08,0.0,422.73193359375,0.0,423.5440394282341,420.43095231056213,423.02196085453033,0.0,61746000
2023-11-09,0.0,419.4351501464844,0.0,423.91142437106953,419.00975716373983,423.8727442351021,0.0,83174400
2023-11-10,0.0,425.9803771972656,0.0,426.28975929301595,419.4254952530958,421.50413223667414,0.0,89462200
2023-11-13,0.0,425.5743408203125,0.0,426.67647397269064,423.863120884433,424.64622403342025,0.0,52236100
2023-11-14,0.0,433.8307189941406,0.0,435.11654569788686,431.27836139592864,431.50073527138204,0.0,97176900
2023-11-15,0.0,434.74920654296875,0.0,436.3927730128096,433.8984205823122,435.16492211328534,0.0,77327600
2023-11-16,0.0,435.2809753417969,0.0,435.60000533429076,433.2410185572766,434.3045010394223,0.0,66665800
2023-11-17,0.0,435.82232666015625,0.0,436.43141334936854,434.3721314970017,435.29057073108856,0.0,83133200
2023-11-20,0.0,439.1771545410156,0.0,440.0182630951851,435.5613141930735,435.57099160312566,0.0,69936200
2023-11-21,0.0,438.22003173828125,0.0,439.0514924363308,436.9535301263982,438.13302355551457,0.0,49244600
2023-11-22,0.0,439.9118957519531,0.0,441.22675482120695,438.8194400859089,439.8732451207241,0.0,59394900
2023-11-24,0.0,440.1825866699219,0.0,440.3759578384197,439.6315348978691,439.9602422808771,0.0,29737400
2023-11-27,0.0,439.3898620605469,0.0,440.3663068584605,439.0031197003399,439.55420100976517,0.0,50506000
2023-11-28,0.0,439.82489013671875,0.0,441.1203943936042,438.4423777026132,439.00310690168646,0.0,62115000
2023-11-29,0.0,439.5154724121094,0.0,443.10230972873876,439.1191116939092,441.97114450802434,0.0,63146000
2023-11-30,0.0,441.2461242675781,0.0,441.59418651354116,438.28772794624956,440.3566875915756,0.0,79752700
2023-12-01,0.0,443.8564453125,0.0,444.3881717849613,440.0472633152973,440.6369952391435,0.0,89183400
2023-12-04,0.0,441.5263977050781,0.0,443.87570666050044,439.2544195055919,440.47259281771954,0.0,72430900
2023-12-05,0.0,441.4394226074219,0.0,442.3965419933345,439.7668535301099,440.14391844231596,0.0,69793500
2023-12-06,0.0,439.6604919433594,0.0,443.6050096339301,439.22542161159066,443.5760069120985,0.0,69124700
2023-12-07,0.0,443.0152893066406,0.0,443.6630266124851,441.13970123464765,441.73911050428126,0.0,66995400
2023-12-08,0.0,444.919921875,0.0,445.451648340426,442.02917923250493,442.27087844484373,0.0,83194400
2023-12-11,0.0,446.6504821777344,0.0,446.8245280398024,444.21416465607524,444.4268611503367,0.0,65002200
2023-12-12,0.0,448.6904296875,0.0,448.7871152745883,445.30664066950123,446.3024402574832,0.0,68327600
2023-12-13,0.0,454.8778991699219,0.0,455.12927578193285,448.709730800554,449.0674408996175,0.0,93278000
2023-12-14,0.0,456.3377685546875,0.0,458.0006602364905,453.6693999362765,456.8114895469167,0.0,119026000
2023-12-15,0.0,455.5863952636719,1.906,456.9163018501235,453.7420397034311,455.7417134699126,0.0,141553700
2023-12-18,0.0,458.14910888671875,0.0,459.12954211953263,456.13003141968665,457.18810894495897,0.0,70375300
2023-12-19,0.0,460.93511962890625,0.0,461.01279355520546,458.6151220933891,458.6927663957653,0.0,55761800
2023-12-20,0.0,454.54779052734375,0.0,461.96405036999886,454.1206728290634,460.0808576886502,0.0,102921000
2023-12-21,0.0,458.8576965332031,0.0,459.1294959653639,455.11071547850463,457.5277900582173,0.0,86667500
2023-12-22,0.0,459.7799072265625,0.0,461.45925759296136,457.8870276491879,459.98374941589714,0.0,67160400
2023-12-26,0.0,461.7213439941406,0.0,462.62410332069675,460.1099508863103,460.1876248035588,0.0,55387000
2023-12-27,0.0,462.5561828613281,0.0,462.7017844285322,460.98362668768385,461.5175089754055,0.0,68000300
2023-12-28,0.0,462.7309265136719,0.0,463.5657286208665,462.3135254600746,462.91536504878167,0.0,77158100
2023-12-29,0.0,461.3913269042969,0.0,463.06096072132885,459.4401769650659,462.5367654374911,0.0,122283100
2024-01-02,0.0,458.8092041015625,0.0,459.7993540123723,456.7124526493962,458.3335624378489,0.0,123623700
2024-01-03,0.0,455.0622863769531,0.0,457.39200051317124,454.4604467676884,456.6542463475319,0.0,103585900
2024-01-04,0.0,453.5964660644531,0.0,457.16869615612853,453.37319057475315,454.5865863632777,0.0,84232200
2024-01-05,0.0,454.21771240234375,0.0,456.6639075045455,452.77132456262234,453.80028176128866,0.0,86118900
2024-01-08,0.0,460.7021179199219,0.0,460.84771948944723,454.5865853845721,454.71278328613425,0.0,74879100
2024-01-09,0.0,460.00323486328125,0.0,461.02247554943773,457.54732279548995,458.05208481523704,0.0,65931400
2024-01-10,0.0,462.604736328125,0.0,463.4686883884697,459.99350610212235,460.275022232607,0.0,67310600
2024-01-11,0.0,462.40087890625,0.0,464.119036700077,458.4306513904914,463.60455806414546,0.0,77940700
2024-01-12,0.0,462.7212219238281,0.0,464.5850109920546,461.31370050606375,463.847256832393,0.0,58026400
2024-01-16,0.0,461.0224304199219,0.0,462.6532272077025,459.2071951071508,461.34278348918724,0.0,85014900
2024-01-17,0.0,458.45977783203125,0.0,458.94513616011074,456.110630489601,458.00353981867966,0.0,68843900
2024-01-18,0.0,462.5367736816406,0.0,463.0900892897804,458.58597937392244,460.1294153145847,0.0,91856200
2024-01-19,0.0,468.3028259277344,0.0,468.58434205067863,462.5853202688259,463.6628015298727,0.0,110834500
2024-01-22,0.0,469.29296875,0.0,471.0111265282756,468.6425755704272,469.83656769535,0.0,75844900
2024-01-23,0.0,470.66162109375,0.0,470.90430023582877,468.7493378931313,469.83653570981716,0.0,49945300
2024-01-24,0.0,471.1761474609375,0.0,474.45714470411593,470.6810725123754,473.52526505734005,0.0,81765000
2024-01-25,0.0,473.73883056640625,0.0,474.0106300348732,471.1761540957068,473.30199623812143,0.0,72525000
2024-01-26,0.0,473.1369934082031,0.0,474.79691054106985,472.29247468488353,473.3117152908374,0.0,76641600
2024-01-29,0.0,476.8839111328125,0.0,477.029542315143,472.9039969579279,473.4475958586122,0.0,61322800
2024-01-30,0.0,476.51507568359375,0.0,477.2236798269538,475.7578883130134,476.1947226231299,0.0,58618400
2024-01-31,0.0,468.7395935058594,0.0,474.75801809886633,468.7201602163353,474.3114967985656,0.0,126011100
2024-02-01,0.0,474.87457275390625,0.0,474.9036930669608,469.6326794127357,470.43839078044346,0.0,91891600
2024-02-02,0.0,479.8737487792969,0.0,481.523949196212,474.97161226030033,475.31136898916844,0.0,99228200
2024-02-05,0.0,478.1264953613281,0.0,479.9029234991888,475.8744551474019,479.24284325758833,0.0,75757100
2024-02-06,0.0,479.5146484375,0.0,479.8446885622171,477.64114268330553,479.06809742412736,0.0,55918600
2024-02-07,0.0,483.51397705078125,0.0,483.93137810723994,480.854193242822,481.756982255993,0.0,70556500
2024-02-08,0.0,483.72747802734375,0.0,484.1060420771884,482.6985208548494,483.51391920150996,0.0,52343600
2024-02-09,0.0,486.52313232421875,0.0,486.95993698445255,483.89246922228017,484.232225929518,0.0,63979400
2024-02-12,0.0,486.30963134765625,0.0,488.75582660767503,485.59128089218916,486.49406987855394,0.0,56502300
2024-02-13,0.0,479.6116638183594,0.0,482.53353038052535,476.3500701317823,480.04849815534635,0.0,113099200
2024-02-14,0.0,483.97027587890625,0.0,484.4556342726816,479.92237384029255,482.24240118202295,0.0,68387800
2024-02-15,0.0,487.3094177246094,0.0,487.4938562363656,484.19339631478,484.66906756169146,0.0,61683000
2024-02-16,0.0,484.8827209472656,0.0,488.14431492487785,484.1449667563623,487.0085929456435,0.0,75532900
2024-02-20,0.0,482.2132568359375,0.0,483.8149335308038,479.9709035383399,483.14513661085397,0.0,71736700
2024-02-21,0.0,482.6500244140625,0.0,482.8053426352379,479.1069145137689,480.9124629140013,0.0,59293400
2024-02-22,0.0,492.6387023925781,0.0,493.59970240133447,488.2898811137423,489.25091074641995,0.0,76402500
2024-02-23,0.0,492.9784240722656,0.0,495.1916567031526,492.25038663284334,494.3568250348437,0.0,61321800
2024-02-26,0.0,491.1728515625,0.0,493.85203868692207,491.0466536727384,493.4152043952731,0.0,50386700
2024-02-27,0.0,492.0853576660156,0.0,492.30863314805396,489.9692025931845,491.86211180789684,0.0,48854500
2024-02-28,0.0,491.4350280761719,0.0,492.01743437576624,490.17307863790023,490.5322390639573,0.0,56506600
2024-02-29,0.0,493.20166015625,0.0,494.8130532117829,490.55162288856457,493.19197313484807,0.0,83924800
2024-03-01,0.0,497.83197021484375,0.0,498.2590878764062,493.6676174504883,494.07533144522296,0.0,76844800
2024-03-04,0.0,497.29815673828125,0.0,499.14254217920546,497.0069535759895,497.03610351614157,0.0,49799300
2024-03-05,0.0,492.3280944824219,0.0,495.7450362651965,490.1245782125844,495.2984852488147,0.0,72855600
2024-03-06,0.0,494.82281494140625,0.0,497.07488469099843,493.53177482463775,495.59937641592427,0.0,68382400
2024-03-07,0.0,499.7345886230469,0.0,500.78297909459656,494.88100583529064,498.1135085613306,0.0,58652100
2024-03-08,0.0,496.735107421875,0.0,503.04473579557066,496.1623881738849,500.36560770630734,0.0,86532500
2024-03-11,0.0,496.3080139160156,0.0,496.8904498381802,493.6094227797772,495.53145243574386,0.0,62557200
2024-03-12,0.0,501.64697265625,0.0,502.22937893995004,495.90028750048145,498.41446966211043,0.0,73114400
2024-03-13,0.0,500.8606872558594,0.0,502.1420404607562,499.424045441815,501.9673185575223,0.0,55104100
2024-03-14,0.0,499.87054443359375,0.0,501.9866995940405,496.8321966177629,501.831351753217,0.0,110171800
2024-03-15,0.0,496.43817138671875,1.595,498.2590766512578,494.7730966492492,496.80819459859333,0.0,107646300
2024-03-18,0.0,499.38848876953125,0.0,501.93966343615864,498.97953771699747,500.4985582011873,0.0,88893300
2024-03-19,0.0,502.1636657714844,0.0,502.44602683293346,497.69420694088996,498.6971800566581,0.0,60755300
2024-03-20,0.0,506.808349609375,0.0,506.9446864437559,501.5502289693654,502.22210687375775,0.0,69594600
2024-03-21,0.0,508.4831848144531,0.0,510.34298796408666,508.2007643189091,509.64192900671355,0.0,60256100
2024-03-22,0.0,507.51922607421875,0.0,508.88241615238655,507.2854803107173,508.3955498176283,0.0,79070800
2024-03-25,0.0,506.1170654296875,0.0,507.2660628859731,505.961234915521,506.14624650613894,0.0,48512100
2024-03-26,0.0,505.1822509765625,0.0,507.87950952715136,504.78304672651166,507.53866742888704,0.0,65463700
2024-03-27,0.0,509.427734375,0.0,509.46672172053235,505.8444050698442,508.00612262936903,0.0,82999800
2024-03-28,0.0,509.33038330078125,0.0,510.829910300913,509.04802220619024,509.46672014586477,0.0,96294900
2024-04-01,0.0,508.4441833496094,0.0,510.605900605306,507.2854391895369,510.07035956686866,0.0,62477500
2024-04-02,0.0,505.21148681640625,0.0,505.3477642225264,502.9134325371014,504.62721155274875,0.0,74230300
2024-04-03,0.0,505.7664794921875,0.0,507.266065898289,504.0721940901131,504.1208688391064,0.0,59155800
2024-04-04,0.0,499.5930480957031,0.0,510.10934946561747,499.2911933332161,509.76856679026787,0.0,96858100
2024-04-05,0.0,504.81219482421875,0.0,506.7694068986325,500.5083132867227,500.9465048519071,0.0,74546500
2024-04-08,0.0,505.0945739746094,0.0,506.51624504555883,504.28641866242464,505.5133313161047,0.0,48401800
2024-04-09,0.0,505.6788635253906,0.0,507.071294128757,500.839381191466,506.82786095826793,0.0,68049200
2024-04-10,0.0,500.61541748046875,0.0,502.60181066009386,498.6387711363,499.9922143304957,0.0,82652800
2024-04-11,0.0,504.39349365234375,0.0,505.8345989017068,498.62901322296943,502.13442685782303,0.0,70099000
2024-04-12,0.0,497.431396484375,0.0,502.2708495884285,495.7078704459787,500.8589251713878,0.0,92561100
2024-04-15,0.0,491.1994323730469,0.0,501.7644075343254,490.3522600316743,501.59888962975333,0.0,92101400
2024-04-16,0.0,490.3035888671875,0.0,493.19557596027215,489.018254666714,491.676555438244,0.0,73484000
2024-04-17,0.0,487.4018859863281,0.0,492.9229634124424,486.00945537176443,492.7574157801548,0.0,75910300
2024-04-18,0.0,486.39898681640625,0.0,490.8879103775737,485.4642116695209,488.79439084700124,0.0,74548100
2024-04-19,0.0,482.15350341796875,0.0,487.31427501412566,480.8876330360681,486.3210783246666,0.0,102212600
2024-04-22,0.0,486.5937194824219,0.0,489.18385210193054,482.41639776348796,484.7533503648902,0.0,67961000
2024-04-23,0.0,492.367919921875,0.0,492.7963646750655,486.4086807205422,488.5995792337359,0.0,64633600
2024-04-24,0.0,492.13427734375,0.0,494.0427852311199,489.9141678416356,493.2540640735244,0.0,55928100
2024-04-25,0.0,490.2646484375,0.0,491.02415872515365,484.42225246602163,486.0678630419317,0.0,69122400
2024-04-26,0.0,494.9093933105469,0.0,496.48683553540934,492.41663996726425,493.04956028124485,0.0,64306100
2024-04-29,0.0,496.662109375,0.0,497.33398732987405,493.9259228058318,496.6913201679961,0.0,46415400
2024-04-30,0.0,488.7943420410156,0.0,496.1752226900087,488.7943420410156,495.20149000874,0.0,77483600
2024-05-01,0.0,487.2071228027344,0.0,494.84118298455326,486.73972044696376,488.2100662136069,0.0,80242800
2024-05-02,0.0,491.7641906738281,0.0,492.60161619088024,486.4281251448712,490.90730120185356,0.0,62550200
2024-05-03,0.0,497.8597412109375,0.0,499.0866240599667,495.20144055878046,497.73315122045955,0.0,72756700
2024-05-06,0.0,503.0010986328125,0.0,503.0400265445959,499.8169737447077,500.2551653379584,0.0,47264700
2024-05-07,0.0,503.55615234375,0.0,504.9485829994704,502.8842743906612,503.9651034446084,0.0,52561300
2024-05-08,0.0,503.60479736328125,0.0,504.14033844049237,501.6086572944442,501.72550045922026,0.0,42047200
2024-05-09,0.0,506.5065002441406,0.0,506.54548758690595,503.13742328274043,503.78980752288453,0.0,43643700
2024-05-10,0.0,507.15899658203125,0.0,508.91170366265516,505.9418306327187,508.1034888313709,0.0,52233200
2024-05-13,0.0,507.22705078125,0.0,508.94082976185797,506.0878002167031,508.8337334335511,0.0,36716400
2024-05-14,0.0,509.5542907714844,0.0,510.0703976103099,506.88627278339663,507.42181386177714,0.0,57535900
2024-05-15,0.0,515.8641357421875,0.0,516.1562436643347,511.38492968552964,512.0178797101214,0.0,59504900
2024-05-16,0.0,514.802734375,0.0,517.558414507879,514.6566506998298,515.9614786446474,0.0,50244800
2024-05-17,0.0,515.5427856445312,0.0,515.6109540647997,513.4687302561026,514.9195824580145,0.0,59187600
2024-05-20,0.0,516.13671875,0.0,517.5973177042522,515.2700824401487,515.6595992673854,0.0,37764200
2024-05-21,0.0,517.402587890625,0.0,517.5584184029028,515.1727614260365,515.3772666864285,0.0,33437000
2024-05-22,0.0,515.9127197265625,0.0,517.4219932520712,513.7412557847823,516.7111875279095,0.0,48390000
2024-05-23,0.0,512.1444702148438,0.0,519.0676954201629,510.93699174891134,518.9605990872589,0.0,57211200
2024-05-24,0.0,515.532958984375,0.0,516.3411736344989,513.0402060562079,513.9846980938406,0.0,41291100
2024-05-28,0.0,515.8932495117188,0.0,516.5748741957514,513.2641596915468,516.3411878885217,0.0,36269600
2024-05-29,0.0,512.2807006835938,0.0,513.458938533357,511.5698948988185,511.87174962966077,0.0,45190300
2024-05-30,0.0,508.8824768066406,0.0,511.40447087133504,507.6361297457073,510.7423397089747,0.0,46377600
2024-05-31,0.0,513.5173950195312,0.0,513.6439850215788,504.7440541264526,509.8367164200918,0.0,90785800
2024-06-03,0.0,513.9361572265625,0.0,515.4065032558699,508.87273480704334,515.1241421408643,0.0,46835700
2024-06-04,0.0,514.5106201171875,0.0,515.2506664560023,511.17072418863216,512.631323194632,0.0,34632700
2024-06-05,0.0,520.625732421875,0.0,520.6452260973251,514.8417568472363,516.8282099211538,0.0,47610400
2024-06-06,0.0,520.6158447265625,0.0,521.3558910101924,518.6878732006264,520.927446289771,0.0,30808500
2024-06-07,0.0,519.9829711914062,0.0,522.787325920015,518.5515533208824,519.6421291117942,0.0,43224500
2024-06-10,0.0,521.5896606445312,0.0,521.9110090941606,518.5808597177815,519.1748224338155,0.0,35686100
2024-06-11,0.0,522.8457641601562,0.0,522.9041857425336,518.0744503489441,520.0414093421914,0.0,36383400
2024-06-12,0.0,527.1399536132812,0.0,529.8274655446977,526.1077992631506,527.4028804771598,0.0,63251300
2024-06-13,0.0,528.2013549804688,0.0,529.0582445758802,525.4164935113477,528.8829798084458,0.0,44760900
2024-06-14,0.0,528.5226440429688,0.0,528.5518251182958,525.6695550365463,526.6725282080745,0.0,40089900
2024-06-17,0.0,532.729248046875,0.0,534.1217383998099,527.3834639126114,527.8411492821357,0.0,55839500
2024-06-18,0.0,534.0825805664062,0.0,534.2091705580833,532.3688016931667,532.7874995764366,0.0,41376400
2024-06-20,0.0,532.6317749023438,0.0,535.669816103357,530.8595742964317,535.0076850141029,0.0,70328200
2024-06-21,0.0,531.917724609375,1.759,533.0313753907063,530.4621917432297,531.8102827682807,0.0,64338600
2024-06-24,0.0,530.188720703125,0.0,534.3013827585795,530.0715005630634,531.7419769944488,0.0,45528700
2024-06-25,0.0,532.2302856445312,0.0,532.5917242597523,529.8955424418219,531.4096852385123,0.0,37936200
2024-06-26,0.0,532.8945922851562,0.0,533.6076912884868,530.4719636310322,531.1166742934914,0.0,38550600
2024-06-27,0.0,533.7347412109375,0.0,534.311123211826,532.0154331135317,532.7578670304722,0.0,35041500
2024-06-28,0.0,531.6343994140625,0.0,537.5543137581463,530.3938098387125,534.5064116818106,0.0,76144500
2024-07-01,0.0,532.728515625,0.0,533.2560061424955,529.9737236752046,533.0117876323043,0.0,40297800
2024-07-02,0.0,536.3136596679688,0.0,536.3136596679688,531.0776287968915,531.1264605772033,0.0,40434800
2024-07-03,0.0,538.7069702148438,0.0,539.068408833479,535.9619565950238,536.0010100914286,0.0,32789900
2024-07-05,0.0,541.8134155273438,0.0,542.2139076372644,538.3747999305978,539.0097918869257,0.0,41488400
2024-07-08,0.0,542.4386596679688,0.0,543.3861988920726,541.3738407022457,542.5949332840256,0.0,36110500
2024-07-09,0.0,542.9662475585938,0.0,544.2947822161125,542.6731972111517,543.3960746093994,0.0,27289700
2024-07-10,0.0,548.3388671875,0.0,548.6807492045888,543.8941028470899,544.1871530936876,0.0,38701200
2024-07-11,0.0,543.6109008789062,0.0,549.3256503566656,542.9759684638211,548.4562180647349,0.0,53054200
2024-07-12,0.0,547.0396728515625,0.0,550.6345620898736,544.2653840243584,544.7342644743289,0.0,53084400
2024-07-15,0.0,548.5440673828125,0.0,551.7775178290722,546.6879829958002,549.0325043663784,0.0,40584300
2024-07-16,0.0,551.7969970703125,0.0,552.090047326324,549.1008154677004,549.8530274778409,0.0,36475300
2024-07-17,0.0,544.0602416992188,0.0,547.5476892504238,543.7378565645935,545.8772131422685,0.0,57119000
2024-07-18,0.0,539.879150390625,0.0,546.580551242634,537.7007404833427,545.593898977862,0.0,56270400
2024-07-19,0.0,536.2940673828125,0.0,541.2663824595259,535.2390267295067,539.644738170822,0.0,65509100
2024-07-22,0.0,541.8233032226562,0.0,542.4289604616175,538.277245078338,540.211436930268,0.0,43346700
2024-07-23,0.0,540.9732666015625,0.0,543.8647752379528,540.4848296428585,541.7156406949248,0.0,34439600
2024-07-24,0.0,528.7135009765625,0.0,536.4698829953903,527.7952370228695,536.1670544374522,0.0,74515300
2024-07-25,0.0,525.958740234375,0.0,534.7994982405838,525.0209792890996,528.8307523766035,0.0,61158300
2024-07-26,0.0,531.8493041992188,0.0,534.5357078065754,528.9675138593225,529.7392825093052,0.0,53763800
2024-07-29,0.0,532.1619873046875,0.0,534.3990077101311,530.1691258203317,533.3928583100442,0.0,39515800
2024-07-30,0.0,529.4656982421875,0.0,534.6822315404584,526.0661958644091,533.6271909452782,0.0,46853600
2024-07-31,0.0,538.0718994140625,0.0,540.6996925359946,534.9166158614872,536.284203519186,0.0,65663400
2024-08-01,0.0,530.4524536132812,0.0,542.0381669821182,526.9552273833177,539.7913683115238,0.0,76428700
2024-08-02,0.0,520.5762939453125,0.0,524.571676102486,516.3756871144337,523.3603616135271,0.0,82789100
2024-08-05,0.0,505.41510009765625,0.0,511.4717311244644,498.4695101090915,499.80785259777787,0.0,146267400
2024-08-06,0.0,510.0747985839844,0.0,517.4990173620844,505.89374911647377,507.2125052074326,0.0,84826300
2024-08-07,0.0,506.6654968261719,0.0,519.2965314666948,506.0696179320819,516.2486294067602,0.0,70698300
2024-08-08,0.0,518.3782348632812,0.0,519.0033889369354,509.77197692780607,511.79405372836936,0.0,63276600
2024-08-09,0.0,520.6641235351562,0.0,522.1489912653111,516.3365783728381,517.5576710131196,0.0,45619600
2024-08-12,0.0,520.9376831054688,0.0,523.3407552909962,518.6713279832952,521.8559471668351,0.0,42542100
2024-08-13,0.0,529.5048217773438,0.0,529.7393216479126,523.878076980635,524.1222955084382,0.0,52333100
2024-08-14,0.0,531.1752319335938,0.0,532.3572709257232,527.6291745808618,530.2960214933445,0.0,42446900
2024-08-15,0.0,540.2797241210938,0.0,540.5629961238054,536.1866195717042,536.7922766972661,0.0,60846800
2024-08-16,0.0,541.4910888671875,0.0,542.1846909540823,538.5116347380534,538.6679083622046,0.0,44430700
2024-08-19,0.0,546.6685180664062,0.0,546.6685180664062,541.0514918139045,541.901367537868,0.0,39121800
2024-08-20,0.0,545.779541015625,0.0,547.8700657821756,544.4412283435015,546.2191462607274,0.0,33732300
2024-08-21,0.0,547.6551513671875,0.0,549.1106842316043,541.9013486274712,546.8248322343893,0.0,41514600
2024-08-22,0.0,543.3568725585938,0.0,550.1559376249218,542.1455582382872,549.5502804647684,0.0,56121500
2024-08-23,0.0,549.1303100585938,0.0,550.0681307743154,544.4022125993778,546.5904609360616,0.0,50639400
2024-08-26,0.0,547.8211669921875,0.0,550.8690092024209,546.1214157161334,550.1559102385648,0.0,35788600
2024-08-27,0.0,548.5734252929688,0.0,549.0618623501647,545.4083627021253,546.5512887213379,0.0,32693900
2024-08-28,0.0,545.3887939453125,0.0,548.661357929549,542.204174863817,548.2315309438809,0.0,41066000
2024-08-29,0.0,545.4376220703125,0.0,550.644377643334,544.2946960843145,547.352316743397,0.0,38715200
2024-08-30,0.0,550.6444702148438,0.0,551.1524639045385,544.2557340828612,547.8017923810901,0.0,62700100
2024-09-03,0.0,539.3126831054688,0.0,547.8407751289367,536.8021094517958,547.5086116923438,0.0,60600100
2024-09-04,0.0,538.2088012695312,0.0,541.6083040829072,536.7532683896355,537.4761456891545,0.0,47224900
2024-09-05,0.0,536.8997192382812,0.0,540.9928237930679,534.4477558926965,538.1501466111926,0.0,44264300
2024-09-06,0.0,527.8637084960938,0.0,538.8437645502386,526.9650009606123,537.2221796738046,0.0,68493800
2024-09-09,0.0,533.773681640625,0.0,535.043665505135,530.1299607989381,532.0544335310877,0.0,40445800
2024-09-10,0.0,536.0987548828125,0.0,536.450474898389,530.8138918516801,535.678706144088,0.0,36394600
2024-09-11,0.0,541.5985107421875,0.0,542.5167747623394,527.4729497044474,536.0108196239122,0.0,75248600
2024-09-12,0.0,546.1605224609375,0.0,546.4633510224045,539.9573366553728,542.1748597619055,0.0,51819600
2024-09-13,0.0,549.0130004882812,0.0,550.0094311099382,546.5122052774053,546.7662020730168,0.0,39310500
2024-09-16,0.0,549.8238525390625,0.0,550.0875680057417,546.9518402590558,548.7492552395013,0.0,36656100
2024-09-17,0.0,550.0484619140625,0.0,553.477299266029,547.8211605278194,552.0314851715059,0.0,49321000
2024-09-18,0.0,548.4171142578125,0.0,555.5385046014119,547.8602888957543,550.702966140304,0.0,59044900
2024-09-19,0.0,557.7754516601562,0.0,559.6315359572782,554.9425530668651,557.804786497104,0.0,75315500
2024-09-20,0.0,556.8113403320312,1.746,557.8500005367814,553.7933228326182,556.4096197933483,0.0,77503100
2024-09-23,0.0,558.2027587890625,0.0,558.8495067502496,556.6643550711399,557.8794446150124,0.0,44116900
2024-09-24,0.0,559.7998657226562,0.0,559.8586555458002,556.174333811357,558.9963649353333,0.0,46805700
2024-09-25,0.0,558.5652465820312,0.0,560.3780425284191,557.4579883539482,559.6431398003925,0.0,38428600
2024-09-26,0.0,560.77978515625,0.0,563.1413061737785,558.4281322177342,562.817932214862,0.0,48336000
2024-09-27,0.0,559.966552734375,0.0,562.6611965458859,558.9377006949258,561.8479471107624,0.0,42100900
2024-09-30,0.0,562.21044921875,0.0,562.8179640810873,556.6447925339722,558.9376557740085,0.0,63557400
2024-10-01,0.0,557.1738891601562,0.0,562.5043864049716,554.6066335561335,561.8576982708267,0.0,72668800
2024-10-02,0.0,557.4090576171875,0.0,558.4281611024765,553.8913563966638,556.282242548741,0.0,38097800
2024-10-03,0.0,556.3900756835938,0.0,558.3302001396713,554.106960667849,555.9393137222664,0.0,40846500
2024-10-04,0.0,561.4461059570312,0.0,561.8184614824812,556.6643337627131,560.8287828388663,0.0,42939100
2024-10-07,0.0,556.370361328125,0.0,560.446655391967,555.2239297880301,559.7999074826037,0.0,49964700
2024-10-08,0.0,561.63232421875,0.0,562.2300906410503,558.0656412646009,558.9376805045769,0.0,37398700
2024-10-09,0.0,565.5224609375,0.0,566.0809942856702,561.0248291372598,561.6225357741174,0.0,37912200
2024-10-10,0.0,564.5327758789062,0.0,565.953600014702,562.9257739624676,564.1800368650188,0.0,44138100
2024-10-11,0.0,567.913330078125,0.0,568.6482329129351,564.3171624790748,564.4543586951436,0.0,42268000
2024-10-14,0.0,572.5579223632812,0.0,573.4888112745962,569.0401610478535,569.520288010914,0.0,36217200
2024-10-15,0.0,568.1092529296875,0.0,573.1261842726946,566.8941634738084,572.8224268603595,0.0,54203600
2024-10-16,0.0,570.5784912109375,0.0,571.0978512020905,567.305757742965,568.1092586044506,0.0,30725400
2024-10-17,0.0,570.6275634765625,0.0,574.3216944108202,570.441385688738,574.1159000748407,0.0,34393700
2024-10-18,0.0,572.8224487304688,0.0,573.6063330690159,570.8528997080355,572.3128969974695,0.0,37416800
2024-10-21,0.0,571.8817749023438,0.0,573.0771881011084,568.912738838732,572.0973176864316,0.0,36439000
2024-10-22,0.0,571.5780639648438,0.0,572.7343039714391,568.6972423190728,569.3537388044809,0.0,34183800
2024-10-23,0.0,566.3552856445312,0.0,570.0004346494243,562.8571411229607,569.5594810059998,0.0,49314600
2024-10-24,0.0,567.5801391601562,0.0,568.3836400907534,564.9639018539431,568.3052337104026,0.0,34979900
2024-10-25,0.0,567.3842163085938,0.0,572.6951576994558,566.4435788657943,569.804527643325,0.0,47268200
2024-10-28,0.0,569.1381225585938,0.0,570.9802836348513,568.8343651367928,570.8528957024953,0.0,30174700
2024-10-29,0.0,570.0592041015625,0.0,571.1762108700161,566.7864107519835,568.1778099310847,0.0,42899700
2024-10-30,0.0,568.3345947265625,0.0,571.5779630983764,567.6290569957021,569.588797638648,0.0,41435800
2024-10-31,0.0,557.1934814453125,0.0,564.0427655154251,556.9974954170759,563.9741674152153,0.0,60182500
2024-11-01,0.0,559.545166015625,0.0,563.9643910438907,559.1336371976272,559.8195584319851,0.0,45667500
2024-11-04,0.0,558.3399047851562,0.0,560.9757583388703,556.4585705161212,559.6823223393656,0.0,38217000
2024-11-05,0.0,565.09130859375,0.0,565.1304818819561,559.0357163025479,559.2512590975022,0.0,39478300
2024-11-06,0.0,579.1425170898438,0.0,580.0146160051545,573.6062858121453,577.3395892403747,0.0,68182000
2024-11-07,0.0,583.62060546875,0.0,584.639708979933,581.063158030651,581.1415644099445,0.0,47233200
2024-11-08,0.0,586.148681640625,0.0,587.5695056932594,584.1693242787533,584.1693242787533,0.0,46444900
2024-11-11,0.0,586.7071533203125,0.0,588.0887441353201,584.9825720146739,587.7360051791314,0.0,37586800
2024-11-12,0.0,584.8846435546875,0.0,587.2264882691159,582.4055428293386,586.6287817012992,0.0,43006100
2024-11-13,0.0,585.1688232421875,0.0,587.1677373847895,582.9837313260188,585.3451927424278,0.0,47388600
2024-11-14,0.0,581.4061279296875,0.0,585.7763718199695,580.7202664359244,585.2962448517161,0.0,38904100
2024-11-15,0.0,573.9591064453125,0.0,578.3195418358689,572.1071369723535,577.8491633593196,0.0,75988800
2024-11-18,0.0,576.3108520507812,0.0,577.6238450144261,573.5574183688442,574.4196493771738,0.0,37001700
2024-11-19,0.0,578.4175415039062,0.0,579.1426361014928,572.2737941658764,572.9400989259979,0.0,49412000
2024-11-20,0.0,578.6134033203125,0.0,578.8975441726233,572.8615695316089,578.4958236706298,0.0,50032600
2024-11-21,0.0,581.7196655273438,0.0,583.1404896221547,575.6249001169805,581.455141177832,0.0,46750300
2024-11-22,0.0,583.5225830078125,0.0,584.1497143652956,581.2101034094488,581.7097870344509,0.0,38226400
2024-11-25,0.0,585.501953125,0.0,588.7648782973704,583.2188384863542,587.4518855330788,0.0,42441400
2024-11-26,0.0,588.5592651367188,0.0,589.2255699286757,586.0311823918292,586.7464687495894,0.0,45621300
2024-11-27,0.0,586.7758178710938,0.0,588.755115442667,585.2570306878304,588.3730114334577,0.0,34000200
2024-11-29,0.0,590.4208984375,0.0,591.2047827973582,587.3147260107087,587.5890586237147,0.0,30177400
2024-12-02,0.0,591.4791259765625,0.0,592.1552388895445,590.3424429138348,590.8323780737772,0.0,31746000
2024-12-03,0.0,591.7535400390625,0.0,591.9985076527607,590.2151960547985,591.2440480710218,0.0,26906600
2024-12-04,0.0,595.4279174804688,0.0,595.6728850379003,592.772507434092,593.4388120135218,0.0,42787600
2024-12-05,0.0,594.4481811523438,0.0,596.2315525489399,594.0954421437544,595.4280516027892,0.0,28762200
2024-12-06,0.0,595.5750122070312,0.0,596.8096584526629,594.800936138575,595.212464951605,0.0,31241500
2024-12-09,0.0,592.5079956054688,0.0,595.6239761392873,591.9200973185369,595.4574149257465,0.0,34742700
2024-12-10,0.0,590.6658935546875,0.0,593.605504896008,590.0093971009587,593.1841677805376,0.0,37234500
2024-12-11,0.0,595.2321166992188,0.0,596.1825623151827,593.3115491139272,593.5859415432025,0.0,28677700
2024-12-12,0.0,592.1650390625,0.0,594.9380289691392,592.1650390625,594.369747252086,0.0,31543800
2024-12-13,0.0,592.0475463867188,0.0,594.9087513561514,590.6757038334936,594.1934650654297,0.0,35904700
2024-12-16,0.0,594.5755615234375,0.0,595.5456834945226,593.0274092921627,593.8014854078001,0.0,43695200
2024-12-17,0.0,592.1257934570312,0.0,592.9880840930309,590.7540109408761,592.0278303510687,0.0,55773500
2024-12-18,0.0,574.4783935546875,0.0,594.2031278558312,574.0962297805506,591.8220501813851,0.0,108248700
2024-12-19,0.0,574.3020629882812,0.0,581.0631932062172,574.0570953688857,579.456191269411,0.0,85919500
2024-12-20,0.0,581.199951171875,1.966,585.7225012446567,571.132257605004,571.9778279294948,0.0,125716700
2024-12-23,0.0,584.6802978515625,0.0,585.2800160502417,577.7685966184363,580.9442707021165,0.0,57635800
2024-12-24,0.0,591.1791381835938,0.0,591.2185033240278,585.4472496940897,586.0273454449668,0.0,33160100
2024-12-26,0.0,591.218505859375,0.0,592.3392722176656,588.0133673077331,589.4094496188982,0.0,41219100
2024-12-27,0.0,584.9949951171875,0.0,587.7183905820746,580.8165297326684,587.4823797773107,0.0,64969300
2024-12-30,0.0,578.3192749023438,0.0,581.7800467977985,574.5734057798932,577.9948725430215,0.0,56578800
2024-12-31,0.0,576.2152709960938,0.0,580.6985158642835,574.583178079053,579.9807622286955,0.0,57052700
2025-01-02,0.0,574.7994384765625,0.0,581.1801901339398,570.7291079559299,579.4694871635404,0.0,50204000
2025-01-03,0.0,581.9864501953125,0.0,582.6254735449975,576.5593423217554,577.6408633877121,0.0,37888500
2025-01-06,0.0,585.3390502929688,0.0,589.6060270134918,583.608664526265,586.2337670283534,0.0,47679400
2025-01-07,0.0,578.7223510742188,0.0,587.6888410122485,576.903513754268,587.3643786767495,0.0,60393100
2025-01-08,0.0,579.56787109375,0.0,580.6395509433228,575.350100693004,578.7911897402016,0.0,47304700
2025-01-10,0.0,570.7194213867188,0.0,576.0875425144147,568.8120722687759,576.0187135246937,0.0,73105000
2025-01-13,0.0,571.6043090820312,0.0,571.9582353156698,565.6659333477378,566.0789072948215,0.0,47910100
2025-01-14,0.0,572.3906860351562,0.0,575.1533862250869,568.6152938144415,574.5241441869972,0.0,48420600
2025-01-15,0.0,582.8026123046875,0.0,583.943061283102,579.2828525136379,580.3938376431494,0.0,56900200
2025-01-16,0.0,581.681640625,0.0,584.345988007067,580.9835696093336,584.1690249343256,0.0,43319700
2025-01-17,0.0,587.5216674804688,0.0,589.2716756656154,585.5847949299089,586.9121079994578,0.0,58070600
2025-01-21,0.0,592.8995971679688,0.0,592.9094384516549,588.5933154613438,590.5596519481012,0.0,42532900
2025-01-22,0.0,596.2326049804688,0.0,597.5893820777127,595.1707663809229,595.7213382459036,0.0,48196000
2025-01-23,0.0,599.4868774414062,0.0,599.4868774414062,595.3280946897063,595.6033506126263,0.0,41152100
2025-01-24,0.0,597.73681640625,0.0,600.4995770008244,596.5865262707722,599.54587252364,0.0,34604700
2025-01-27,0.0,589.2815551757812,0.0,589.5961762199101,584.6311885086425,584.798310310645,0.0,70361100
2025-01-28,0.0,594.344970703125,0.0,595.1806398263976,587.1973173488781,590.5105900023588,0.0,44433300
2025-01-29,0.0,591.680419921875,0.0,593.9613772229904,589.1339880186671,593.558244678493,0.0,37177400
2025-01-30,0.0,594.8561401367188,0.0,596.3898803192325,590.6088457833347,593.7943615542468,0.0,39281300
2025-01-31,0.0,591.6904296875,0.0,599.693435081772,590.9333707965222,597.2748191495543,0.0,66566900
2025-02-03,0.0,587.70849609375,0.0,590.1860392450765,580.5510025263411,582.6943020815504,0.0,65857200
2025-02-04,0.0,591.651123046875,0.0,592.1623298220667,587.2268651385132,587.7675957701897,0.0,33457800
2025-02-05,0.0,594.0498657226562,0.0,594.1973649569587,588.5048426365228,590.5301667443101,0.0,30653100
2025-02-06,0.0,596.1146850585938,0.0,596.2425017541303,592.4867911796968,595.7902226770135,0.0,35771500
2025-02-07,0.0,590.6580200195312,0.0,597.8941240756534,589.9501076619601,596.6750050236558,0.0,50788500
2025-02-10,0.0,594.6693725585938,0.0,595.30845601079,592.5949016719809,593.863227291288,0.0,26048700
2025-02-11,0.0,595.1216430664062,0.0,595.6623736678141,592.2901133629294,592.408088766588,0.0,30056700
2025-02-12,0.0,593.2044067382812,0.0,594.3743794070193,588.4360645213627,589.1144530437037,0.0,45076100
2025-02-13,0.0,599.4672241210938,0.0,599.6737110792319,593.047165943141,594.3055902381474,0.0,40921300
2025-02-14,0.0,599.4376831054688,0.0,600.7059485220444,598.8182823186273,599.6736338799176,0.0,26910400
2025-02-18,0.0,601.1975708007812,0.0,601.1975708007812,598.1399318067746,600.5978525430173,0.0,26749000
2025-02-19,0.0,602.6133422851562,0.0,602.908280775238,599.3000698962699,599.8113366176324,0.0,31011100
2025-02-20,0.0,600.1063232421875,0.0,601.3844301402796,596.8028918726411,601.2467721645895,0.0,36554000
2025-02-21,0.0,589.842041015625,0.0,600.0276510429451,589.3799206723878,599.8899930676969,0.0,76519800
2025-02-24,0.0,587.1580200195312,0.0,592.8800672914438,586.4501075695626,591.8870576091449,0.0,50737200
2025-02-25,0.0,584.2379150390625,0.0,587.8265033006376,579.6366946428752,587.098968367302,0.0,58266500
2025-02-26,0.0,584.5328979492188,0.0,589.4881049123491,581.8980139327481,585.8995163780398,0.0,43321600
2025-02-27,0.0,575.2025756835938,0.0,587.9542991571739,574.809344386224,586.8039490929929,0.0,74196700
2025-02-28,0.0,584.178955078125,0.0,584.7098443771037,572.6365684069419,575.7040488167072,0.0,88744100
2025-03-03,0.0,573.9441528320312,0.0,587.2857532860544,570.1392964764723,586.1452445030724,0.0,74249200
2025-03-04,0.0,567.150390625,0.0,575.5368441329807,562.6179996474549,569.952455985737,0.0,109648200
2025-03-05,0.0,573.2461547851562,0.0,575.0355284425119,563.4341535288585,566.9833769883293,0.0,71230500
2025-03-06,0.0,563.0702514648438,0.0,570.4046474415857,560.523819558892,565.793586428619,0.0,80094900
2025-03-07,0.0,566.2262573242188,0.0,567.6715458955733,556.1094773560538,561.2907933786839,0.0,81158800
2025-03-10,0.0,551.1445922851562,0.0,559.953743284554,546.2385912694426,558.0366127932136,0.0,99326600
2025-03-11,0.0,546.5628662109375,0.0,554.5265648872522,542.7285461144836,549.9843324603625,0.0,88102100
2025-03-12,0.0,549.4631958007812,0.0,553.6318192815521,544.3703918307585,552.7076387923001,0.0,69588200
2025-03-13,0.0,542.1386108398438,0.0,549.6991769603108,540.4279077137791,549.0896174558009,0.0,74079400
2025-03-14,0.0,553.3369750976562,0.0,554.3398260143258,542.2075022062043,546.7497351697265,0.0,62660300
2025-03-17,0.0,557.6039428710938,0.0,560.1208513978755,552.8846868765244,553.3172833424321,0.0,49008700
2025-03-18,0.0,551.5771484375,0.0,555.5098219909205,549.6501167935029,555.2934937414076,0.0,66041400
2025-03-19,0.0,557.5842895507812,0.0,561.3399999727566,552.1768634471969,553.3566775077279,0.0,66556000
2025-03-20,0.0,555.9718017578125,0.0,560.9663132490421,553.1304311253591,553.8481847501696,0.0,62958200
2025-03-21,0.0,556.1552124023438,1.696,557.0526205906217,550.2878120115934,551.5204692681951,0.0,83763000
2025-03-24,0.0,566.1151123046875,0.0,567.1702741261835,562.2889394113844,562.8805908120635,0.0,58766800
2025-03-25,0.0,567.4760131835938,0.0,568.4127846067184,565.73055113845,567.3181993393742,0.0,38355700
2025-03-26,0.0,560.7012939453125,0.0,568.3338979913931,559.3206937528307,567.2097001365158,0.0,51848300
2025-03-27,0.0,559.2122802734375,0.0,562.9792883535321,557.101956447335,559.3108687859911,0.0,42164200
2025-03-28,0.0,547.9507446289062,0.0,558.413587192946,547.3689639965595,557.6838635858104,0.0,71662700
2025-03-31,0.0,551.62890625,0.0,552.9305994826874,539.282592409213,542.201546342058,0.0,95328200
2025-04-01,0.0,553.18701171875,0.0,555.1297110203275,545.9981756472096,549.715889513425,0.0,54609600
2025-04-02,0.0,556.687744140625,0.0,559.547472787333,547.1124411566806,547.3491017135567,0.0,76014500
2025-04-03,0.0,529.2537841796875,0.0,540.3673821784607,529.2537841796875,537.5470765410741,0.0,125986000
2025-04-04,0.0,498.2696838378906,0.0,518.5740121118964,498.05273494035157,516.404523136506,0.0,217965100
2025-04-07,0.0,497.3821716308594,0.0,515.9114550791749,475.115432610906,482.40291724281104,0.0,256611400
2025-04-08,0.0,489.591796875,0.0,517.6963548854247,482.3733480760591,514.6196468974629,0.0,165816600
2025-04-09,0.0,541.0084228515625,0.0,541.0084228515625,486.20939567811143,486.59399925019795,0.0,241867300
2025-04-10,0.0,517.3019409179688,0.0,526.0981670837639,502.25365007002944,524.7866027854379,0.0,162331200
2025-04-11,0.0,526.5321044921875,0.0,528.9875485351057,512.8545420601603,515.7537548286505,0.0,97866300
2025-04-14,0.0,531.64013671875,0.0,536.7285795544979,526.4531053782949,536.5017296923237,0.0,68034000
2025-04-15,0.0,530.151123046875,0.0,535.6931457102869,529.3622343758641,532.1825399641931,0.0,56892900
2025-04-16,0.0,518.366943359375,0.0,530.4273047249436,513.0714517926509,524.3034408726064,0.0,83484800
2025-04-17,0.0,519.1065063476562,0.0,523.800475242003,516.6411916080497,520.3194821276195,0.0,79868100
2025-04-21,0.0,506.7503356933594,0.0,514.4618467446136,501.40552056556845,513.9293002870572,0.0,69368100
2025-04-22,0.0,519.9349365234375,0.0,521.956482797522,511.9867633247528,512.9235950678715,0.0,75948100
2025-04-23,0.0,527.9915161132812,0.0,537.8626460694973,526.4729038847668,532.9320165359907,0.0,90590700
2025-04-24,0.0,539.1051635742188,0.0,539.8348871004667,528.0211182344198,529.2734571828396,0.0,64150400
2025-04-25,0.0,543.0003662109375,0.0,543.4046513367819,536.1467793425768,539.0657336001437,0.0,61119600
2025-04-28,0.0,543.2073974609375,0.0,545.8699492792146,537.4583271221219,543.7399439376,0.0,47613800
2025-04-29,0.0,546.6292724609375,0.0,547.7435994540236,540.9393072120234,541.294298062473,0.0,47775100
2025-04-30,0.0,546.8462524414062,0.0,548.7988227140515,534.0069337400583,539.9729835885655,0.0,93101500
2025-05-01,0.0,550.7216796875,0.0,556.2440206119321,550.1201573586014,552.595342895286,0.0,63186100
2025-05-02,0.0,558.8966674804688,0.0,560.4941864598073,554.5774316657111,556.894803218062,0.0,60717300
2025-05-05,0.0,555.6917724609375,0.0,558.7882219920989,553.9068871278389,554.7648117792631,0.0,38659200
2025-05-06,0.0,551.0471801757812,0.0,555.5340413030556,549.2327420958744,550.1892553966732,0.0,48264700
2025-05-07,0.0,553.3645629882812,0.0,555.9975022415719,548.3254139860352,552.3784371058738,0.0,55588000
2025-05-08,0.0,557.2203369140625,0.0,562.3974982446085,553.9069681077176,557.3978323656503,0.0,65130800
2025-05-09,0.0,556.5103149414062,0.0,559.6264462916283,554.9522191721212,558.6205786168767,0.0,37603400
2025-05-12,0.0,574.9015502929688,0.0,574.9114211824733,569.0340889310521,573.4026196086874,0.0,78993600
2025-05-13,0.0,578.6981201171875,0.0,580.9070323903663,574.7536167184122,575.3156554869938,0.0,67947200
2025-05-14,0.0,579.437744140625,0.0,580.8084133986617,577.4161378946785,579.6546629482465,0.0,66283500
2025-05-15,0.0,582.267822265625,0.0,582.7706958315019,576.9821425909696,577.4357820961777,0.0,71268100
2025-05-16,0.0,585.9559936523438,0.0,586.2518193704545,581.1042713102905,583.0469103495059,0.0,76052100
2025-05-19,0.0,586.5969848632812,0.0,587.27741416191,579.9406348417033,579.9406348417033,0.0,68168500
2025-05-20,0.0,584.6246948242188,0.0,585.8080578995526,581.419785763877,584.8614155899625,0.0,60614500
2025-05-21,0.0,574.7733154296875,0.0,584.3584902721909,573.7477661832594,580.2759146876367,0.0,95197700
2025-05-22,0.0,575.0001220703125,0.0,578.4811148637216,573.3433777523152,574.5760350084579,0.0,70860400
2025-05-23,0.0,571.075439453125,0.0,573.7379918121957,567.6141274051689,567.9888601173233,0.0,76029000
2025-05-27,0.0,582.9483032226562,0.0,583.1060568711622,570.4047514802384,577.9387671986972,0.0,72588500
2025-05-28,0.0,579.5757446289062,0.0,584.545857588394,578.8460211072919,583.3526236048898,0.0,68445500
2025-05-29,0.0,581.8635864257812,0.0,584.9699071457442,577.9388245287198,584.8318350718904,0.0,69973300
2025-05-30,0.0,581.2127685546875,0.0,582.9286180198035,575.1480700909575,580.7591289651484,0.0,90601200
2025-06-02,0.0,584.4867553710938,0.0,584.5656021144322,576.9428674958667,579.605419698203,0.0,61630500
2025-06-03,0.0,587.81982421875,0.0,588.7960792462304,583.6385997733717,584.1218520308094,0.0,63606200
2025-06-04,0.0,587.6619262695312,0.0,589.6539195966438,587.2280285207049,588.6776647088699,0.0,57314200
2025-06-05,0.0,584.8219604492188,0.0,590.6894216670538,582.8497086239531,589.3384339818148,0.0,92278700
2025-06-06,0.0,590.8274536132812,0.0,592.4940086999786,588.5790577947733,590.3540722792903,0.0,66588700
2025-06-09,0.0,591.3599243164062,0.0,592.9081490758875,590.1864321834666,591.3993476813894,0.0,53016400
2025-06-10,0.0,594.7128295898438,0.0,595.0973729509094,590.7781968461302,591.8924637491524,0.0,66247000
2025-06-11,0.0,593.0166625976562,0.0,596.6653405011278,590.9556931519085,595.8074157747775,0.0,73658200
2025-06-12,0.0,595.3734741210938,0.0,595.3734741210938,591.2021810906274,591.6853731206485,0.0,64129000
2025-06-13,0.0,588.7171020507812,0.0,593.4997881009825,587.2181715759101,590.1962907494013,0.0,89506000
2025-06-16,0.0,594.318359375,0.0,596.0638215052488,591.8924679557008,592.0700235861916,0.0,79984100
2025-06-17,0.0,589.2398681640625,0.0,593.401290785268,588.480531921813,591.8826784891205,0.0,82209400
2025-06-18,0.0,589.1510620117188,0.0,592.8785866278505,588.1944885876793,590.1371879149127,0.0,76605000
2025-06-20,0.0,587.7673950195312,1.761,592.8906208578056,586.3629131433069,591.8224395288368,0.0,94051400
2025-06-23,0.0,593.5730590820312,0.0,593.9587392448562,585.4035696790836,588.5190130228361,0.0,87426000
2025-06-24,0.0,600.13037109375,0.0,601.1885919192599,596.7972471416377,597.7072083922786,0.0,67735300
2025-06-25,0.0,600.4666748046875,0.0,601.940336500435,598.903972841808,601.247995602986,0.0,62114800
2025-06-26,0.0,605.1646118164062,0.0,605.5997923429508,601.7029677445283,602.3161684365299,0.0,78548400
2025-06-27,0.0,608.1712646484375,0.0,609.6350865938839,604.1360202356653,606.1635425121184,0.0,86258400
2025-06-30,0.0,611.0790405273438,0.0,612.4340220516922,608.2998373553096,610.6142201701539,0.0,92502500
2025-07-01,0.0,610.8812866210938,0.0,612.0483479268365,608.7746241554748,609.6053849111585,0.0,70030100
2025-07-02,0.0,613.6505737304688,0.0,613.6901136433279,609.8526292762224,610.4757300098587,0.0,66510400
2025-07-03,0.0,618.4869995117188,0.0,619.4167005776212,615.6088560521965,615.628656191773,0.0,51065800
2025-07-07,0.0,613.8780517578125,0.0,617.1913758193931,611.0988485499288,616.5286747873084,0.0,74814500
2025-07-08,0.0,613.5418090820312,0.0,615.2923708557059,612.7307881009865,614.5406899285775,0.0,59024600
2025-07-09,0.0,617.2210083007812,0.0,617.8737488887257,614.1055045789822,615.945166968477,0.0,66113300
2025-07-10,0.0,618.9617309570312,0.0,620.0002120765442,616.1825277796053,617.3594891460615,0.0,57529000
2025-07-11,0.0,616.7858276367188,0.0,618.0122289852302,614.7187654701638,615.9154666088177,0.0,63670200
2025-07-14,0.0,617.9627685546875,0.0,618.3089087938923,614.9857451789246,616.3308265898004,0.0,51898500
2025-07-15,0.0,615.322021484375,0.0,620.9793073894895,615.2428812967698,620.6430672331502,0.0,74317300
2025-07-16,0.0,617.3792114257812,0.0,617.8836320494379,611.276844692317,616.9044910111767,0.0,88987500
2025-07-17,0.0,621.1573486328125,0.0,621.5134493059918,617.3396644874989,617.557284919235,0.0,68885700
2025-07-18,0.0,620.7025146484375,0.0,622.5717567026577,619.5947932954602,622.4036365954075,0.0,65621600
2025-07-21,0.0,621.8794555664062,0.0,624.6190586454088,621.4541750937276,621.8794555664062,0.0,63375000
2025-07-22,0.0,621.9683837890625,0.0,622.8288447335428,619.3276609031153,622.2057439990875,0.0,60046300
2025-07-23,0.0,627.259765625,0.0,627.259765625,622.8288205336723,624.6288825447934,0.0,70511000
2025-07-24,0.0,627.4674072265625,0.0,629.1784892953694,627.0421268182102,627.6454273719465,0.0,71307100
2025-07-25,0.0,630.1181030273438,0.0,630.5928838363332,627.8829206987424,628.1301809903662,0.0,56865400
2025-07-28,0.0,629.9598999023438,0.0,631.0478210681617,628.5752180855901,630.4939604147171,0.0,54917100
2025-07-29,0.0,628.2982788085938,0.0,631.6708825055948,627.3883778702398,631.3543820995848,0.0,60556300
2025-07-30,0.0,627.5070190429688,0.0,630.6917023127537,624.6189756546709,628.9509803708415,0.0,80418900
2025-07-31,0.0,625.1531982421875,0.0,632.8380075585872,623.857556644127,632.4523273568442,0.0,103385200
2025-08-01,0.0,614.9066162109375,0.0,619.476041722763,612.5032535330552,619.4364414435403,0.0,140103600
2025-08-04,0.0,624.2530517578125,0.0,624.3024917393647,618.7243458354196,618.813325728958,0.0,73218000
2025-08-05,0.0,621.0880737304688,0.0,625.6772386500149,620.168272806011,624.8662177521945,0.0,68051400
2025-08-06,0.0,625.845458984375,0.0,626.4981995520814,621.2463937026511,622.1562946160922,0.0,64357500
2025-08-07,0.0,625.3212280273438,0.0,629.9993730574174,622.2156245224251,629.2674923107387,0.0,74205800
2025-08-08,0.0,630.197265625,0.0,630.6621463802445,626.794961476664,627.1114619051468,0.0,64051600
2025-08-11,0.0,628.9509887695312,0.0,631.9478122276477,627.7047873460086,630.474150672182,0.0,58742300
2025-08-12,0.0,635.6468505859375,0.0,635.8050706066525,629.8114837326607,631.2950454377703,0.0,64730800
2025-08-13,0.0,637.8228149414062,0.0,639.1085564704525,635.6370120856271,637.8425547169825,0.0,60092800
2025-08-14,0.0,637.882080078125,0.0,638.5447207235369,635.300697252298,635.7457174616427,0.0,59327500
2025-08-15,0.0,636.388671875,0.0,639.0096552004113,635.4787708739423,638.9107148606824,0.0,68592500
2025-08-18,0.0,636.2501831054688,0.0,636.9425240091701,635.1424618060598,635.8150025688236,0.0,43804900
2025-08-19,0.0,632.7984008789062,0.0,637.0512656505922,631.4829592777961,636.0721245937336,0.0,69750700
2025-08-20,0.0,631.1170043945312,0.0,632.6500060324975,626.013578858981,632.3929060531275,0.0,88890300
2025-08-21,0.0,628.5850830078125,0.0,630.9785456585483,626.864161086776,629.3071240874224,0.0,54805800
2025-08-22,0.0,638.2381591796875,0.0,639.4151205943501,630.2664897119097,630.7709103705197,0.0,84083200
2025-08-25,0.0,635.42919921875,0.0,638.2183023325629,635.3105191174199,636.9820009718095,0.0,51274300
2025-08-26,0.0,638.0897827148438,0.0,638.4359833484747,634.5391586749303,635.1622594491828,0.0,51581600
2025-08-27,0.0,639.543701171875,0.0,640.2755819843173,637.3578984386413,637.5062787617181,0.0,48341100
2025-08-28,0.0,641.8085327148438,0.0,642.3623933153343,638.267809046051,640.146950913372,0.0,61519500
2025-08-29,0.0,637.9810180664062,0.0,640.7404816664739,636.0919759234915,640.374480883152,0.0,74522200
2025-09-02,0.0,633.2533569335938,0.0,633.4709169972102,627.9619508913343,630.5136938017484,0.0,81983500
2025-09-03,0.0,636.6853637695312,0.0,637.1502445176759,633.4413400681225,635.6270824559713,0.0,70820900
2025-09-04,0.0,642.00634765625,0.0,642.0360478647699,636.4578416280056,637.3578424589464,0.0,65219200
2025-09-05,0.0,640.14697265625,0.0,645.0625384730564,636.2798483910566,644.3404973975818,0.0,85178900
2025-09-08,0.0,641.719482421875,0.0,642.7184234803435,640.1369806181674,641.5117620821245,0.0,63133100
2025-09-09,0.0,643.2030639648438,0.0,643.7272243154101,640.1271005117621,641.8579222981767,0.0,66133900
2025-09-10,0.0,645.0625,0.0,647.3768223058731,643.4997982019892,646.4570213518696,0.0,78034500
2025-09-11,0.0,650.4231567382812,0.0,651.1154976382888,646.4274520986086,647.0109525903231,0.0,69934400
2025-09-12,0.0,650.20556640625,0.0,651.8869485652141,649.701206088218,650.3934866540098,0.0,72780100
2025-09-15,0.0,653.6671142578125,0.0,653.7956944276398,652.114372883025,652.4110731340584,0.0,63772400
2025-09-16,0.0,652.76708984375,0.0,654.5276118800496,651.9857691498868,654.2209512044083,0.0,61169000
2025-09-17,0.0,651.9561767578125,0.0,654.4683196962441,647.1296508296768,652.7770978636573,0.0,101952200
2025-09-18,0.0,655.00244140625,0.0,657.6036246179045,653.0342590569163,654.6365009878455,0.0,90459200
2025-09-19,0.0,658.2465209960938,1.831,659.0895125014193,654.9438659954435,656.8877828567474,0.0,97945600
2025-09-22,0.0,661.3607177734375,0.0,661.8069717744121,656.7290467709187,656.7588293222589,0.0,69452200
2025-09-23,0.0,657.7605590820312,0.0,661.856628548307,656.5406245808955,661.2416672722171,0.0,81708900
2025-09-24,0.0,655.6677856445312,0.0,659.1489540239103,654.2495430702726,659.0497999269948,0.0,68082200
2025-09-25,0.0,652.6429443359375,0.0,653.9917550046746,649.0328388399253,652.5338627083877,0.0,89622100
2025-09-26,0.0,656.3819580078125,0.0,656.9274266555326,652.4743298182361,654.0909412604747,0.0,69179200
2025-09-29,0.0,658.2266845703125,0.0,659.8135740530697,656.4216318338509,658.9010899003678,0.0,73499000
2025-09-30,0.0,660.7061157226562,0.0,661.1722852976668,656.173659297658,657.4828203674869,0.0,86288000
2025-10-01,0.0,662.9574584960938,0.0,663.8698820443607,657.6117327913598,657.7208144097488,0.0,72545400
2025-10-02,0.0,663.7210693359375,0.0,665.0600128657511,661.3011766397112,664.9410037342527,0.0,56896000
2025-10-03,0.0,663.7112426757812,0.0,667.1527012490268,662.6698219114437,664.4848020775174,0.0,70494400
2025-10-06,0.0,666.0914916992188,0.0,666.9841207809839,663.9591941673339,666.1014192164715,0.0,54623300
2025-10-07,0.0,663.6219482421875,0.0,667.4601442579947,662.1838505424819,667.0138297258598,0.0,72020100
2025-10-08,0.0,667.5791625976562,0.0,667.6783772359653,663.919480237528,664.7426772273783,0.0,60702200
2025-10-09,0.0,665.6452026367188,0.0,668.4023890582872,663.7112737749407,667.9957845708525,0.0,66501900
2025-10-10,0.0,647.6542358398438,0.0,668.4122493878771,647.4757221413303,666.6071968358344,0.0,159422600
2025-10-13,0.0,657.5919189453125,0.0,659.664772492732,654.3488290056752,655.2216030747315,0.0,79560500
2025-10-14,0.0,656.78857421875,0.0,660.3590300864076,647.8030207789583,651.7701536094826,0.0,88779600
2025-10-15,0.0,659.7044067382812,0.0,664.7228272522149,653.5156893256119,661.3408732132422,0.0,81702600
2025-10-16,0.0,655.2117309570312,0.0,663.2154294168515,651.710706867285,661.3409444600238,0.0,110563300
2025-10-17,0.0,658.9308471679688,0.0,660.2895852935891,652.7322022395391,654.0810128478913,0.0,96500900
2025-10-20,0.0,665.7840576171875,0.0,666.6866142382812,661.7872027532737,661.8367798071084,0.0,60493400
2025-10-21,0.0,665.7741088867188,0.0,667.4601523988813,664.4748753427003,665.9229005771253,0.0,56249000
2025-10-22,0.0,662.3128051757812,0.0,666.4783066993808,657.8497808005621,666.4783066993808,0.0,80564000
2025-10-23,0.0,666.2402954101562,0.0,667.1825015615415,662.3128121266341,662.6301900162397,0.0,65604500
2025-10-24,0.0,671.6851806640625,0.0,672.8951271271609,670.0983517375236,670.9016937183009,0.0,74356500
2025-10-27,0.0,679.6094970703125,0.0,679.9070199177999,676.5151383891614,677.1201116013259,0.0,63339800
2025-10-28,0.0,681.4144897460938,0.0,683.2492642554724,679.2028328185232,681.4045622297778,0.0,61738100
2025-10-29,0.0,681.7418823242188,0.0,684.0328991417463,677.2590027977353,683.0609104229828,0.0,85657100
2025-10-30,0.0,674.2440185546875,0.0,680.3037996369978,674.2440185546875,678.2805836148408,0.0,76335800
2025-10-31,0.0,676.4556274414062,0.0,679.4508319897004,673.6587916341136,679.4111219213156,0.0,87164100
2025-11-03,0.0,677.7251586914062,0.0,680.1649066224819,674.3530715971103,680.0359699637585,0.0,57315000
2025-11-04,0.0,669.6917114257812,0.0,674.3729598389511,669.0371611161902,670.5545580097922,0.0,78427000
2025-11-05,0.0,672.012451171875,0.0,675.2654684624238,668.6304366940664,669.4337786331213,0.0,74402400
2025-11-06,0.0,664.8021850585938,0.0,671.8140994484131,663.2252231578799,670.9115428502156,0.0,85035300
2025-11-07,0.0,665.4567260742188,0.0,665.5658682287408,655.7769731606511,662.4218719882706,0.0,100592400
2025-11-10,0.0,675.8407592773438,0.0,676.57466917413,669.4834554774103,671.6752576501947,0.0,75842900
2025-11-11,0.0,677.3878784179688,0.0,677.9532020666294,673.1529450781785,674.3629519753922,0.0,58953400
2025-11-12,0.0,677.7647705078125,0.0,679.3318048264125,675.3547447293747,679.1631581075335,0.0,62312500
2025-11-13,0.0,666.5180053710938,0.0,675.265541055433,665.0105359672095,674.9085136071693,0.0,103457800
2025-11-14,0.0,666.4088745117188,0.0,670.1082064558575,657.8200586834998,659.9127066954921,0.0,96846700
2025-11-17,0.0,660.2002563476562,0.0,668.1742314199619,656.7290154076413,664.1971714004484,0.0,90456100
2025-11-18,0.0,654.6561889648438,0.0,659.6547538697382,650.4708329116884,656.6595496130724,0.0,114467500
2025-11-19,0.0,657.185302734375,0.0,661.856623370592,653.3371790986623,655.3505280387882,0.0,94703000
2025-11-20,0.0,647.1683349609375,0.0,670.0090710879778,646.5335791707308,667.3808213360044,0.0,165293500
2025-11-21,0.0,653.6148681640625,0.0,659.0894699034471,645.5020288545189,649.6675301260088,0.0,123956200
2025-11-24,0.0,663.2351684570312,0.0,664.5542570793402,656.1538823239337,657.2448196444445,0.0,80437900
2025-11-25,0.0,669.4734497070312,0.0,670.6536740212097,659.020017057554,663.135941149376,0.0,81077100
2025-11-26,0.0,674.09521484375,0.0,676.0986363282427,671.1595147067713,672.0620713400136,0.0,71879600
2025-11-28,0.0,677.7747192382812,0.0,678.0523870500939,674.9084513312986,675.2654787466182,0.0,49212000
2025-12-01,0.0,674.6802978515625,0.0,677.3779187836101,673.1628406770591,673.232272756968,0.0,61201200
2025-12-02,0.0,675.9300537109375,0.0,678.2012155152329,673.7481184984898,676.316803165018,0.0,62953800
2025-12-03,0.0,678.2706298828125,0.0,679.2822075879724,674.105128319461,674.9779023816353,0.0,57238500
2025-12-04,0.0,678.7665405273438,0.0,679.7384687237238,675.7416137771377,679.6690366334618,0.0,61970300
2025-12-05,0.0,680.0557861328125,0.0,682.7336127271673,678.9549213715281,679.8375623637357,0.0,79241000
2025-12-08,0.0,678.0127563476562,0.0,680.9980334759979,675.9696853695019,680.9484564225444,0.0,55231500
2025-12-09,0.0,677.4276123046875,0.0,679.7583392727543,676.9813582671167,677.5367544682442,0.0,58310100
2025-12-10,0.0,681.92041015625,0.0,683.3088703732143,675.711837383319,676.9515664343469,0.0,85671300
2025-12-11,0.0,683.5072631835938,0.0,683.5866227950731,676.5647802535024,679.5104080599091,0.0,86173700
2025-12-12,0.0,676.1581420898438,0.0,683.2196338188487,673.5893968987631,682.5154459360199,0.0,113160300
2025-12-15,0.0,675.1365356445312,0.0,680.1252340287925,673.6687159286942,680.1053789946951,0.0,90811000
2025-12-16,0.0,673.2918701171875,0.0,675.4837328267965,669.4338188610296,673.6488975485244,0.0,122030600
2025-12-17,0.0,665.8832397460938,0.0,674.8489377460819,665.6848710067972,674.3034691132465,0.0,110625200
2025-12-18,0.0,670.9114990234375,0.0,675.1464323222394,669.3544527925658,672.0322187932205,0.0,108650100
2025-12-19,0.0,676.9923095703125,1.993,677.4896664833268,672.8940327515619,673.0134542661981,0.0,103599500
2025-12-22,0.0,681.2098388671875,0.0,681.7370055876305,676.9922622536055,680.3245290528953,0.0,69556700
2025-12-23,0.0,684.3233032226562,0.0,684.562024812114,680.2548972126992,680.3046207584179,0.0,64840000
2025-12-24,0.0,686.7305297851562,0.0,687.1781631452748,684.164151137988,684.313382495532,0.0,39445600
2025-12-26,0.0,686.660888671875,0.0,688.0037280321676,685.6264081645946,686.989161229118,0.0,41613300
2025-12-29,0.0,684.2138671875,0.0,685.5567672531378,682.4433081832867,683.9055083361335,0.0,62559500
2025-12-30,0.0,683.3782958984375,0.0,684.9200900521846,682.9505762759469,683.8159723723246,0.0,47160700
2025-12-31,0.0,678.3152465820312,0.0,683.726492314561,678.1063955310838,683.5076844111845,0.0,74144800
