Date,Capital Gains,Close,Dividends,High,Low,Open,Stock Splits,Volume
2015-01-02,0.0,91.93523406982422,0.0,92.18074415772834,91.09040171213434,91.1914924809673,0.0,9432000
2015-01-05,0.0,93.37940979003906,0.0,93.60325287245757,92.39737484150488,92.43347554339228,0.0,9789500
2015-01-06,0.0,95.06183624267578,0.0,95.66839187159819,94.00760551686601,94.37586238387067,0.0,18331300
2015-01-07,0.0,94.87410736083984,0.0,95.29291515629298,93.99316872524334,94.37587031076512,0.0,9762900
2015-01-08,0.0,93.6176986694336,0.0,94.13759732346074,93.451623299363,94.130380487569,0.0,8055300
2015-01-09,0.0,94.64305877685547,0.0,94.67193713741574,93.17722580830181,93.29276128668224,0.0,9398800
2015-01-12,0.0,95.18462371826172,0.0,95.53843598873061,94.53474488327585,94.59251262536816,0.0,6658100
2015-01-13,0.0,95.18462371826172,0.0,95.75506226705923,94.69360341951216,94.8741234817743,0.0,8260800
2015-01-14,0.0,95.90666961669922,0.0,96.84536478979655,95.82001252556337,96.55653720085373,0.0,12324500
2015-01-15,0.0,97.41588592529297,0.0,97.5025320622007,95.80563842726178,95.92840181198024,0.0,11454200
2015-01-16,0.0,96.17383575439453,0.0,97.24972788931265,96.0583003115104,96.99700650332812,0.0,9390500
2015-01-20,0.0,97.45187377929688,0.0,97.56018131886933,96.80922333569136,96.85254635152033,0.0,7758700
2015-01-21,0.0,96.32543182373047,0.0,97.90678819940749,96.00772599688166,97.62517754470214,0.0,9803900
2015-01-22,0.0,95.97885131835938,0.0,96.8886679531734,95.51672066000025,96.75869887022739,0.0,10200000
2015-01-23,0.0,97.3147201538086,0.0,97.56744153120133,96.86702308236949,96.97534168816571,0.0,7334600
2015-01-26,0.0,97.01868438720703,0.0,97.6180122029416,96.79484131515143,97.36527975625864,0.0,5966500
2015-01-27,0.0,97.17037200927734,0.0,98.29681575492495,96.8670885226122,98.00797696240419,0.0,8079600
2015-01-28,0.0,98.75892639160156,0.0,99.22105734603984,97.2642148717032,97.30032109056437,0.0,12230300
2015-01-29,0.0,98.1090087890625,0.0,98.68667500866079,97.81296435460091,98.28952879405779,0.0,8881400
2015-01-30,0.0,99.84921264648438,0.0,100.00807111381437,99.0549203098344,99.43763281244969,0.0,14871200
2015-02-02,0.0,99.47228240966797,0.279,99.79064179628918,98.8789853130652,98.9079220571467,0.0,13689900
2015-02-03,0.0,97.36679077148438,0.0,98.24949948392165,97.22207392780588,98.14820431755376,0.0,14008700
2015-02-04,0.0,97.53319549560547,0.0,97.67066986387535,96.31764253857993,96.58535984954815,0.0,11360400
2015-02-05,0.0,96.4623794555664,0.0,97.12079261067358,96.31043116417449,96.95438146512751,0.0,8334600
2015-02-06,0.0,94.75477600097656,0.0,95.76049587006149,94.48705877055293,95.54343172443244,0.0,13685600
2015-02-09,0.0,94.60285186767578,0.0,95.4928029469129,94.6028518676758,95.48557152167626,0.0,8025500
2015-02-10,0.0,93.85037231445312,0.0,94.40025870510632,93.6550134355283,94.16148919538567,0.0,8290700
2015-02-11,0.0,94.02399444580078,0.0,94.25553248028757,93.30769711233224,93.84310949648591,0.0,6506400
2015-02-12,0.0,93.71295166015625,0.0,94.45095488729517,93.6622985349713,93.81424687017629,0.0,12548300
2015-02-13,0.0,92.75059509277344,0.0,93.72013605068318,92.6782366760691,93.70566215927344,0.0,8325200
2015-02-17,0.0,91.3541488647461,0.0,92.56245916688813,91.10814242948199,92.46840096761818,0.0,14968800
2015-02-18,0.0,91.89681243896484,0.0,92.4249935217661,91.50610019570499,91.7593380792516,0.0,14009200
2015-02-19,0.0,91.28903198242188,0.0,92.21516221303524,91.28903198242188,91.73039178297536,0.0,8584800
2015-02-20,0.0,91.55670928955078,0.0,92.6203079533977,91.16599721051395,91.9257160620027,0.0,12502500
2015-02-23,0.0,92.60586547851562,0.0,92.73610287460451,92.00533158782285,92.02703690047584,0.0,7500500
2015-02-24,0.0,93.82142639160156,0.0,93.90824765491254,92.01981341566457,92.35987808409087,0.0,11958300
2015-02-25,0.0,94.22662353515625,0.0,94.34239260010631,93.39455684156236,93.66950561073232,0.0,8019800
2015-02-26,0.0,92.9386978149414,0.0,94.2772510441775,92.90251861192424,93.84312268865695,0.0,11020500
2015-02-27,0.0,93.7201156616211,0.0,93.78523159828224,92.8084594273392,93.35111431353265,0.0,9225100
2015-03-02,0.0,91.97443389892578,0.252,93.56932765807039,91.90193445415427,93.51857583435789,0.0,11324000
2015-03-03,0.0,91.64093780517578,0.0,92.3368891843747,91.61918465785371,91.98891072931029,0.0,8599000
2015-03-04,0.0,91.66995239257812,0.0,92.09767589513069,91.45972169763519,92.02518197988161,0.0,6478900
2015-03-05,0.0,91.5539779663086,0.0,91.98169600675402,91.27124777969128,91.72796449708876,0.0,6045000
2015-03-06,0.0,89.5313949584961,0.0,90.49558053931942,89.14717204321877,90.37958579383667,0.0,20022900
2015-03-09,0.0,90.3578109741211,0.0,90.52455198784854,89.98808474780873,90.3868096517664,0.0,8889100
2015-03-10,0.0,91.54669952392578,0.0,91.6626941970288,91.16972789820183,91.32196675845172,0.0,9277900
2015-03-11,0.0,92.21366882324219,0.0,92.40215743534057,91.43072676324014,91.53221935492432,0.0,6663100
2015-03-12,0.0,92.14845275878906,0.0,92.93864609973055,91.8657225238712,92.93864609973055,0.0,10295900
2015-03-13,0.0,91.86568450927734,0.0,92.49638760421308,91.69894354004916,91.89468317918359,0.0,7247200
2015-03-16,0.0,92.75013732910156,0.0,92.90237068790077,92.26441645508662,92.75013732910156,0.0,6374600
2015-03-17,0.0,93.51861572265625,0.0,93.5983607211735,92.99665047088277,93.19239020576455,0.0,6314000
2015-03-18,0.0,95.32371520996094,0.0,95.35270835360966,93.23585488762801,94.17829245322903,0.0,13981900
2015-03-19,0.0,94.8380126953125,0.0,95.41796414171193,94.4392877795143,95.1134863137928,0.0,9543800
2015-03-20,0.0,95.3382568359375,0.0,95.4759992305454,95.07002863288156,95.12802601281484,0.0,5953800
2015-03-23,0.0,95.22219848632812,0.0,95.5121740967924,94.96121601216608,95.47592438001925,0.0,5555500
2015-03-24,0.0,96.14289855957031,0.0,96.15740066188356,95.31645571752306,95.57019272962141,0.0,6713000
2015-03-25,0.0,95.3309326171875,0.0,96.24436570790388,95.3019394820889,96.21537257280526,0.0,5635800
2015-03-26,0.0,93.84481048583984,0.0,95.06997821525886,93.64907081510354,95.00473534563453,0.0,9536300
2015-03-27,0.0,95.01204681396484,0.0,95.06279867791952,94.22909864943846,94.26534840056736,0.0,7907900
2015-03-30,0.0,94.54073333740234,0.0,94.96845118790623,94.30874402480814,94.89595176225572,0.0,7010600
2015-03-31,0.0,94.7437515258789,0.0,94.93949119397199,94.17829120637724,94.4175261202992,0.0,6844300
2015-04-01,0.0,95.98821258544922,0.273,96.24246971377045,95.38524286425493,95.40703601568185,0.0,9273900
2015-04-02,0.0,94.97116088867188,0.0,95.8719852215936,94.8839882737196,95.84292029326134,0.0,6663400
2015-04-06,0.0,94.44083404541016,0.0,95.51600351381349,94.23742390503713,95.47967789909946,0.0,5923800
2015-04-07,0.0,95.232666015625,0.0,95.32711038156556,94.3318529928792,94.60790323290477,0.0,4764900
2015-04-08,0.0,95.26171112060547,0.0,95.42879558441967,94.45533154652169,95.18179923182177,0.0,5378900
2015-04-09,0.0,94.02677154541016,0.0,95.10921312800447,93.8088399586678,95.07288750187249,0.0,6484200
2015-04-10,0.0,94.16474151611328,0.0,94.767711048773,94.11389454035613,94.67327778379041,0.0,4843000
2015-04-13,0.0,94.29556274414062,0.0,94.42632168292008,93.9977081591115,94.09941325094783,0.0,4010600
2015-04-14,0.0,94.96387481689453,0.0,95.79204769265155,94.78951854857016,95.39248817254524,0.0,6075500
2015-04-15,0.0,94.88396453857422,0.0,95.36343597091684,94.6732937434646,95.20361216013596,0.0,4425200
2015-04-16,0.0,94.41178131103516,0.0,95.06559804346445,94.01222171454107,95.0438048913849,0.0,7085500
2015-04-17,0.0,95.49417877197266,0.0,95.67579570044161,94.22286027268997,94.27371833346973,0.0,7268800
2015-04-20,0.0,94.65148162841797,0.0,95.17453931377801,94.38995278573795,95.12369233368337,0.0,4949400
2015-04-21,0.0,94.2228775024414,0.0,94.7677283874806,94.12117244730153,94.60790457440086,0.0,4563800
2015-04-22,0.0,92.7844467163086,0.0,94.11388381121458,92.65368232103083,94.07755821266203,0.0,9707600
2015-04-23,0.0,93.18402862548828,0.0,93.60538128337885,92.7045572128867,92.84258786969798,0.0,6843400
2015-04-24,0.0,93.76519775390625,0.0,94.02671550212314,93.4164852529141,93.45281085739471,0.0,4773000
2015-04-27,0.0,93.76519775390625,0.0,94.07757356539965,93.2566614612139,93.76519775390625,0.0,4334900
2015-04-28,0.0,92.47211456298828,0.0,93.52549651330393,92.45032140927677,93.11140442274076,0.0,7464300
2015-04-29,0.0,91.33881378173828,0.0,91.85460533848985,91.01189989308591,91.39692700287861,0.0,11554800
2015-04-30,0.0,91.49861907958984,0.0,91.65844288568674,90.45250919492672,90.83753625006402,0.0,12876000
2015-05-01,0.0,90.26687622070312,0.258,91.02395391353639,90.04121080739424,90.7982885002275,0.0,12378500
2015-05-04,0.0,89.41523742675781,0.0,90.65276594980476,89.33516146367836,90.4853384298302,0.0,9144700
2015-05-05,0.0,89.29143524169922,0.0,89.56077646181772,88.58531426830211,89.43702479020192,0.0,13935500
2015-05-06,0.0,87.76275634765625,0.0,88.85469510999326,87.62444788107055,88.80373818990637,0.0,14355000
2015-05-07,0.0,88.9420166015625,0.0,89.22592012179551,88.33780939536996,88.39604743897816,0.0,11933700
2015-05-08,0.0,89.18226623535156,0.0,89.93934432625252,89.03667109062818,89.81558706476592,0.0,11716400
2015-05-11,0.0,87.0129623413086,0.0,88.55623784566477,86.99112445391712,88.53439995827331,0.0,13738600
2015-05-12,0.0,87.2386245727539,0.0,87.81371298553644,86.49610866046157,86.72905537352267,0.0,15861700
2015-05-13,0.0,86.53974151611328,0.0,87.87918861736145,86.3650329564322,87.82823172270926,0.0,15760000
2015-05-14,0.0,86.7727279663086,0.0,87.23134578269556,86.40147280071322,86.56890029408662,0.0,9128400
2015-05-15,0.0,88.51251983642578,0.0,88.74547201576462,87.5661766003471,87.63169023537193,0.0,12630600
2015-05-18,0.0,87.0274887084961,0.0,87.66809054103796,86.96925066356893,87.58801461773452,0.0,10208300
2015-05-19,0.0,86.25585174560547,0.0,87.23859518673932,85.99378608745167,86.0956998929686,0.0,8435300
2015-05-20,0.0,86.40141296386719,0.0,86.95465753278376,86.03015250149878,86.45964543425377,0.0,7789700
2015-05-21,0.0,87.6098861694336,0.0,87.79915711125133,86.95472179690124,87.049360044754,0.0,11760700
2015-05-22,0.0,87.64625549316406,0.0,87.90104000559151,87.20948124987618,87.8282452240245,0.0,5417900
2015-05-26,0.0,89.14582824707031,0.0,89.21134742287582,87.89373830299164,87.966533067532,0.0,10469700
2015-05-27,0.0,89.34966278076172,0.0,89.43701983735684,88.527071324893,88.94200762442111,0.0,6490300
2015-05-28,0.0,89.13130950927734,0.0,89.56080269086263,88.97115762669067,89.17498527584212,0.0,6237600
2015-05-29,0.0,89.32785034179688,0.0,89.95389554095341,89.18226075989902,89.70639214094976,0.0,7912000
2015-06-01,0.0,88.36776733398438,0.264,89.27967777460286,88.04677864367122,89.0827075684075,0.0,13108100
2015-06-02,0.0,87.13489532470703,0.0,87.73310853731854,86.89414955764278,87.66744807090949,0.0,10076200
2015-06-03,0.0,85.7341537475586,0.0,86.52204555896252,85.50070494038617,86.36884530105485,0.0,14810900
2015-06-04,0.0,86.85037231445312,0.0,87.02545760037282,86.18649869130543,86.27404411719571,0.0,10859300
2015-06-05,0.0,85.79255676269531,0.0,86.50020034999832,85.63205959041696,85.96764205706208,0.0,11200200
2015-06-08,0.0,85.69770812988281,0.0,86.20108454273772,85.62475639786945,86.0551755128506,0.0,5334000
2015-06-09,0.0,85.01921844482422,0.0,85.44963741804122,84.70552109121274,85.39857066586534,0.0,12393900
2015-06-10,0.0,84.27516174316406,0.0,84.72017474173302,84.08548826885092,84.56697436669724,0.0,12183600
2015-06-11,0.0,86.04786682128906,0.0,86.06246050519846,84.80037400829818,85.0338228581118,0.0,13849300
2015-06-12,0.0,86.04786682128906,0.0,86.86494057856656,85.75605993341675,85.7852361695163,0.0,7863100
2015-06-15,0.0,86.1865234375,0.0,86.85768853111696,85.89471083327359,86.73366998322605,0.0,8194200
2015-06-16,0.0,86.86498260498047,0.0,86.87227945046547,86.04061717276913,86.52940006888039,0.0,7046400
2015-06-17,0.0,86.19379425048828,0.0,86.5439648171095,85.53721748074747,86.44912811487059,0.0,13626100
2015-06-18,0.0,85.77068328857422,0.0,85.89470182345636,85.17247001729706,85.62477978469663,0.0,10123300
2015-06-19,0.0,86.87224578857422,0.0,86.952494360227,86.44182112554013,86.45641481085526,0.0,10439200
2015-06-22,0.0,85.09953308105469,0.0,86.18652940201423,85.05575756958063,85.96766854223262,0.0,9769000
2015-06-23,0.0,84.5888671875,0.0,85.32569287796403,84.39919369558916,84.42837551723622,0.0,8945100
2015-06-24,0.0,85.3183822631836,0.0,85.47887947341117,84.74205946771181,84.99739340859092,0.0,8600400
2015-06-25,0.0,85.01921844482422,0.0,85.41316434697761,84.76388468394477,85.05569151588783,0.0,8287800
2015-06-26,0.0,84.06356811523438,0.0,84.53046589114409,83.80822869783894,84.38455685750948,0.0,11673000
2015-06-29,0.0,86.28863525390625,0.0,86.57315094066588,84.96089352707428,85.32565779890571,0.0,17132900
2015-06-30,0.0,85.69041442871094,0.0,86.5950281837367,85.59557773020246,85.6466445010702,0.0,13469000
2015-07-01,0.0,84.53378295898438,0.258,85.0748209915047,84.39486560245466,84.68000764514201,0.0,12451500
2015-07-02,0.0,84.81155395507812,0.0,85.29410512921207,84.72381585666002,85.045516639416,0.0,6682100
2015-07-06,0.0,86.38351440429688,0.0,86.74908153628449,85.58657515594575,86.3104020935217,0.0,10605800
2015-07-07,0.0,87.19512176513672,0.0,88.09441427991344,86.96846622572474,87.48757674694538,0.0,16160100
2015-07-08,0.0,87.94812774658203,0.0,88.15284441648862,87.37053109756789,87.75071840195002,0.0,9951800
2015-07-09,0.0,86.21534729003906,0.0,87.0927117152179,86.16416811692866,86.78563109844397,0.0,11108900
2015-07-10,0.0,84.8481216430664,0.0,85.3379801923501,84.63609206693368,84.84080873958294,0.0,13636600
2015-07-13,0.0,84.58496856689453,0.0,85.14793978718967,84.36562594292182,84.36562594292182,0.0,8006700
2015-07-14,0.0,84.86279296875,0.0,85.00901765779697,84.5630306827694,84.8262340074311,0.0,4227800
2015-07-15,0.0,85.76211547851562,0.0,85.94489918108867,84.84088405567506,84.89206326927088,0.0,8720400
2015-07-16,0.0,86.35426330566406,0.0,86.39082224796587,85.44765843331568,85.46227866336955,0.0,7306500
2015-07-17,0.0,86.80030059814453,0.0,86.92459214138799,86.53709169591465,86.54440460378612,0.0,7404900
2015-07-20,0.0,86.4347152709961,0.0,86.7491033065276,86.20075247093402,86.48589445919363,0.0,5941000
2015-07-21,0.0,86.90264129638672,0.0,86.95382048483471,86.02528218638881,86.03990242103973,0.0,5627500
2015-07-22,0.0,87.44368743896484,0.0,87.66303002611647,86.96844888554543,87.01232074984398,0.0,6228900
2015-07-23,0.0,88.5330581665039,0.0,88.61348339343539,87.33399824621434,87.44366951731294,0.0,9087700
2015-07-24,0.0,88.75241088867188,0.0,88.86939507875859,88.40877680293369,88.83283612482818,0.0,7307900
2015-07-27,0.0,89.2276382446289,0.0,89.41042183520425,88.81820478673616,89.33730951459661,0.0,8172000
2015-07-28,0.0,88.57695007324219,0.0,88.88402523934175,88.39416643940476,88.58426298046756,0.0,9128200
2015-07-29,0.0,88.2479476928711,0.0,88.59158186179307,88.0432308887766,88.48191055156687,0.0,6706400
2015-07-30,0.0,88.92789459228516,0.0,89.154550099175,88.57695312696221,88.62081941559907,0.0,6146600
2015-07-31,0.0,89.58586883544922,0.0,89.85639048610034,89.24223488352001,89.52006943773225,0.0,9178400
2015-08-03,0.0,90.52892303466797,0.267,90.6754670078559,89.62766138770891,89.62766138770891,0.0,11753700
2015-08-04,0.0,89.81087493896484,0.0,90.36042341226118,89.73027404899102,90.24318931157863,0.0,6448800
2015-08-05,0.0,89.13672637939453,0.0,89.32723800277748,88.79967079359014,89.22465052072987,0.0,7574400
2015-08-06,0.0,89.92809295654297,0.0,90.03067486627819,89.39319677838522,89.39319677838522,0.0,6118100
2015-08-07,0.0,91.10778045654297,0.0,91.22502011352422,90.30177738082777,90.345745047343,0.0,8317000
2015-08-10,0.0,89.97940063476562,0.0,90.54360124317029,89.77423118686808,90.42636714895325,0.0,7461700
2015-08-11,0.0,91.40819549560547,0.0,91.686631272986,90.97588687359666,91.0784687700155,0.0,11145700
2015-08-12,0.0,90.90990447998047,0.0,92.11158247004163,90.85861355078121,91.54005337602376,0.0,8455200
2015-08-13,0.0,90.61688232421875,0.0,91.16643082223295,90.28715546152878,90.73412202047072,0.0,7691400
2015-08-14,0.0,90.82933807373047,0.0,91.12976048025067,90.27246092401869,90.47030143326228,0.0,4324700
2015-08-17,0.0,91.23969268798828,0.0,91.66467815418285,91.14443963810155,91.37891341422687,0.0,7880300
2015-08-18,0.0,90.52165985107422,0.0,91.07120853478135,90.40442011520685,90.71217162670955,0.0,5024300
2015-08-19,0.0,91.41551971435547,0.0,91.5400826407624,90.11858273380811,90.16987367940472,0.0,10736000
2015-08-20,0.0,92.33878326416016,0.0,92.39740310176751,91.72329174016924,91.86251245691284,0.0,9078300
2015-08-21,0.0,92.61720275878906,0.0,92.86632862416505,92.02368682662174,92.44134887791812,0.0,10718300
2015-08-24,0.0,92.58789825439453,0.0,94.46368800068834,92.19222280660549,94.01672160172076,0.0,16663400
2015-08-25,0.0,91.10052490234375,0.0,91.43758078131816,90.53631841665931,91.26172675539645,0.0,15354800
2015-08-26,0.0,89.34188079833984,0.0,90.4995969871198,88.92422439989306,90.1259026547327,0.0,16429900
2015-08-27,0.0,89.39319610595703,0.0,90.0306741890548,89.13674133354807,89.26130428153317,0.0,9127000
2015-08-28,0.0,89.65699005126953,0.0,90.47032213023957,89.56173700780558,90.2358483699245,0.0,9946200
2015-08-31,0.0,88.96820831298828,0.0,90.4703092955404,88.90958848365185,90.38970842777645,0.0,8617600
2015-09-01,0.0,89.60926818847656,0.263,89.65332569378232,88.83823383347838,89.32288319913017,0.0,15298200
2015-09-02,0.0,88.83821868896484,0.0,89.57254019850275,88.75009809094603,89.16131634351014,0.0,9515200
2015-09-03,0.0,89.27146911621094,0.0,89.34490014949694,88.63995214557966,89.13194623126743,0.0,7042500
2015-09-04,0.0,90.08658599853516,0.0,90.27016642275761,89.45506889101556,89.91768954318134,0.0,7951300
2015-09-08,0.0,88.7574691772461,0.0,89.26414735932566,88.67669333906541,89.13196922434183,0.0,7049500
2015-09-09,0.0,89.1833724975586,0.0,89.37429771738783,87.7955048662485,87.84690716361443,0.0,7441900
2015-09-10,0.0,88.58120727539062,0.0,88.99243115636504,88.44902917122543,88.8675922340104,0.0,6789700
2015-09-11,0.0,89.13928985595703,0.0,89.6459735031692,89.0952323570442,89.19803692279324,0.0,5890900
2015-09-14,0.0,89.27888488769531,0.0,89.69744827290522,89.05858601024455,89.55058048712698,0.0,4221700
2015-09-15,0.0,87.56785583496094,0.0,88.88963703193215,87.47239603834672,88.77214288001048,0.0,11895000
2015-09-16,0.0,87.23741912841797,0.0,87.70738456244551,87.05383870567503,87.3549076857099,0.0,6949800
2015-09-17,0.0,88.30216979980469,0.0,88.39029040608435,87.1860034657408,87.29614722055408,0.0,19843600
2015-09-18,0.0,89.66071319580078,0.0,89.73414427377159,88.94841997437643,89.00716707772594,0.0,14963300
2015-09-21,0.0,88.19937896728516,0.0,88.9337006600592,87.95705146408655,88.86026961126778,0.0,10085600
2015-09-22,0.0,89.42568969726562,0.0,89.87362635224378,88.95572428916225,89.17602302527365,0.0,9968200
2015-09-23,0.0,89.41836547851562,0.0,89.63866426529626,88.845595355803,89.30822168755617,0.0,6769900
2015-09-24,0.0,90.02781677246094,0.0,90.82088535459994,89.94704095747854,90.44637981262953,0.0,9605800
2015-09-25,0.0,89.24944305419922,0.0,89.53582801433915,89.05117309568456,89.33021887397499,0.0,8383700
2015-09-28,0.0,90.77686309814453,0.0,90.88700688640048,89.73412188239875,89.73412188239875,0.0,9833400
2015-09-29,0.0,91.03387451171875,0.0,91.26885726380048,90.50516191892719,90.71811591338106,0.0,9006100
2015-09-30,0.0,90.7181396484375,0.0,90.90906493521628,90.40972575609406,90.6226798062642,0.0,9832600
2015-10-01,0.0,91.10514068603516,0.256,91.62759095461888,90.99476821765037,91.30382235725273,0.0,9069400
2015-10-02,0.0,91.65699005126953,0.0,92.87113726069703,91.37737054935315,92.41491064951316,0.0,13000400
2015-10-05,0.0,90.41353607177734,0.0,91.11994862091564,90.34730691282206,91.03900499000801,0.0,11362700
2015-10-06,0.0,90.80347442626953,0.0,90.95064150528478,90.07498784123487,90.1780059193584,0.0,5687800
2015-10-07,0.0,90.50175476074219,0.0,90.7519454770556,90.14855160296946,90.36930217306167,0.0,6712800
2015-10-08,0.0,89.74382019042969,0.0,90.78136623888895,89.52306965382239,90.72249718350216,0.0,12882300
2015-10-09,0.0,89.97930908203125,0.0,90.24421427103938,89.69968943321746,89.75119846363219,0.0,9038100
2015-10-12,0.0,90.66368103027344,0.0,90.82556822001705,90.44293036485837,90.53122838539824,0.0,4241000
2015-10-13,0.0,90.81814575195312,0.0,90.95059830578053,90.36192465526216,90.89908929118441,0.0,6147200
2015-10-14,0.0,91.61285400390625,0.0,91.64964856037562,90.72984078925207,91.02417478476272,0.0,9738100
2015-10-15,0.0,91.16400146484375,0.0,91.58343364879659,91.08305791933864,91.4730555763749,0.0,6924300
2015-10-16,0.0,91.1934585571289,0.0,91.59081634773402,91.14930956286058,91.42892921666564,0.0,8048300
2015-10-19,0.0,90.94328308105469,0.0,91.22290839583597,90.44291275789725,91.09045577674597,0.0,6238400
2015-10-20,0.0,90.38404846191406,0.0,90.48706654731659,90.17801229110903,90.36197395990847,0.0,6431300
2015-10-21,0.0,91.28177642822266,0.0,91.40686900757872,90.85498403670451,90.95800211547588,0.0,6603800
2015-10-22,0.0,91.43628692626953,0.0,91.8189246330031,90.88440205570983,91.31854879246644,0.0,6934100
2015-10-23,0.0,90.65626525878906,0.0,90.84758687578442,90.39872016710028,90.58268174888683,0.0,7058200
2015-10-26,0.0,91.25965118408203,0.0,91.39210373615431,91.10512414234128,91.14927873573968,0.0,5859800
2015-10-27,0.0,91.48780822753906,0.0,91.9072405608603,91.36271565414205,91.62026083880177,0.0,7156800
2015-10-28,0.0,91.11986541748047,0.0,91.49514305730435,90.72986770507755,91.44363403140326,0.0,8468700
2015-10-29,0.0,89.67025756835938,0.0,90.67100928682763,89.55251943015679,90.64157475227698,0.0,12108000
2015-10-30,0.0,90.34728240966797,0.0,90.36935691864359,89.78803718799801,89.94992440590771,0.0,11861400
2015-11-02,0.0,89.93203735351562,0.267,90.10165335191508,89.73292830228804,89.8066721869539,0.0,8751000
2015-11-03,0.0,89.19461822509766,0.0,89.77720468095421,89.07662909392275,89.71083684959953,0.0,8921600
2015-11-04,0.0,89.29785919189453,0.0,89.629715221499,89.01025400868376,89.30523527067675,0.0,5980800
2015-11-05,0.0,89.06184387207031,0.0,89.27570507087276,88.71524705983629,89.26833462099164,0.0,7268400
2015-11-06,0.0,87.75653839111328,0.0,88.14738593920244,87.5647998411143,88.11788726794903,0.0,10604700
2015-11-09,0.0,87.26248168945312,0.0,87.68282806960114,87.01912177823627,87.09286567143272,0.0,9159500
2015-11-10,0.0,87.52057647705078,0.0,87.91142412262643,87.29933920061666,87.38783523644983,0.0,6712500
2015-11-11,0.0,87.33623504638672,0.0,87.44685371131722,87.21824030344779,87.27723767491726,0.0,2857900
2015-11-12,0.0,87.75653839111328,0.0,88.08101814860447,87.53530116986089,87.5721759155017,0.0,6805700
2015-11-13,0.0,88.25806427001953,0.0,88.4203042585455,87.91883776051073,87.99258167539524,0.0,7906600
2015-11-16,0.0,88.17691040039062,0.0,88.49401417624074,87.85243054799575,88.33915032658805,0.0,5485300
2015-11-17,0.0,88.32443237304688,0.0,88.58991496847527,87.5058676011594,87.75659803778618,0.0,5122900
2015-11-18,0.0,88.50878143310547,0.0,88.63415225853859,88.02206716681533,88.18430713101178,0.0,5233900
2015-11-19,0.0,89.09877014160156,0.0,89.34213015952672,88.99552752059711,89.14301537166037,0.0,6643000
2015-11-20,0.0,88.82592010498047,0.0,89.26101887283026,88.70055485670056,89.17989885893118,0.0,5971000
2015-11-23,0.0,89.09877014160156,0.0,89.32000754449732,88.73004488764256,88.88490881914923,0.0,5436300
2015-11-24,0.0,89.0913314819336,0.0,89.378936527899,88.92172113497804,89.15770490670087,0.0,3371500
2015-11-25,0.0,89.29785919189453,0.0,89.54121915501122,89.19461659414193,89.35685656955306,0.0,3280900
2015-11-27,0.0,89.20933532714844,0.0,89.46744172482379,89.20195925112985,89.41582044528872,0.0,2570600
2015-11-30,0.0,89.5633544921875,0.0,89.62235187822967,89.27574926810746,89.30524796112854,0.0,5179800
2015-12-01,0.0,90.7730941772461,0.257,90.78787197694679,89.61284238182118,89.61284238182118,0.0,12766600
2015-12-02,0.0,90.80265808105469,0.0,90.92828911600293,90.30012830303198,90.6474658076075,0.0,7345800
2015-12-03,0.0,88.33435821533203,0.0,89.71631667067541,87.93528990782812,89.6867554288347,0.0,16612200
2015-12-04,0.0,89.11030578613281,0.0,89.36895954778484,88.28999982901557,88.33433886294759,0.0,11843800
2015-12-07,0.0,89.97494506835938,0.0,90.49964427677016,89.2728840972448,89.28027017694541,0.0,9016700
2015-12-08,0.0,90.01925659179688,0.0,90.47744711351771,89.75321120992375,90.36659393136607,0.0,7257500
2015-12-09,0.0,89.92321014404297,0.0,90.27054757362255,89.05856524800133,89.67933420775577,0.0,8993900
2015-12-10,0.0,90.04145812988281,0.0,90.18187258643788,89.78280437167274,90.00451081484083,0.0,5606900
2015-12-11,0.0,91.46038818359375,0.0,91.71165027560832,90.80266607422594,90.92090540040037,0.0,12300000
2015-12-14,0.0,90.2779541015625,0.0,91.00957639222024,89.97495565133518,90.95784563708746,0.0,10661100
2015-12-15,0.0,89.74583435058594,0.0,89.86407362232595,89.29503549823264,89.43544428103468,0.0,8795500
2015-12-16,0.0,89.5537109375,0.0,90.28533317134622,89.05118122456251,89.47241895171386,0.0,10988600
2015-12-17,0.0,90.5661849975586,0.0,90.73615509213421,89.89367942465994,89.99714095307043,0.0,9923000
2015-12-18,0.0,91.06869506835938,0.0,91.28300416052264,90.76569663076785,90.95784184391786,0.0,10171700
2015-12-21,0.0,91.04651641845703,0.0,91.47514586279087,90.83959341449697,91.21649210784079,0.0,7494900
2015-12-22,0.0,90.38878631591797,0.0,90.75090717847472,90.15230209865054,90.64005396826813,0.0,5445800
2015-12-23,0.0,89.70890045166016,0.0,89.87148441826805,89.32461568913779,89.5906611548182,0.0,7287100
2015-12-24,0.0,90.22283935546875,0.254,90.25246256913906,89.90439687107582,89.95623608248628,0.0,3364600
2015-12-28,0.0,90.48946380615234,0.0,90.84493115328723,90.23766925605113,90.34134770313645,0.0,7586600
2015-12-29,0.0,88.98613739013672,0.0,90.15622374848864,88.87505170451936,90.11919895331796,0.0,7787500
2015-12-30,0.0,88.89726257324219,0.0,89.26754440386213,88.62325198456459,88.80839289987456,0.0,5508900
2015-12-31,0.0,89.29715728759766,0.0,89.50451418472427,89.05276995167628,89.28975006982837,0.0,7897700
2016-01-04,0.0,89.94143676757812,0.0,90.68200028365551,89.84516554450651,90.29690974131782,0.0,10591900
2016-01-05,0.0,89.57857513427734,0.0,89.97848016858843,89.35640943747255,89.51932868844192,0.0,6242600
2016-01-06,0.0,90.78569030761719,0.0,90.8079119619779,90.3857909299557,90.57093183259794,0.0,8916900
2016-01-07,0.0,90.94857025146484,0.0,91.03743987482493,90.19319822807626,90.85229906369497,0.0,10202200
2016-01-08,0.0,91.35591888427734,0.0,91.43738132580441,90.51908411683291,90.66719456503587,0.0,9577200
2016-01-11,0.0,90.35616302490234,0.0,90.93380170720219,90.24507735906353,90.37837902805978,0.0,10040300
2016-01-12,0.0,91.65955352783203,0.0,92.06686576448377,90.45984412178841,90.60054736258932,0.0,12897700
2016-01-13,0.0,92.56302642822266,0.0,92.9407153795082,91.2892563572603,91.48180444125599,0.0,15577600
2016-01-14,0.0,91.6965560913086,0.0,92.5482050953689,91.34108318829163,92.17792341099921,0.0,12873800
2016-01-15,0.0,93.12586975097656,0.0,93.28138742404555,92.62969351070146,92.86667362919492,0.0,13976300
2016-01-19,0.0,92.8370132446289,0.0,93.36281249548995,92.5333795877665,92.66668120418545,0.0,8926600
2016-01-20,0.0,93.81459045410156,0.0,94.73288767128862,93.62204234967393,94.0367617784451,0.0,17283300
2016-01-21,0.0,93.17770385742188,0.0,94.26633315916204,93.06661819703079,94.0071370516171,0.0,11001600
2016-01-22,0.0,92.8222427368164,0.0,92.96295163463107,92.21498078579559,92.50380579974467,0.0,10164300
2016-01-25,0.0,93.32584381103516,0.0,93.51098475353845,93.05183883216432,93.27400457313637,0.0,5738200
2016-01-26,0.0,93.37023162841797,0.0,93.65164367675646,93.12584435878051,93.30357798667586,0.0,5692600
2016-01-27,0.0,93.3480224609375,0.0,93.52575610183663,92.71113746016084,93.12585117227566,0.0,7957800
2016-01-28,0.0,93.48133850097656,0.0,93.61464016469304,92.91110140894716,92.97034784838814,0.0,10575400
2016-01-29,0.0,94.2737808227539,0.0,94.68849477275027,93.9923629423531,94.35524329865373,0.0,13170700
2016-02-01,0.0,93.98512268066406,0.241,94.28191113117025,93.70317676610607,94.07416091404657,0.0,9948400
2016-02-02,0.0,95.72877502441406,0.0,95.74360624228252,94.97196401612923,95.04616539163298,0.0,10400000
2016-02-03,0.0,94.93484497070312,0.0,96.41136601400412,94.91258682666415,95.17969587666991,0.0,13309000
2016-02-04,0.0,95.39482879638672,0.0,95.40966000451,94.60833888683551,95.13513547430138,0.0,9953500
2016-02-05,0.0,95.50615692138672,0.0,95.71390713191906,94.66772915075005,94.89032189675966,0.0,9200800
2016-02-08,0.0,97.5614242553711,0.0,97.66529937346661,96.21845200647628,96.24813708109716,0.0,14452200
2016-02-09,0.0,97.6653060913086,0.0,97.98434707542604,97.16818861183333,97.96950453709468,0.0,15232100
2016-02-10,0.0,98.52597045898438,0.0,98.56307114013084,97.27946908753941,97.71722768906794,0.0,12797100
2016-02-11,0.0,99.21598052978516,0.0,100.35119087761315,98.68917816921086,99.75019849600248,0.0,21620200
2016-02-12,0.0,97.5688247680664,0.0,98.77823663713276,97.14589743169216,98.4146681192779,0.0,13888400
2016-02-16,0.0,96.53748321533203,0.0,97.01234241175182,96.3148904904242,96.99008427141466,0.0,11766000
2016-02-17,0.0,95.94390869140625,0.0,96.32973533573455,95.49873455244581,96.18875956252596,0.0,13157300
2016-02-18,0.0,97.12366485595703,0.0,97.19786622902267,95.98103843291024,96.01813911944306,0.0,10196700
2016-02-19,0.0,97.2052230834961,0.0,97.80622667036427,96.99747295033173,97.15329121097157,0.0,8188700
2016-02-22,0.0,97.15336608886719,0.0,97.27949938682073,96.97528955682235,97.27208377689708,0.0,5054300
2016-02-23,0.0,97.54657745361328,0.0,97.74691207316047,96.29264916186037,96.36685052362992,0.0,8320700
2016-02-24,0.0,97.3536376953125,0.0,98.97112269094441,97.16071874687361,98.23657020892189,0.0,9091200
2016-02-25,0.0,97.70240020751953,0.0,98.35533606738711,97.43530243379925,97.55400878160602,0.0,6097200
2016-02-26,0.0,96.76007080078125,0.0,97.05685353720375,96.48553488197798,96.68586945590779,0.0,9245000
2016-02-29,0.0,97.18299102783203,0.0,97.32396679635214,96.76749065000615,96.80459132406979,0.0,8016100
2016-03-01,0.0,95.47175598144531,0.248,97.27073553934142,95.38999552637453,97.24843517104658,0.0,13729100
2016-03-02,0.0,95.86576080322266,0.0,95.87319047871736,95.30822887968651,95.39000068219245,0.0,7047700
2016-03-03,0.0,96.21509552001953,0.0,96.59422432394886,95.72447625971688,95.94749120149687,0.0,6394800
2016-03-04,0.0,95.59813690185547,0.0,95.99212518689689,94.97369825137835,95.70963873988038,0.0,8687000
2016-03-07,0.0,95.56839752197266,0.0,95.65016931924534,95.18927992171675,95.48662572469998,0.0,5493300
2016-03-08,0.0,96.62401580810547,0.0,97.37483287817723,96.60171543404574,96.8990726598726,0.0,7175400
2016-03-09,0.0,96.0367202758789,0.0,96.40840817146292,95.75423384547045,95.95494848512985,0.0,7194700
2016-03-10,0.0,95.64276123046875,0.0,96.51993948735608,95.09265889347674,96.26719436347511,0.0,10091600
2016-03-11,0.0,94.67636108398438,0.0,95.80629569971187,94.56485355760874,95.76169495776497,0.0,8927000
2016-03-14,0.0,94.97367858886719,0.0,95.44200322613658,94.89934215507137,95.01827931484341,0.0,5177000
2016-03-15,0.0,95.06291961669922,0.0,95.6427576533157,94.8622105947422,95.52381477251988,0.0,6413200
2016-03-16,0.0,95.3453369140625,0.0,95.53862180230675,94.68373884867646,94.96621949506088,0.0,9728900
2016-03-17,0.0,95.7393798828125,0.0,96.14823890800058,95.51637618090662,95.53123553235609,0.0,7805500
2016-03-18,0.0,95.9400405883789,0.0,96.27455729607838,95.67242495361734,95.92516990227827,0.0,8198600
2016-03-21,0.0,95.20413970947266,0.0,95.61298730598871,94.9662540199228,95.33794190258395,0.0,5514800
2016-03-22,0.0,95.18182373046875,0.0,95.91034011476873,95.09262227239671,95.76909691081234,0.0,4997900
2016-03-23,0.0,96.25973510742188,0.0,96.50505047922458,95.36767508522504,95.45688789325335,0.0,10628200
2016-03-24,0.0,96.29689025878906,0.0,97.11460812604467,95.89547234223602,97.07000739565143,0.0,6343300
2016-03-28,0.0,96.42327117919922,0.0,96.75778798996375,96.10361371610351,96.17795582650163,0.0,5058700
2016-03-29,0.0,97.43429565429688,0.0,97.44915500700237,96.6537486025994,96.92136441052376,0.0,9396700
2016-03-30,0.0,96.40839385986328,0.0,96.6908802483373,95.88059213555857,96.66113886901755,0.0,8478700
2016-03-31,0.0,97.0923080444336,0.0,97.24098092718326,96.48273447924191,96.62397768790895,0.0,7832300
2016-04-01,0.0,97.3456039428711,0.27,97.68082518965986,96.76457045265857,97.56908098522543,0.0,9341400
2016-04-04,0.0,97.40521240234375,0.0,97.56164976414773,97.0402108356614,97.42755897309915,0.0,5145100
2016-04-05,0.0,98.47039031982422,0.0,98.59702460184657,98.16497221032412,98.33629960758854,0.0,6482800
2016-04-06,0.0,97.7552490234375,0.0,98.08301363237562,97.3902477360807,97.9787259264869,0.0,6393700
2016-04-07,0.0,98.9620361328125,0.0,99.06632385596221,98.33629842740493,98.47038913803131,0.0,5963300
2016-04-08,0.0,98.33629608154297,0.0,98.62681268670883,98.06068096975997,98.4554852955877,0.0,5584800
2016-04-11,0.0,98.20970153808594,0.0,98.46297019551751,97.66591615795025,97.82235348548954,0.0,4805500
2016-04-12,0.0,97.53179168701172,0.0,97.99364707703893,97.23383000084104,97.64353584420803,0.0,4276000
2016-04-13,0.0,97.8744888305664,0.0,98.0160246545681,97.2264157064674,97.35305003149173,0.0,5207900
2016-04-14,0.0,97.40521240234375,0.0,97.81491847705307,97.20409326554513,97.51695662263693,0.0,6967000
2016-04-15,0.0,98.23948669433594,0.0,98.44806218216374,97.77018616346757,97.79997779036658,0.0,5831100
2016-04-18,0.0,97.81483459472656,0.0,97.91167722929546,97.33064415489481,97.82973608462325,0.0,4486600
2016-04-19,0.0,97.5094223022461,0.0,97.81484034730504,97.05502344897774,97.64351298618953,0.0,5212200
2016-04-20,0.0,96.43678283691406,0.0,98.06813852510325,96.29524704802077,97.70313713954741,0.0,10920700
2016-04-21,0.0,95.86321258544922,0.0,96.14628421629443,95.56523945652988,95.67698364231687,0.0,11154200
2016-04-22,0.0,95.61739349365234,0.0,96.02709946102982,95.52800723404751,95.9824063312274,0.0,5826400
2016-04-25,0.0,95.22254943847656,0.0,95.73654295054983,95.22254943847656,95.3938768203315,0.0,5539500
2016-04-26,0.0,94.79051208496094,0.0,95.17042064022782,94.69367510090493,95.17042064022782,0.0,7840000
2016-04-27,0.0,95.73652648925781,0.0,95.96000337345228,95.06610151992763,95.28957272086886,0.0,8380100
2016-04-28,0.0,96.13135528564453,0.0,96.19839495807832,95.37898329552279,95.50562894324361,0.0,7974600
2016-04-29,0.0,96.37718963623047,0.0,96.62301316267622,95.49818326592349,95.68441217688142,0.0,7416300
2016-05-02,0.0,95.40686798095703,0.26,96.21299272249982,95.39194217052318,96.03386021849104,0.0,11035200
2016-05-03,0.0,96.60858917236328,0.0,97.04898313957413,96.54888593249159,96.69816681097278,0.0,10736700
2016-05-04,0.0,97.13848114013672,0.0,97.16087268670674,96.42938892350227,96.79512511040802,0.0,7211200
2016-05-05,0.0,97.78789520263672,0.0,97.83268970185898,96.81009267346562,97.07880272181316,0.0,7870400
2016-05-06,0.0,97.36988830566406,0.0,97.67592135831597,97.25045910618107,97.66846130437153,0.0,7232500
2016-05-09,0.0,97.67597198486328,0.0,97.69836354769772,97.2729124644421,97.37741022080324,0.0,4950800
2016-05-10,0.0,97.68342590332031,0.0,97.87002984148018,97.51921352658758,97.6685057886359,0.0,4331900
2016-05-11,0.0,98.23571014404297,0.0,98.52681163192523,97.5266179442675,97.65350716827847,0.0,9256000
2016-05-12,0.0,97.78789520263672,0.0,97.90732442176834,97.47440204446411,97.52665659885814,0.0,6087400
2016-05-13,0.0,98.73587036132812,0.0,98.76573336814099,97.95213157879056,98.13873550847093,0.0,8707300
2016-05-16,0.0,97.88494873046875,0.0,98.27308806085128,97.76551949198196,98.25815655869067,0.0,5137000
2016-05-17,0.0,98.04913330078125,0.0,98.39994947104715,97.93717553980099,97.93717553980099,0.0,4449100
2016-05-18,0.0,96.6533432006836,0.0,97.66846869430624,96.22042086184784,97.6386056974783,0.0,12681000
2016-05-19,0.0,97.07135009765625,0.0,97.28034555243703,96.7727770269708,96.79516858359746,0.0,6209400
2016-05-20,0.0,97.14599609375,0.0,97.33260001355313,96.69815351986213,96.77278825414373,0.0,5348900
2016-05-23,0.0,97.36243438720703,0.0,97.5788898591894,96.9742951591256,97.3027197837025,0.0,6979700
2016-05-24,0.0,96.92951202392578,0.0,97.17583049228242,96.4667380836536,97.01161818004466,0.0,5968200
2016-05-25,0.0,96.56380462646484,0.0,97.2206541493953,96.51902150251972,96.90716089237871,0.0,6367400
2016-05-26,0.0,97.06388092041016,0.0,97.36991405398892,96.88474846321154,96.8922085191287,0.0,5419300
2016-05-27,0.0,96.92208862304688,0.0,97.22811042122342,96.81011942814295,97.08630099738568,0.0,5267600
2016-05-31,0.0,97.15349578857422,0.0,97.36249132837033,96.27271910851691,96.30258212243218,0.0,8344300
2016-06-01,0.0,97.54759979248047,0.267,98.18336161099774,97.31573720846802,97.70467425318942,0.0,9874900
2016-06-02,0.0,98.25067138671875,0.0,98.4974961530808,97.88417193130724,97.90660950890319,0.0,5835400
2016-06-03,0.0,99.64939880371094,0.0,99.64939880371094,99.17819795330414,99.37266089055028,0.0,11077200
2016-06-06,0.0,98.90890502929688,0.0,99.3950679293757,98.80419249330403,99.312792978752,0.0,7573700
2016-06-07,0.0,99.14818572998047,0.0,99.46232315626123,99.13322354411837,99.20802306062497,0.0,4680200
2016-06-08,0.0,99.67927551269531,0.0,99.79893880992759,99.26042544036109,99.38008873759335,0.0,5313200
2016-06-09,0.0,100.32254028320312,0.0,100.62919111903724,100.17294114828506,100.46465261368832,0.0,6820300
2016-06-10,0.0,100.8086929321289,0.0,101.22006768549404,100.41975576414637,100.81616832298629,0.0,6984600
2016-06-13,0.0,101.25749969482422,0.0,101.26497508806095,100.80124962547326,101.04058775000384,0.0,7283300
2016-06-14,0.0,101.18266296386719,0.0,101.88573770567874,101.13778779529368,101.86330012139197,0.0,9012500
2016-06-15,0.0,101.57156372070312,0.0,101.89317658878903,101.20506428731622,101.36213873385513,0.0,7953200
2016-06-16,0.0,102.0652084350586,0.0,102.88794615541563,101.85577204523113,102.27463341208077,0.0,10372700
2016-06-17,0.0,101.42945098876953,0.0,101.92310048952193,101.16766405002957,101.87073853665163,0.0,8489900
2016-06-20,0.0,100.34498596191406,0.0,100.6366860380261,100.23278660167864,100.40482333814379,0.0,7365900
2016-06-21,0.0,99.88118743896484,0.0,100.65906143653868,99.82136151251039,100.44214965512067,0.0,6005800
2016-06-22,0.0,100.04580688476562,0.0,100.21784363465038,99.66435642096053,99.85134395645952,0.0,5773700
2016-06-23,0.0,98.90143585205078,0.0,99.7167101127347,98.78924790521069,99.18566053446239,0.0,9029100
2016-06-24,0.0,101.55661010742188,0.0,102.1774097325705,101.1975974443407,102.1774097325705,0.0,17155000
2016-06-27,0.0,104.09221649169922,0.0,104.4063541715381,103.51629170558809,103.54621610146593,0.0,16577100
2016-06-28,0.0,104.3090591430664,0.0,104.6381473894765,103.87524699344635,104.29409695506419,0.0,14006400
2016-06-29,0.0,103.5087890625,0.0,104.81022603304588,103.41155192071604,104.47363943850448,0.0,12999800
2016-06-30,0.0,103.89022827148438,0.0,104.66810249671113,103.28439072678034,103.82291552491922,0.0,14698500
2016-07-01,0.0,105.33268737792969,0.255,105.52001874644662,104.29861456490038,105.51251817407437,0.0,15430200
2016-07-05,0.0,106.6515121459961,0.0,107.08612235841537,106.17943336747497,106.29183906578056,0.0,8840800
2016-07-06,0.0,106.82383728027344,0.0,107.15354231680998,106.37424885810486,106.99617893708142,0.0,14352800
2016-07-07,0.0,106.8163833618164,0.0,107.29595136386824,106.23939935763114,106.47168850074645,0.0,9676400
2016-07-08,0.0,107.6031494140625,0.0,107.61812769214993,106.6739816516391,107.09360211408836,0.0,10355300
2016-07-11,0.0,106.65897369384766,0.0,107.50571504673988,106.5840480148277,107.19099975374054,0.0,8099000
2016-07-12,0.0,104.90557098388672,0.0,105.54999137728258,104.63581334400473,105.22028632478239,0.0,15810600
2016-07-13,0.0,106.14196014404297,0.0,106.23188698550183,105.61743454303539,105.93214990363994,0.0,8181700
2016-07-14,0.0,104.59834289550781,0.0,104.78567426888631,104.22368014875082,104.36605382192641,0.0,10817000
2016-07-15,0.0,103.69916534423828,0.0,104.2386806702231,103.54180194340901,104.07382812984991,0.0,9958600
2016-07-18,0.0,103.60175323486328,0.0,104.35107883410407,103.20461158196976,104.20871657464137,0.0,5955900
2016-07-19,0.0,104.18621826171875,0.0,104.38853935939257,103.70665037249957,104.11129256784723,0.0,8073900
2016-07-20,0.0,103.61677551269531,0.0,103.78911725321942,103.33952861266026,103.5793069341975,0.0,6942500
2016-07-21,0.0,103.82657623291016,0.0,103.87153394942922,102.65014072671387,102.68759786794391,0.0,10398400
2016-07-22,0.0,104.00638580322266,0.0,104.33609086567999,103.30950711506507,103.3544648174365,0.0,5811400
2016-07-25,0.0,103.93146514892578,0.0,104.35108568263199,103.84903887024764,104.11130742071502,0.0,4243800
2016-07-26,0.0,104.0962905883789,0.0,104.54589043382668,103.7516072828281,104.54589043382668,0.0,5243400
2016-07-27,0.0,105.392578125,0.0,105.392578125,104.4559216843804,104.56832731753141,0.0,8508100
2016-07-28,0.0,105.1978759765625,0.0,105.53507038753779,104.68833978821003,104.75577638364364,0.0,7336100
2016-07-29,0.0,106.07454681396484,0.0,106.16446224131066,105.07045309592641,105.2427948096069,0.0,8766700
2016-08-01,0.0,104.92449951171875,0.258,105.4725029031218,104.80438572726081,104.93200232774201,0.0,9809300
2016-08-02,0.0,103.84343719482422,0.0,104.54157667823928,103.22036019147117,103.4680904304916,0.0,10051200
2016-08-03,0.0,103.90351867675781,0.0,104.18127168269552,103.52817182346818,104.04615231375618,0.0,4930600
2016-08-04,0.0,104.6842269897461,0.0,105.21722452022509,104.549107631264,104.69174125722355,0.0,5646000
2016-08-05,0.0,103.59568786621094,0.0,104.48150056856346,103.46056855419326,104.38391821699696,0.0,7778600
2016-08-08,0.0,103.79092407226562,0.0,104.001117426793,103.08528149902583,103.2954748535532,0.0,5185200
2016-08-09,0.0,104.81187438964844,0.0,104.88694835846701,104.06118052018026,104.12875167398875,0.0,5503200
2016-08-10,0.0,105.21723175048828,0.0,105.47996767270558,104.69925126469388,105.02204405747774,0.0,5843500
2016-08-11,0.0,104.27883911132812,0.0,105.15714915094752,104.00107472108424,105.14213207331092,0.0,7624600
2016-08-12,0.0,105.15713500976562,0.0,105.74267495743709,104.9994843524668,105.4048652114224,0.0,7989600
2016-08-15,0.0,104.16625213623047,0.0,104.81936343467929,104.15874932302592,104.60165585030414,0.0,5108600
2016-08-16,0.0,103.88850402832031,0.0,104.45902713499815,103.76839028333218,104.3314105764522,0.0,6182700
2016-08-17,0.0,104.51154327392578,0.0,104.6766967496924,103.97104307226651,104.06863688649398,0.0,5002000
2016-08-18,0.0,104.67672729492188,0.0,104.9169433131595,104.1887695360689,104.49655669023636,0.0,3805200
2016-08-19,0.0,104.12873077392578,0.0,104.38396388919311,103.67080714727456,104.07617671536521,0.0,5516300
2016-08-22,0.0,105.00701904296875,0.0,105.2021952452663,104.62415799563071,104.83435127646644,0.0,5549700
2016-08-23,0.0,105.11963653564453,0.0,105.54002316946149,104.84938634895123,105.29980714499894,0.0,6841400
2016-08-24,0.0,104.87191009521484,0.0,105.23975414065389,104.63919687542412,105.17219445516827,0.0,6027800
2016-08-25,0.0,104.47399139404297,0.0,104.93191479243855,104.31635220629201,104.54155104593623,0.0,5855500
2016-08-26,0.0,103.86597442626953,0.0,105.61509201466149,103.76087777289592,104.89442106675953,0.0,12962500
2016-08-29,0.0,105.25481414794922,0.0,105.35991085312479,104.5041201239289,104.63173673345054,0.0,7310400
2016-08-30,0.0,104.84944915771484,0.0,105.29235595118436,104.84944915771484,105.22479622770939,0.0,5161800
2016-08-31,0.0,104.99948120117188,0.0,105.22469150998003,104.60161461930204,104.84184200327665,0.0,7349700
2016-09-01,0.0,105.11538696289062,0.254,105.36356803972708,104.21291762245276,104.25051142685079,0.0,9149100
2016-09-02,0.0,104.25804138183594,0.0,104.57390508331392,103.91208886563406,104.50622246346589,0.0,8397000
2016-09-06,0.0,105.01756286621094,0.0,105.3484708027165,104.16773216341387,104.31815320765422,0.0,8542600
2016-09-07,0.0,104.94233703613281,0.0,105.60415281260475,104.94233703613281,105.56654755703015,0.0,5421800
2016-09-08,0.0,103.62627410888672,0.0,104.73933043827431,103.22768348941595,104.43098328720677,0.0,14301500
2016-09-09,0.0,101.91912078857422,0.0,102.37034966584598,101.8363937730799,102.33275586604582,0.0,13347700
2016-09-12,0.0,101.97172546386719,0.0,102.1522238407368,101.64834544859694,101.76867769984335,0.0,9096600
2016-09-13,0.0,100.81356048583984,0.0,102.28007395703249,100.29463768629894,102.18230256711456,0.0,15645400
2016-09-14,0.0,100.96400451660156,0.0,101.46036662253962,100.81359488691344,100.81359488691344,0.0,7037700
2016-09-15,0.0,100.52782440185547,0.0,100.81361077616918,100.04650662568137,100.48270265338931,0.0,9874500
2016-09-16,0.0,101.3399887084961,0.0,101.38511042953823,100.94139820527188,101.2121400070387,0.0,7507900
2016-09-19,0.0,101.00910949707031,0.0,101.43026098052121,100.96398776320305,101.16704704112304,0.0,7105900
2016-09-20,0.0,101.362548828125,0.0,101.96419854715516,101.27982184831443,101.64080708952696,0.0,6054800
2016-09-21,0.0,102.18228149414062,0.0,102.19732589152892,100.91129958938221,101.22717455697205,0.0,10698100
2016-09-22,0.0,102.99456787109375,0.0,103.25026540069672,102.65614332008751,102.783992084889,0.0,12426200
2016-09-23,0.0,102.89678955078125,0.0,103.28785224077018,102.81406254414559,103.05471562448356,0.0,5928800
2016-09-26,0.0,103.55107879638672,0.0,103.65636667184522,103.04720028701263,103.0848055587159,0.0,8661300
2016-09-27,0.0,104.31066131591797,0.0,104.38587186402805,103.74661663164785,104.22793430320428,0.0,9450400
2016-09-28,0.0,104.08501434326172,0.0,104.64905888227979,103.94964916214484,104.16022487200367,0.0,7958700
2016-09-29,0.0,104.3482437133789,0.0,104.58890823415473,103.37056417988009,103.45329117445728,0.0,8319800
2016-09-30,0.0,103.41564178466797,0.0,104.26547223222902,102.93432442399424,104.19778966795718,0.0,11747100
2016-10-03,0.0,103.07440948486328,0.247,103.79769087437565,103.03673654337982,103.72987498123835,0.0,7588800
2016-10-04,0.0,101.86895751953125,0.0,103.09701265984573,101.83128457742318,102.93126091150451,0.0,12048700
2016-10-05,0.0,101.3943099975586,0.0,101.77101644955005,101.04773500341228,101.72581351469803,0.0,8917700
2016-10-06,0.0,100.82929229736328,0.0,101.47722812438744,100.71627341701208,100.93476968798706,0.0,7839900
2016-10-07,0.0,100.89701080322266,0.0,101.1757697775837,100.27167698557302,100.90454079036414,0.0,9953200
2016-10-10,0.0,100.3018569946289,0.0,100.32445846056964,99.83473320746216,100.09090231507018,0.0,6089100
2016-10-11,0.0,100.07581329345703,0.0,100.61827137326488,99.87993012425756,100.0984147554352,0.0,9670400
2016-10-12,0.0,100.17378997802734,0.0,100.21899291522858,99.63133173927399,99.9552937866624,0.0,7582400
2016-10-13,0.0,100.55046844482422,0.0,100.90456185300356,100.48265256174088,100.68607721865895,0.0,7080600
2016-10-14,0.0,99.14157104492188,0.0,100.16621274174274,99.09636812385355,99.65389764141484,0.0,11415100
2016-10-17,0.0,99.77446746826172,0.0,100.00803513022204,99.5183098345658,99.52585132131316,0.0,10595900
2016-10-18,0.0,100.09844970703125,0.0,100.12105117690123,99.32243525170904,99.345036721579,0.0,7151000
2016-10-19,0.0,100.1812744140625,0.0,100.40730049345858,99.69156082217432,99.72922225527037,0.0,6941300
2016-10-20,0.0,100.28679656982422,0.0,100.76898038997435,100.12857479463584,100.68610450700311,0.0,6082300
2016-10-21,0.0,100.4374771118164,0.0,100.74637917605034,100.10597357909404,100.59569888740448,0.0,9222700
2016-10-24,0.0,100.00045776367188,0.0,100.5429157910835,99.66895435845758,100.51278434341161,0.0,6507500
2016-10-25,0.0,100.26416778564453,0.0,100.62580267819183,99.81965703270451,99.84978848368097,0.0,5134700
2016-10-26,0.0,99.58606719970703,0.0,100.05319080681728,99.44292846931228,99.79703329411502,0.0,5842500
2016-10-27,0.0,98.50121307373047,0.0,98.7498407263975,97.98888629049165,98.7498407263975,0.0,10044700
2016-10-28,0.0,98.28267669677734,0.0,98.64431154544869,98.19227085865064,98.23747377771399,0.0,7541000
2016-10-31,0.0,98.88544464111328,0.0,98.9155760992611,98.47860672718978,98.61421553310805,0.0,7047500
2016-11-01,0.0,98.89295959472656,0.25,99.33833014229818,98.03998636431261,98.25134358230054,0.0,12622400
2016-11-02,0.0,99.3232192993164,0.0,99.72328909907263,98.90804926614392,99.11186210390193,0.0,8666200
2016-11-03,0.0,98.56082916259766,0.0,98.923154154916,98.46269491792867,98.6966967154281,0.0,6085400
2016-11-04,0.0,99.44402313232422,0.0,99.48175644819672,98.9835638012391,99.0892424255157,0.0,7622600
2016-11-07,0.0,98.59858703613281,0.0,98.88543396549098,98.4627194494516,98.69672130525149,0.0,5386700
2016-11-08,0.0,98.19850158691406,0.0,99.04394200338565,97.91166622102814,98.90051856139026,0.0,7576500
2016-11-09,0.0,94.03172302246094,0.0,96.14530664668789,93.76752650919559,96.03207792413072,0.0,31233500
2016-11-10,0.0,92.64280700683594,0.0,94.32612044415117,92.63525688908878,93.57882004064965,0.0,22961200
2016-11-11,0.0,92.12197875976562,0.0,92.88437956805096,91.82758745183386,92.81644001134548,0.0,10040200
2016-11-14,0.0,91.5709228515625,0.0,92.58997575109336,91.13311388805211,91.54827825540455,0.0,21174400
2016-11-15,0.0,92.0238037109375,0.0,92.70316438014616,91.92566948521342,92.25780546326267,0.0,11963700
2016-11-16,0.0,92.85416412353516,0.0,92.95229261792468,92.22008669171514,92.3182209451571,0.0,9149500
2016-11-17,0.0,91.48790740966797,0.0,92.17482434760382,91.32938944531064,92.05404546482447,0.0,11221600
2016-11-18,0.0,91.22370910644531,0.0,92.06914399302082,90.8387336235609,91.81249175141322,0.0,13577700
2016-11-21,0.0,91.45014190673828,0.0,91.69924396121073,91.25387915845221,91.49543109516875,0.0,6488100
2016-11-22,0.0,91.41995239257812,0.0,91.91060641166393,91.24633422863597,91.8351225069706,0.0,9989900
2016-11-23,0.0,91.06520080566406,0.0,91.26901374842302,90.01595864569646,90.57454662978854,0.0,13563500
2016-11-25,0.0,91.20103454589844,0.0,91.5558151921013,90.88399872722647,91.4803312960916,0.0,3126300
2016-11-28,0.0,91.87284851074219,0.0,91.88794874496449,91.40483915373413,91.6463968288753,0.0,8555000
2016-11-29,0.0,92.25785827636719,0.0,92.39373163979992,91.49545741715826,91.66907562117669,0.0,8363000
2016-11-30,0.0,90.76325225830078,0.0,91.34449055889127,90.18956983677391,90.55944509047885,0.0,21163500
2016-12-01,0.0,89.80490112304688,0.243,90.0015555517404,88.98044482945531,89.63849678283307,0.0,21715700
2016-12-02,0.0,90.46295928955078,0.0,90.9243511046416,90.11502551879171,90.13771597351489,0.0,12487500
2016-12-05,0.0,90.36463928222656,0.0,91.06807228842801,89.59312913570042,89.95619375242737,0.0,12100100
2016-12-06,0.0,90.29654693603516,0.0,90.72012321267273,90.09989249869432,90.26629107550995,0.0,11526600
2016-12-07,0.0,91.06803894042969,0.0,91.23444325504781,90.62933770565724,90.62933770565724,0.0,10392200
2016-12-08,0.0,89.99398040771484,0.0,90.24358110431066,89.84270113780849,90.12256345909968,0.0,12041100
2016-12-09,0.0,88.8745346069336,0.0,89.90321053297735,88.70813029967447,89.73680622571823,0.0,14646400
2016-12-12,0.0,89.04094696044922,0.0,89.10145867232326,88.4055855272007,88.70057290919358,0.0,9496300
2016-12-13,0.0,89.35863494873047,0.0,89.62336650487724,88.82917183643694,89.5552951493174,0.0,12189200
2016-12-14,0.0,88.36019897460938,0.0,90.16794441349151,88.34507393296592,90.06961721602386,0.0,16618400
2016-12-15,0.0,88.80648803710938,0.0,89.4720996810989,88.5190602368629,88.91994030487452,0.0,12400500
2016-12-16,0.0,88.60225677490234,0.0,89.19223161259626,88.34509062338047,88.95775591318333,0.0,14924600
2016-12-19,0.0,89.55526733398438,0.0,89.69141577353226,89.05605446540434,89.23758956527708,0.0,10868300
2016-12-20,0.0,89.10902404785156,0.0,89.17710117077337,88.78378078897249,88.97287557272277,0.0,7030600
2016-12-21,0.0,89.5023422241211,0.0,89.55528853143787,89.04851590844666,89.19222401646951,0.0,4624700
2016-12-22,0.0,89.34237670898438,0.309,89.4864669394192,89.10728699476064,89.13003686570786,0.0,5177800
2016-12-23,0.0,89.52433013916016,0.0,89.78216955985107,89.44848956994696,89.66841449185438,0.0,4461600
2016-12-27,0.0,89.23614501953125,0.0,89.25889487473138,88.9024708335578,89.04655517843298,0.0,5276600
2016-12-28,0.0,89.88835144042969,0.0,90.15377611071919,89.2589116610118,89.3802519593292,0.0,7578600
2016-12-29,0.0,90.20685577392578,0.0,90.44953057055709,89.98693662126728,90.0931064831795,0.0,8581400
2016-12-30,0.0,90.3433837890625,0.0,90.73773405047446,90.0324593385502,90.07795906647273,0.0,10613900
2017-01-03,0.0,90.73013305664062,0.0,90.99555773307517,89.62292884506789,89.79735408148146,0.0,13217300
2017-01-04,0.0,91.0789794921875,0.0,91.18514936479959,90.58604463458904,90.82114002607933,0.0,6699600
2017-01-05,0.0,92.50473022460938,0.0,92.54264474281649,91.13209506300785,91.34443487961111,0.0,13265800
2017-01-06,0.0,91.65534210205078,0.0,92.1710268636397,91.57192208283607,91.86009664914398,0.0,8369300
2017-01-09,0.0,92.3909683227539,0.0,92.51988808969057,92.11037313663384,92.42888283818053,0.0,8839100
2017-01-10,0.0,92.3302993774414,0.0,92.45163971439455,91.97386936992369,92.17862974207569,0.0,8417900
2017-01-11,0.0,92.64118957519531,0.0,93.043119142284,92.07242000988343,92.47434957697212,0.0,9402500
2017-01-12,0.0,92.43640899658203,0.0,93.3843580639732,92.39090929281028,93.12651869483733,0.0,9977600
2017-01-13,0.0,91.99659729003906,0.0,92.33027735123216,91.47333312277867,92.01176772145203,0.0,9820000
2017-01-17,0.0,92.95967864990234,0.0,93.23268844393199,92.51224368186745,93.13409803808565,0.0,7853300
2017-01-18,0.0,91.7690658569336,0.0,92.48950491955733,91.69323107968204,92.34541479270354,0.0,9064700
2017-01-19,0.0,91.13961791992188,0.0,91.4429627871495,90.66185365946829,91.37470744375779,0.0,11795600
2017-01-20,0.0,90.95767974853516,0.0,91.23826918235731,90.46474470248297,90.88183913696841,0.0,16953200
2017-01-23,0.0,91.86767578125,0.0,92.42128080066468,91.01831099905156,91.26098582456194,0.0,13118400
2017-01-24,0.0,91.23823547363281,0.0,91.86009007227698,90.85147626950021,91.5870801718162,0.0,8395000
2017-01-25,0.0,90.09310913085938,0.0,90.69979324735526,89.91109868866928,90.45711844359217,0.0,11115100
2017-01-26,0.0,90.3964614868164,0.0,90.44196699691594,89.73669234153105,90.17654229560432,0.0,7827900
2017-01-27,0.0,90.72254943847656,0.0,90.87422481755503,90.43437489696363,90.54812998481646,0.0,7197800
2017-01-30,0.0,90.44953155517578,0.0,90.91213129532491,90.3964466236418,90.57845706246427,0.0,6569500
2017-01-31,0.0,91.0789794921875,0.0,91.30648966825575,90.43437504109296,90.49504519282104,0.0,13298500
2017-02-01,0.0,90.51581573486328,0.259,90.84261530571032,90.12061908558059,90.51581573486328,0.0,10975500
2017-02-02,0.0,90.47783660888672,0.0,91.3062323084742,90.43983435915202,91.14663329658109,0.0,6978600
2017-02-03,0.0,90.43986511230469,0.0,91.10106621355018,90.037066640798,90.77426646902626,0.0,10275600
2017-02-06,0.0,90.98703002929688,0.0,91.29862642889721,90.53103204545332,91.01743066799698,0.0,8433800
2017-02-07,0.0,91.65583801269531,0.0,91.96744024913292,90.79704160701962,91.03263933814975,0.0,8418400
2017-02-08,0.0,92.90226745605469,0.0,92.92506649619128,92.27147275172608,92.27906856621716,0.0,15734200
2017-02-09,0.0,91.83061218261719,0.0,92.40820681772902,91.70141384042068,92.27141266598771,0.0,16890600
2017-02-10,0.0,91.77739715576172,0.0,91.92179289119622,91.28339709665984,91.28339709665984,0.0,7978500
2017-02-13,0.0,91.48865509033203,0.0,91.51145992533704,91.1086556835463,91.38985733196682,0.0,11536800
2017-02-14,0.0,90.82743072509766,0.0,91.42783029120285,90.31063146555958,91.38222643413874,0.0,13210500
2017-02-15,0.0,90.40943145751953,0.0,90.60703271420452,90.17383375037952,90.25743405904129,0.0,8481000
2017-02-16,0.0,90.90342712402344,0.0,91.35942509483252,90.53102945766773,90.6070281530811,0.0,10005800
2017-02-17,0.0,91.4430160522461,0.0,91.73181338462844,91.29861448689084,91.66341630524639,0.0,7886400
2017-02-21,0.0,91.2834243774414,0.0,91.66342364441991,90.89582350159131,90.95662477590675,0.0,8703800
2017-02-22,0.0,91.43540954589844,0.0,91.82301036995136,90.88820974684205,91.80781295256774,0.0,8101500
2017-02-23,0.0,91.70902252197266,0.0,91.76222218789275,91.45062580131186,91.63302382756234,0.0,5330800
2017-02-24,0.0,92.7274169921875,0.0,92.82621470806711,92.15741812712322,92.22581520773335,0.0,11336000
2017-02-27,0.0,92.18022155761719,0.0,92.64382112054942,92.1346235016988,92.57541823834326,0.0,11039800
2017-02-28,0.0,92.52217102050781,0.0,92.78057340066894,92.20297319647842,92.33977309225182,0.0,8410500
2017-03-01,0.0,90.97190856933594,0.234,91.03282695207406,90.57594489103488,90.94906562818332,0.0,10717100
2017-03-02,0.0,90.64446258544922,0.0,90.77390976745565,90.32464985008193,90.62161964856521,0.0,8201200
2017-03-03,0.0,90.88050842285156,0.0,90.88050842285156,90.27134217526175,90.7891366809355,0.0,9515200
2017-03-06,0.0,90.44647979736328,0.0,90.7053799680496,90.24849799736734,90.7053799680496,0.0,4489200
2017-03-07,0.0,90.17231750488281,0.0,90.3702992270804,90.04287037515465,90.21800916969352,0.0,7080100
2017-03-08,0.0,89.6850357055664,0.0,89.81448291230573,89.2662348938515,89.32714746734858,0.0,11336300
2017-03-09,0.0,88.9692153930664,0.0,89.45655640740229,88.9159132865835,89.34994638494258,0.0,10575400
2017-03-10,0.0,89.28142547607422,0.0,89.33472758726225,88.84739233940186,89.19766418570812,0.0,9218500
2017-03-13,0.0,88.71797180175781,0.0,89.15961550860372,88.7027393028516,88.96163949879202,0.0,6993100
2017-03-14,0.0,89.14437866210938,0.0,89.35758714653439,88.87025180799282,88.91593768051374,0.0,9869200
2017-03-15,0.0,90.23326110839844,0.0,90.48454500196644,89.41849687338595,89.51748485744534,0.0,14600500
2017-03-16,0.0,89.77641296386719,0.0,89.96677855292988,89.57081487436129,89.84494178737133,0.0,8018200
2017-03-17,0.0,90.33985137939453,0.0,90.42361266430626,89.87535909379099,89.93627744818025,0.0,7266800
2017-03-20,0.0,90.72819519042969,0.0,90.78911354251166,90.2332437463778,90.27131916880248,0.0,5497800
2017-03-21,0.0,91.4820785522461,0.0,91.6039153065336,90.6292387007222,90.65208744927325,0.0,12540700
2017-03-22,0.0,91.84761047363281,0.0,92.26641137037657,91.70293073702241,91.92375556308642,0.0,11661400
2017-03-23,0.0,91.71809387207031,0.0,92.15212697162617,91.42112416234757,92.00745314477015,0.0,6746500
2017-03-24,0.0,92.0455093383789,0.0,92.21303188036103,91.68001089177525,91.77899884408602,0.0,5819600
2017-03-27,0.0,92.46439361572266,0.0,92.87558407179353,92.28164423841271,92.76897978423789,0.0,6878500
2017-03-28,0.0,91.84761047363281,0.0,92.76136316607187,91.74861662879499,92.73852022018559,0.0,6811200
2017-03-29,0.0,92.3958511352539,0.0,92.42631033047299,92.04557910448068,92.09127080205803,0.0,6291000
2017-03-30,0.0,91.6495590209961,0.0,92.20542298059142,91.61909984643705,92.19019629805867,0.0,7042400
2017-03-31,0.0,91.91610717773438,0.0,91.99225224056792,91.53537605407075,91.58867817900382,0.0,5144800
2017-04-03,0.0,92.84317779541016,0.255,92.99579603195882,91.87407673593563,91.91222692872996,0.0,12996500
2017-04-04,0.0,92.33958435058594,0.0,92.78216283634413,92.29379595276838,92.61429145032135,0.0,6976700
2017-04-05,0.0,92.6219482421875,0.0,92.7287781689907,91.8436150866507,91.99622760442831,0.0,8555200
2017-04-06,0.0,92.48461151123047,0.0,92.64486225244997,91.96572070565927,92.51513518471059,0.0,6497000
2017-04-07,0.0,92.11064910888672,0.0,93.28578360506243,92.0953901925847,92.9729205138492,0.0,10270000
2017-04-10,0.0,92.53797912597656,0.0,92.80505967679429,92.33195171266921,92.43878160427931,0.0,5314500
2017-04-11,0.0,93.4155502319336,0.0,93.59105987467589,92.88140057453468,92.94244791303588,0.0,11297400
2017-04-12,0.0,93.92680358886719,0.0,94.00311566882546,93.31634770176129,93.48422496279856,0.0,11532500
2017-04-13,0.0,94.2167739868164,0.0,94.42280146268494,93.78945429061842,94.20150924235548,0.0,8396700
2017-04-17,0.0,93.92680358886719,0.0,94.27782285565112,93.75129977726955,94.20914314804754,0.0,8015000
2017-04-18,0.0,95.15538787841797,0.0,95.36905362885526,94.27785686032819,94.51440809249536,0.0,11529700
2017-04-19,0.0,94.6364974975586,0.0,94.75095983760626,94.39231388896192,94.69754485515688,0.0,7344000
2017-04-20,0.0,94.27017974853516,0.0,94.56014582525678,93.96494892884239,94.25491500556402,0.0,7932900
2017-04-21,0.0,94.27017974853516,0.0,94.80432931665227,94.23202371290094,94.48383957578201,0.0,9798500
2017-04-24,0.0,93.80472564697266,0.0,93.98023530077137,93.44607978792808,93.51475950351714,0.0,8066400
2017-04-25,0.0,92.67533111572266,0.0,93.44603745376098,92.62191617081658,93.2552689616975,0.0,8122300
2017-04-26,0.0,93.18666076660156,0.0,93.2019196951308,92.6601374944978,92.72881140557405,0.0,5766200
2017-04-27,0.0,93.15611267089844,0.0,93.36214017192245,92.77457551790997,92.90429675269526,0.0,4978300
2017-04-28,0.0,93.36214447021484,0.0,93.43082418824808,92.75168849040551,92.78983871438379,0.0,8166300
2017-05-01,0.0,92.58597564697266,0.255,93.39652162204415,92.30304646984763,93.05242345668984,0.0,8795900
2017-05-02,0.0,93.06008911132812,0.0,93.12126394874562,92.47894565772269,92.50188476326585,0.0,6727800
2017-05-03,0.0,93.12124633789062,0.0,93.58769417556681,92.94537600601747,93.4577020461036,0.0,8932900
2017-05-04,0.0,92.66246032714844,0.0,92.69304774453389,92.27247804792577,92.53246817872534,0.0,9707200
2017-05-05,0.0,92.74658966064453,0.0,92.88423014474805,92.44072126997513,92.81540698571912,0.0,5605400
2017-05-08,0.0,92.24191284179688,0.0,92.6318952149248,92.16544719689752,92.60895610485046,0.0,8057800
2017-05-09,0.0,92.23423767089844,0.0,92.24188014891136,91.86719453793435,92.05071318744005,0.0,5536700
2017-05-10,0.0,92.12715911865234,0.0,92.57066191260513,91.88246570911075,92.45596643465677,0.0,6517000
2017-05-11,0.0,92.12715911865234,0.0,92.19597640542136,91.6912988005954,91.76011608736442,0.0,7479800
2017-05-12,0.0,92.82307434082031,0.0,92.89953999568465,92.50956340568987,92.53250251875363,0.0,7463900
2017-05-15,0.0,92.57069396972656,0.0,92.68539532134692,92.33364878794342,92.57069396972656,0.0,5173200
2017-05-16,0.0,92.9147720336914,0.0,93.20534365375586,92.60890379291483,92.60890379291483,0.0,6722700
2017-05-17,0.0,94.26824951171875,0.0,94.46706478179053,93.58769560711613,93.77121425351561,0.0,11236400
2017-05-18,0.0,94.37531280517578,0.0,94.7729433885627,94.1994424514861,94.62765461763826,0.0,8350500
2017-05-19,0.0,94.59705352783203,0.0,94.65058004086431,94.06178839750922,94.32942096267062,0.0,11277400
2017-05-22,0.0,94.33708953857422,0.0,94.48237248575411,94.25297559517625,94.367676957442,0.0,4062900
2017-05-23,0.0,93.702392578125,0.0,94.52823519933031,93.65651437715324,94.4441212749139,0.0,7901300
2017-05-24,0.0,94.23004150390625,0.0,94.25298061078936,93.7024187097789,93.90123402602244,0.0,7355200
2017-05-25,0.0,94.26056671142578,0.0,94.26821502046353,93.87059045975712,94.0693998231351,0.0,6464800
2017-05-26,0.0,94.42118072509766,0.0,94.61999014889177,94.24530456748506,94.47470723672718,0.0,2963800
2017-05-30,0.0,94.88761138916016,0.0,94.92584710745729,94.61997886293483,94.84173319436482,0.0,4819400
2017-05-31,0.0,95.12467193603516,0.0,95.31583887889938,94.84174276037332,94.85703938281564,0.0,8000200
2017-06-01,0.0,95.1346435546875,0.263,95.16529577211628,94.75916412223211,94.7898104933482,0.0,9037300
2017-06-02,0.0,96.26110076904297,0.0,96.3760392921168,95.82431684242192,95.95458439944794,0.0,13245000
2017-06-05,0.0,95.66340637207031,0.0,95.90862418364347,95.61743095555755,95.70938763489748,0.0,6775500
2017-06-06,0.0,96.18446350097656,0.0,96.45266896774731,96.09251268614156,96.31473689918157,0.0,12841500
2017-06-07,0.0,95.72468566894531,0.0,96.18445725219023,95.62507034390799,95.96989756976346,0.0,12852400
2017-06-08,0.0,95.47180938720703,0.0,95.69403358612469,95.24959103460225,95.69403358612469,0.0,8758600
2017-06-09,0.0,95.32621765136719,0.0,95.51012511372198,95.00437813066809,95.08100575278985,0.0,5130500
2017-06-12,0.0,95.29560089111328,0.0,95.77836035178845,95.12701655193037,95.18065649200538,0.0,4335800
2017-06-13,0.0,95.31085205078125,0.0,95.41813184985374,95.01200034674928,95.02732937307995,0.0,4742600
2017-06-14,0.0,96.78218841552734,0.0,97.09636349335031,96.34540443668085,96.49099519875357,0.0,20212300
2017-06-15,0.0,96.62892150878906,0.0,96.80517033188842,96.42202630858131,96.62125699135504,0.0,5863700
2017-06-16,0.0,96.82044219970703,0.0,96.88941112742776,96.55990720818826,96.61354710916629,0.0,6672500
2017-06-19,0.0,96.68256378173828,0.0,96.92011705744027,96.57528392031699,96.79750816077937,0.0,5641300
2017-06-20,0.0,97.54850006103516,0.0,97.6251277195195,97.15769140255478,97.15769140255478,0.0,8405700
2017-06-21,0.0,97.7476577758789,0.0,97.80896219539166,97.2495754446937,97.40283064716435,0.0,5914800
2017-06-22,0.0,97.96223449707031,0.0,97.98522804313451,97.55610287795314,97.86261918270776,0.0,6608100
2017-06-23,0.0,97.91629028320312,0.0,98.00824695781073,97.62510291641688,97.67874284835945,0.0,4329900
2017-06-26,0.0,98.28408813476562,0.0,98.5216472207746,98.20746635543715,98.29175849753679,0.0,5541600
2017-06-27,0.0,97.23423767089844,0.0,97.69400908326733,97.02734258154118,97.64803369592364,0.0,8354200
2017-06-28,0.0,96.91244506835938,0.0,97.0963525528584,96.53696558233241,97.0657003310563,0.0,7357900
2017-06-29,0.0,96.10018157958984,0.0,96.33772899048343,95.7093730598024,95.79366520811564,0.0,9115800
2017-06-30,0.0,95.8779525756836,0.0,96.08484775448204,95.67105155057195,95.93159249954343,0.0,10189800
2017-07-03,0.0,95.5692367553711,0.258,96.0146034010272,95.23137159544004,95.98388785390696,0.0,11021100
2017-07-05,0.0,95.59231567382812,0.0,95.71517791850472,95.30820698520347,95.36963224914749,0.0,11394500
2017-07-06,0.0,94.80138397216797,0.0,94.93960103172263,94.39441314636612,94.84745437255528,0.0,10853100
2017-07-07,0.0,94.233154296875,0.0,94.47119249342035,94.13332729182645,94.3252950912062,0.0,9401800
2017-07-10,0.0,94.37138366699219,0.0,94.52495558318795,94.202451044141,94.34834846540213,0.0,3859200
2017-07-11,0.0,94.53262329101562,0.0,94.70155589126892,94.22547364131802,94.34065549225365,0.0,4425600
2017-07-12,0.0,95.1853256225586,0.0,95.24675673255845,94.82442517430076,95.13157486590698,0.0,7839900
2017-07-13,0.0,94.5864028930664,0.0,94.94730340217114,94.30228835521088,94.9089074873495,0.0,7449300
2017-07-14,0.0,94.70156860351562,0.0,95.33890318697199,94.54031633391698,95.29282692537733,0.0,6566800
2017-07-17,0.0,94.96257019042969,0.0,95.20828858559896,94.65542073187093,94.70149695860736,0.0,4737300
2017-07-18,0.0,95.79195404052734,0.0,95.80730889033562,95.3926635031819,95.5462354348393,0.0,9163000
2017-07-19,0.0,95.83033752441406,0.0,95.99158978925965,95.66907940117557,95.81497681820424,0.0,5140900
2017-07-20,0.0,96.10675811767578,0.0,96.54444444873015,95.96086072119363,96.36015115052362,0.0,12239100
2017-07-21,0.0,96.51376342773438,0.0,96.774836906007,96.42161674566476,96.54447898842425,0.0,6201500
2017-07-24,0.0,96.137451171875,0.0,96.49067700311383,96.10674148588048,96.32941893049167,0.0,5378500
2017-07-25,0.0,94.8858642578125,0.0,95.36194661272827,94.80907829305669,95.32355070115358,0.0,9743300
2017-07-26,0.0,95.0394515991211,0.0,95.28517024122209,94.50962425551256,94.65551585468862,0.0,8459500
2017-07-27,0.0,94.57098388671875,0.0,94.73991056551218,94.30990473151053,94.53258799794426,0.0,6390800
2017-07-28,0.0,95.13154602050781,0.0,95.20833195552838,94.64778935732608,94.6554638499542,0.0,5491800
2017-07-31,0.0,95.24674224853516,0.0,95.25442260071547,94.7553051600545,94.801375556352,0.0,5464600
2017-08-01,0.0,95.91547393798828,0.269,95.96934150808983,94.77655792123406,94.79194613935243,0.0,9676800
2017-08-02,0.0,95.96935272216797,0.0,96.32334049150255,95.94626745673045,96.01552325304297,0.0,5745600
2017-08-03,0.0,96.96205139160156,0.0,96.97743961011477,96.39259336861349,96.41567863194578,0.0,10324500
2017-08-04,0.0,96.138671875,0.0,96.33105695392452,95.76159876422344,96.30797168383384,0.0,8485500
2017-08-07,0.0,96.2463607788086,0.0,96.26944603780096,95.89237310830323,96.06936400799398,0.0,4684600
2017-08-08,0.0,95.90011596679688,0.0,96.17715094930315,95.53843108012886,96.09250104514142,0.0,6197400
2017-08-09,0.0,96.42333984375,0.0,96.92353601973242,96.3463811664086,96.90814780693782,0.0,9221800
2017-08-10,0.0,97.24683380126953,0.0,97.30070140070578,96.59271968809337,96.66967843396915,0.0,10378200
2017-08-11,0.0,97.29293823242188,0.0,97.31602349204486,96.61574517527696,96.78503903622018,0.0,5717800
2017-08-14,0.0,96.79277038574219,0.0,97.17754050549541,96.75429689644251,96.9543731315034,0.0,5111000
2017-08-15,0.0,96.38491821289062,0.0,96.60808559432589,95.96936576516217,95.98475985829634,0.0,7473200
2017-08-16,0.0,96.73890686035156,0.0,96.97746246584151,96.04631944152844,96.06171353479469,0.0,5283800
2017-08-17,0.0,97.46226501464844,0.0,97.48535028067863,96.58498967874763,96.73119832064734,0.0,9364700
2017-08-18,0.0,97.4391860961914,0.0,97.84704147896232,97.16215114353078,97.71622104885203,0.0,8382500
2017-08-21,0.0,97.67777252197266,0.0,97.74702834643618,97.34686988357073,97.5546432280892,0.0,7669800
2017-08-22,0.0,97.3006820678711,0.0,97.58540823497798,97.16985574855316,97.57002001153712,0.0,6140700
2017-08-23,0.0,97.96247100830078,0.0,97.97016218318441,97.54691859067599,97.76238890993494,0.0,7446400
2017-08-24,0.0,97.60077667236328,0.0,97.97015264911074,97.51612678787421,97.63925015641495,0.0,5569400
2017-08-25,0.0,97.9778823852539,0.0,98.07792052251688,97.63159155762058,97.74701791941352,0.0,7303300
2017-08-28,0.0,97.91630554199219,0.0,98.03173776052657,97.52384421855244,97.67005288231124,0.0,4448500
2017-08-29,0.0,98.2318115234375,0.0,98.90131363707276,97.97016479227938,98.85514310203791,0.0,7659400
2017-08-30,0.0,98.20104217529297,0.0,98.30108030478527,97.99326299795086,98.08560995133922,0.0,4735200
2017-08-31,0.0,98.493408203125,0.0,98.52419050304916,98.17020286060655,98.22407041769296,0.0,7978400
2017-09-01,0.0,97.74006652832031,0.263,98.19502732766465,97.49330683237426,98.17189452542208,0.0,14128600
2017-09-05,0.0,99.2900161743164,0.0,99.32086775277149,98.46491883030197,98.46491883030197,0.0,15215700
2017-09-06,0.0,98.68083190917969,0.0,99.47508943388783,98.50347063397764,99.25917545239996,0.0,9066400
2017-09-07,0.0,99.69103240966797,0.0,99.91466523395538,98.95846606181414,98.95846606181414,0.0,13618900
2017-09-08,0.0,99.47509765625,0.0,99.59848044627859,99.14351964528247,99.55992185359084,0.0,9808500
2017-09-11,0.0,98.28754425048828,0.0,98.7425108396852,98.13332167837537,98.60370817149797,0.0,17856700
2017-09-12,0.0,97.77092742919922,0.0,98.00226137081275,97.57043330656124,97.97142155183718,0.0,7557400
2017-09-13,0.0,97.38530731201172,0.0,97.87111359663491,97.37759442022679,97.86340658806263,0.0,6740000
2017-09-14,0.0,97.78631591796875,0.0,97.80174170571605,97.41617937703299,97.44702506931336,0.0,6674500
2017-09-15,0.0,97.82488250732422,0.0,97.94055239203512,97.57812283210785,97.93283949753045,0.0,9769200
2017-09-18,0.0,97.26193237304688,0.0,97.60122904023102,97.03830555905851,97.54725055983474,0.0,6863000
2017-09-19,0.0,97.02291107177734,0.0,97.40076053352574,96.95351267160945,97.37762773346977,0.0,5554900
2017-09-20,0.0,97.09233093261719,0.0,97.20028793900873,96.64507711572898,97.13859654015197,0.0,8037000
2017-09-21,0.0,97.03833770751953,0.0,97.5935484802282,97.02291780081765,97.28510328047011,0.0,6147800
2017-09-22,0.0,97.31591796875,0.0,97.72461893101925,97.20796100006409,97.5472576920561,0.0,5660700
2017-09-25,0.0,97.92510986328125,0.0,98.14102380678446,97.31592073227506,97.40845780086804,0.0,9679000
2017-09-26,0.0,97.74776458740234,0.0,97.84800867631023,97.49329203492732,97.75547159816995,0.0,7251900
2017-09-27,0.0,96.27491760253906,0.0,96.6219272474108,96.08984932186955,96.29034339113669,0.0,12145700
2017-09-28,0.0,95.98959350585938,0.0,96.12068327685665,95.59631830965368,95.78138656772124,0.0,8883700
2017-09-29,0.0,96.20549774169922,0.0,96.41369877560453,95.82764248713983,96.20549774169922,0.0,11285500
2017-10-02,0.0,96.02936553955078,0.252,96.58570011543542,95.99845740809906,96.43888796482051,0.0,7860700
2017-10-03,0.0,96.12202453613281,0.0,96.20702036601632,95.75113310617573,95.75113310617573,0.0,6219800
2017-10-04,0.0,96.12979888916016,0.0,96.26887660972164,95.72027065205917,96.22251736953449,0.0,7447000
2017-10-05,0.0,95.76663208007812,0.0,96.04479930067698,95.57346072661346,96.02161378635886,0.0,8180300
2017-10-06,0.0,95.49615478515625,0.0,95.89022586198574,95.06345298792849,95.26435277740703,0.0,10375000
2017-10-09,0.0,95.79755401611328,0.0,95.85936437784115,95.53483787205963,95.6430133739868,0.0,3590900
2017-10-10,0.0,95.95208740234375,0.0,96.48524229365424,95.8284548903959,95.92117927435679,0.0,6666800
2017-10-11,0.0,96.13751220703125,0.0,96.32296094009975,96.01388561344045,96.25341619141868,0.0,4385900
2017-10-12,0.0,96.54707336425781,0.0,96.57025888656341,95.99846723883685,96.23800380833674,0.0,7141600
2017-10-13,0.0,97.2424545288086,0.0,97.31199927892584,96.71702823117356,97.03383206870014,0.0,7746900
2017-10-16,0.0,97.17292785644531,0.0,97.28110335230382,96.87930360043873,96.99520760175068,0.0,5737300
2017-10-17,0.0,97.29657745361328,0.0,97.42793260174129,96.8870549946708,96.8870549946708,0.0,4969600
2017-10-18,0.0,96.65522003173828,0.0,96.72476478764489,96.33842206296107,96.62431780147107,0.0,5943800
2017-10-19,0.0,96.82524108886719,0.0,97.36612460425704,96.79433295412,97.15749616849452,0.0,8966500
2017-10-20,0.0,95.79755401611328,0.0,96.02935613661892,95.53483787205963,95.81300513276457,0.0,12326900
2017-10-23,0.0,95.96752166748047,0.0,96.19160113469702,95.82843806352267,95.93661944004238,0.0,6871100
2017-10-24,0.0,95.37255859375,0.0,95.57345844719593,95.15620762624903,95.32619935646315,0.0,6842800
2017-10-25,0.0,94.91669464111328,0.0,95.02487604676524,94.59216810952698,94.67716399567433,0.0,9961400
2017-10-26,0.0,94.599853515625,0.0,95.08664309121946,94.599853515625,95.08664309121946,0.0,8179400
2017-10-27,0.0,95.22576141357422,0.0,95.29530617553085,94.84714716108083,94.99395929567164,0.0,10480900
2017-10-30,0.0,96.13751220703125,0.0,96.16842032920934,95.47300231800632,95.70481028678117,0.0,9051600
2017-10-31,0.0,96.16839599609375,0.0,96.32293656788136,96.12203677211748,96.2224837224394,0.0,4424300
2017-11-01,0.0,96.59661102294922,0.263,96.89859594752684,96.24816869693026,96.2868812289299,0.0,8940400
2017-11-02,0.0,97.0224838256836,0.0,97.1928295889289,96.72823788236046,96.79018501859733,0.0,7222700
2017-11-03,0.0,97.2857666015625,0.0,97.33222400772591,96.89860579658729,97.15413334569614,0.0,10984100
2017-11-06,0.0,97.64968872070312,0.0,97.73486456169853,97.34770379630287,97.51031060885651,0.0,6246700
2017-11-07,0.0,98.06008911132812,0.0,98.16849366510752,97.66518343250027,97.74262032028994,0.0,6422700
2017-11-08,0.0,97.84329223632812,0.0,98.18399568086168,97.72714279772751,98.02138292225732,0.0,3356200
2017-11-09,0.0,97.5645523071289,0.0,97.75038789548876,97.21610984050332,97.46389259418541,0.0,6280400
2017-11-10,0.0,96.09333038330078,0.0,96.66632683842137,95.98492580821326,96.56566713515619,0.0,11981000
2017-11-13,0.0,96.29464721679688,0.0,96.6430896192329,96.25592876870142,96.63535065569842,0.0,5880800
2017-11-14,0.0,96.945068359375,0.0,96.97604193433314,96.61210981308166,96.61210981308166,0.0,6195900
2017-11-15,0.0,97.99815368652344,0.0,98.08332954719658,97.28577913144427,97.610992831684,0.0,9568200
2017-11-16,0.0,97.14642333984375,0.0,97.82008550900557,97.13867846683532,97.57230274120016,0.0,5894900
2017-11-17,0.0,97.86651611328125,0.0,97.90523456010617,97.53355755644587,97.61873341337625,0.0,6938800
2017-11-20,0.0,97.82778930664062,0.0,97.85876287993261,97.49483668586308,97.49483668586308,0.0,4232300
2017-11-21,0.0,98.13752746582031,0.0,98.56340675024468,97.80456890916278,98.4085388706333,0.0,5818400
2017-11-22,0.0,98.45499420166016,0.0,98.49370673771848,97.95942884231505,98.04460469229048,0.0,4140700
2017-11-24,0.0,98.1839828491211,0.0,98.36207351177549,98.0988069991194,98.28464253202988,0.0,3141400
2017-11-27,0.0,98.04459381103516,0.0,98.3775523037305,97.88972596117429,98.23042932326378,0.0,6079900
2017-11-28,0.0,98.17622375488281,0.0,98.47820866746203,97.92844111103311,98.16073401661484,0.0,5983000
2017-11-29,0.0,97.20834350585938,0.0,97.31674806743584,96.86764007941592,97.22382733996793,0.0,14547100
2017-11-30,0.0,96.88314056396484,0.0,97.19286454132371,96.3566015318061,97.03025768092846,0.0,9630000
2017-12-01,0.0,98.19052124023438,0.255,99.07505013461414,97.06545840463218,97.66290699449294,0.0,24583100
2017-12-04,0.0,98.23709106445312,0.0,98.2836433557319,97.61636622227232,97.70171603606394,0.0,9609200
2017-12-05,0.0,98.72588348388672,0.0,98.92761989569124,98.11291948162368,98.12844085466138,0.0,10958900
2017-12-06,0.0,99.06731414794922,0.0,99.49405732743672,99.05179868964855,99.21473764032609,0.0,11834200
2017-12-07,0.0,98.29136657714844,0.0,99.3931530480204,97.99652564531992,99.26124507356027,0.0,13056800
2017-12-08,0.0,98.29917907714844,0.0,98.33797068565124,97.95001908259317,98.22158402079948,0.0,4786100
2017-12-11,0.0,98.097412109375,0.0,98.60950498808657,98.08189665472852,98.43105062113777,0.0,3863800
2017-12-12,0.0,98.0586166381836,0.0,98.0818987001436,97.50772623186273,97.89567772248334,0.0,7502400
2017-12-13,0.0,98.79573822021484,0.0,98.84229050960023,98.22156569266583,98.39226531330632,0.0,8532900
2017-12-14,0.0,99.21472930908203,0.0,99.3000791217468,98.3767525591029,98.57848901809878,0.0,6885000
2017-12-15,0.0,99.58716583251953,0.0,99.77337499599719,98.97419576449484,99.16817153601174,0.0,7239400
2017-12-18,0.0,98.67937469482422,0.0,99.31561511738308,98.46988342384165,99.29233896723746,0.0,7239700
2017-12-19,0.0,97.39909362792969,0.0,98.05860993295312,97.04217899132487,98.01205765155626,0.0,11045800
2017-12-20,0.0,96.32060241699219,0.0,96.76286691073238,96.17317894585534,96.45250451239339,0.0,10005800
2017-12-21,0.0,96.88198852539062,0.262,97.08415164166136,96.41546327661926,96.43878864922927,0.0,7026900
2017-12-22,0.0,97.0141830444336,0.0,97.06861089880117,96.82757410548638,96.95975519006602,0.0,3974300
2017-12-26,0.0,97.30187225341797,0.0,97.605113990477,97.16969117463653,97.17746827697395,0.0,3168400
2017-12-27,0.0,98.56926727294922,0.0,98.73255676144366,97.73729528672237,97.7450723890771,0.0,9059700
2017-12-28,0.0,98.48372650146484,0.0,98.61590755856336,98.2582380281962,98.38264198423305,0.0,5297100
2017-12-29,0.0,98.63925170898438,0.0,98.84141484974678,98.34378706647861,98.35933533937214,0.0,7580500
2018-01-02,0.0,97.57401275634766,0.0,98.36711110352172,97.24744564030705,98.35155689864872,0.0,16238200
2018-01-03,0.0,98.04051208496094,0.0,98.12604239253288,97.57398690959815,97.97053597814177,0.0,8605100
2018-01-04,0.0,98.02497100830078,0.0,98.09495305244386,97.48069258580979,97.69840395480618,0.0,9217900
2018-01-05,0.0,97.74505615234375,0.0,98.11050278382791,97.47291693704383,97.86946604058942,0.0,10915400
2018-01-08,0.0,97.682861328125,0.0,97.9938801487706,97.32519176064928,97.96277767348698,0.0,8850600
2018-01-09,0.0,96.3766098022461,0.0,97.06085255580022,96.26775407912466,97.04529834838745,0.0,16226400
2018-01-10,0.0,96.25994873046875,0.0,96.36102731399579,95.37354905280117,95.49017590602857,0.0,14302600
2018-01-11,0.0,96.65648651123047,0.0,96.87419786804642,95.87894256135088,96.03445491064053,0.0,12511000
2018-01-12,0.0,96.81982421875,0.0,97.02976452474691,96.34552760147476,96.4932570007469,0.0,9987100
2018-01-16,0.0,97.22415161132812,0.0,97.4107606046317,96.85092769252806,97.32523024682736,0.0,9125900
2018-01-17,0.0,97.09193420410156,0.0,97.6906405527969,96.88199397442281,97.25521775374575,0.0,8327000
2018-01-18,0.0,96.18997955322266,0.0,96.62540234935578,96.05779848042377,96.36104020375801,0.0,10843900
2018-01-19,0.0,95.68453216552734,0.0,96.07330404129456,95.6223331738675,95.94890012578684,0.0,11374300
2018-01-22,0.0,95.77786254882812,0.0,96.1899598869413,95.63012730226323,95.98779680198767,0.0,8984700
2018-01-23,0.0,96.18997955322266,0.0,96.57097449983914,95.82453287838635,96.2677327765049,0.0,12325700
2018-01-24,0.0,95.66905212402344,0.0,95.73902826411255,95.28027997101563,95.52131680757894,0.0,9038900
2018-01-25,0.0,96.4543228149414,0.0,96.53207601821907,95.48239294349779,95.76230922104868,0.0,12173300
2018-01-26,0.0,96.09663391113281,0.0,96.34545361819274,95.71563911602688,96.32212232151463,0.0,6462900
2018-01-29,0.0,95.42799377441406,0.0,95.61460270477534,95.09364956091338,95.61460270477534,0.0,12223000
2018-01-30,0.0,94.86814880371094,0.0,95.14806512921125,94.6271061204139,95.07808308174108,0.0,12064400
2018-01-31,0.0,95.42799377441406,0.0,95.5835002276833,94.81373319927602,95.53684947814071,0.0,18045100
2018-02-01,0.0,94.04496765136719,0.255,95.47083730633727,93.99042648150973,95.43188272474862,0.0,18632800
2018-02-02,0.0,93.17231750488281,0.0,93.70214860847125,92.90739898081749,93.61644019873326,0.0,23944400
2018-02-05,0.0,94.05278778076172,0.0,94.91765939565465,92.4399202181723,92.85287575699547,0.0,28606200
2018-02-06,0.0,93.46839141845703,0.0,94.17743259160987,93.28139396562605,93.8268056799422,0.0,10935400
2018-02-07,0.0,92.58012390136719,0.0,93.75666139692851,92.37753990836381,93.60082526979498,0.0,16271100
2018-02-08,0.0,92.47887420654297,0.0,92.86066247744125,91.82437408331725,91.94904303804327,0.0,15155100
2018-02-09,0.0,91.8945083618164,0.0,92.79054127303347,91.77763269462272,92.02696467718235,0.0,15661600
2018-02-12,0.0,92.29965209960938,0.0,92.95415213795079,92.08928069647166,92.37756721393659,0.0,10944600
2018-02-13,0.0,92.71258544921875,0.0,92.72817203509304,92.24508893018326,92.41650570755579,0.0,8157600
2018-02-14,0.0,91.6841049194336,0.0,92.3619788409008,91.52827470381757,92.29964437683772,0.0,12043300
2018-02-15,0.0,91.99578857421875,0.0,92.5645802626791,91.93345409844777,92.08929028787523,0.0,8222400
2018-02-16,0.0,92.49443054199219,0.0,92.88401200629737,92.20613811837144,92.75155573512353,0.0,8454100
2018-02-20,0.0,92.08930969238281,0.0,92.3386417034617,91.76984989514894,92.15943153399373,0.0,8268800
2018-02-21,0.0,90.95946502685547,0.0,92.1671697635166,90.78026090900181,92.12820924509249,0.0,12054300
2018-02-22,0.0,91.23217010498047,0.0,91.67629861117788,91.16204830581694,91.34904571479345,0.0,9317900
2018-02-23,0.0,92.04251098632812,0.0,92.18276054572787,91.72305728935943,91.84772026185856,0.0,9072900
2018-02-26,0.0,92.07369995117188,0.0,92.65028491178425,91.97241089057148,92.47107478736851,0.0,8771600
2018-02-27,0.0,91.94124603271484,0.0,92.45549653339697,91.3646670017274,92.34640823014158,0.0,12525700
2018-02-28,0.0,92.52560424804688,0.0,92.58793871338823,92.13602275647615,92.30743956389396,0.0,9311600
2018-03-01,0.0,93.1572265625,0.239,93.39144926056842,92.24376876178836,92.46237343650253,0.0,12287700
2018-03-02,0.0,92.39990234375,0.0,92.85272966305384,92.22033679209741,92.79026949007469,0.0,10064300
2018-03-05,0.0,92.15009307861328,0.0,92.75126198577294,91.83779808392933,92.7122228777381,0.0,5658200
2018-03-06,0.0,92.2359848022461,0.0,92.65758219936055,92.22037273118211,92.40774736661112,0.0,5452000
2018-03-07,0.0,92.13443756103516,0.0,92.65752800544882,92.09539847141016,92.57164677349688,0.0,4461800
2018-03-08,0.0,92.66534423828125,0.0,92.89956092470288,92.32962829353391,92.3686614296729,0.0,7086700
2018-03-09,0.0,92.05638122558594,0.0,92.33744008458218,91.80654053931407,92.1188354406241,0.0,6570400
2018-03-12,0.0,92.58726501464844,0.0,92.64192212638271,92.27497610292167,92.36866039382802,0.0,5801300
2018-03-13,0.0,93.05574798583984,0.0,93.19628043564869,92.27501347724224,92.36869780609373,0.0,7455300
2018-03-14,0.0,93.8754653930664,0.0,94.00038570670556,93.19623054637086,93.2196516160461,0.0,10175000
2018-03-15,0.0,93.8754653930664,0.0,94.07064891573128,93.63343973105107,93.82081424498138,0.0,6757900
2018-03-16,0.0,93.53980255126953,0.0,93.69595303188646,93.33681586126518,93.53199949463752,0.0,6084300
2018-03-19,0.0,93.24310302734375,0.0,93.66470028827246,93.0635315071864,93.07134051846202,0.0,8491200
2018-03-20,0.0,92.86834716796875,0.0,93.07914877498895,92.77466285954226,92.83712303618012,0.0,5446000
2018-03-21,0.0,92.9698257446289,0.0,93.23527250144328,92.21251265196712,92.64191882508328,0.0,9742400
2018-03-22,0.0,93.89105987548828,0.0,94.3282689505762,93.430423780069,93.93009299632004,0.0,12136600
2018-03-23,0.0,93.82086944580078,0.0,93.9301718062804,93.39146901721136,93.43831118412209,0.0,7250400
2018-03-26,0.0,93.46167755126953,0.0,94.03941911221845,93.43044747276845,93.68809115300604,0.0,8237900
2018-03-27,0.0,94.46105194091797,0.0,94.56255122354257,93.53978512477161,93.55540314818955,0.0,9168500
2018-03-28,0.0,94.71085357666016,0.0,94.96849726415553,94.42978881876132,94.82015587622875,0.0,7412500
2018-03-29,0.0,95.1715087890625,0.0,95.47599467811128,94.86702290001371,94.89044397508981,0.0,9694300
2018-04-02,0.0,95.35923767089844,0.26,95.73479358842513,94.79591274849658,94.94456520044234,0.0,12036500
2018-04-03,0.0,94.62384033203125,0.0,95.04633875586555,94.53777550666155,94.95244822748157,0.0,9855000
2018-04-04,0.0,94.42823028564453,0.0,95.03067803491811,94.35781090394346,94.94461321798448,0.0,6654300
2018-04-05,0.0,93.72404479980469,0.0,94.09959485179367,93.70839339890323,93.96658779043342,0.0,7603700
2018-04-06,0.0,94.74903106689453,0.0,94.78815361655711,94.06051836537952,94.40477770076853,0.0,8831200
2018-04-09,0.0,94.90547180175781,0.0,94.90547180175781,94.162185483653,94.38908303533172,0.0,6307500
2018-04-10,0.0,94.73335266113281,0.0,94.96806996963699,94.49862938336771,94.82723719683011,0.0,6046000
2018-04-11,0.0,95.06978607177734,0.0,95.3670970499288,94.88200506206607,95.33580021497693,0.0,5901300
2018-04-12,0.0,94.37347412109375,0.0,94.7255531658831,94.20917016890789,94.70208202546549,0.0,6622800
2018-04-13,0.0,94.59252166748047,0.0,94.77247101045884,94.27955928099425,94.2952047141511,0.0,4964000
2018-04-16,0.0,94.62384033203125,0.0,94.64731147181165,94.02921225745753,94.06833480326647,0.0,4491300
2018-04-17,0.0,94.88199615478516,0.0,95.12454511057709,94.5299172408354,94.60815633623976,0.0,5590400
2018-04-18,0.0,94.12310028076172,0.0,94.93679429471683,94.10744887514974,94.8976777192114,0.0,8138400
2018-04-19,0.0,93.35633850097656,0.0,93.52064243715714,92.95731124495974,93.43457761783465,0.0,9875800
2018-04-20,0.0,92.68344116210938,0.0,93.20764964049947,92.65997003162326,93.01987462735049,0.0,7579400
2018-04-23,0.0,92.70694732666016,0.0,92.80866355621875,92.38616514002585,92.581765927008,0.0,7073200
2018-04-24,0.0,92.28443908691406,0.0,92.67564061923547,92.13578656372987,92.48786555511445,0.0,8190800
2018-04-25,0.0,91.6663589477539,0.0,92.04973483252658,91.49422929398504,91.86195974171623,0.0,6603800
2018-04-26,0.0,92.30789947509766,0.0,92.4252551381304,92.00275684343077,92.1122987443623,0.0,6528600
2018-04-27,0.0,93.01991271972656,0.0,93.06685499992203,92.66783367973562,92.69130481983335,0.0,5401800
2018-04-30,0.0,93.18417358398438,0.0,93.54407816068584,93.0589922382559,93.1685281542407,0.0,8321100
2018-05-01,0.0,92.84859466552734,0.262,93.18576394538553,92.70745139335392,93.13087522745262,0.0,7979200
2018-05-02,0.0,92.74662780761719,0.0,93.20926628346736,92.73094788513644,93.02891427162953,0.0,4644000
2018-05-03,0.0,93.16221618652344,0.0,93.55428006204275,93.06028173255962,93.18573906186741,0.0,6345300
2018-05-04,0.0,93.3033676147461,0.0,93.4915625988647,92.91130370479642,93.4915625988647,0.0,4283500
2018-05-07,0.0,93.15438842773438,0.0,93.3268915247877,93.10733668997386,93.28768872281127,0.0,3647800
2018-05-08,0.0,93.06814575195312,0.0,93.31122349542352,92.76233633841898,92.95836832055221,0.0,6091200
2018-05-09,0.0,92.51142120361328,0.0,92.85643344486805,92.51142120361328,92.62119864161548,0.0,7832500
2018-05-10,0.0,93.25634765625,0.0,93.295556451059,92.80155195912309,92.95838115593693,0.0,7101500
2018-05-11,0.0,93.4916000366211,0.0,93.59353454035526,93.17010463016096,93.56216869710869,0.0,4273400
2018-05-14,0.0,92.99755859375,0.0,93.30336796606859,92.98971564044373,93.15438774777269,0.0,4996200
2018-05-15,0.0,91.9389877319336,0.0,92.19775135067007,91.50771503403946,92.18206544397181,0.0,12901000
2018-05-16,0.0,91.58615112304688,0.0,92.15856120245367,91.57830816811175,92.07230664543263,0.0,6518000
2018-05-17,0.0,91.12352752685547,0.0,91.60184615560242,91.02942999938266,91.45285989937616,0.0,7330300
2018-05-18,0.0,91.90765380859375,0.0,91.97038549232433,91.35876653200783,91.35876653200783,0.0,9606500
2018-05-21,0.0,91.95467376708984,0.0,92.04092831240074,91.70375308502747,91.84489634258887,0.0,4448500
2018-05-22,0.0,91.81354522705078,0.0,92.01742018341373,91.62535618094293,91.97037441749225,0.0,4700700
2018-05-23,0.0,92.48003387451172,0.0,92.61333416361828,92.26047904953143,92.33104767938067,0.0,9634000
2018-05-24,0.0,93.21712493896484,0.0,93.35826820380572,93.02893591331743,93.06814470227039,0.0,8204100
2018-05-25,0.0,93.79739379882812,0.0,93.96989693411818,93.67977340198617,93.75034205063821,0.0,8482800
2018-05-29,0.0,95.8518295288086,0.0,96.07138446770306,94.4325594006527,94.71484603135227,0.0,21668100
2018-05-30,0.0,95.20879364013672,0.0,95.25584537499644,94.67558651028132,94.87946140821961,0.0,11616300
2018-05-31,0.0,95.05201721191406,0.0,95.6479562929783,94.84029925699902,95.31861791671301,0.0,10769900
2018-06-01,0.0,94.54973602294922,0.281,94.87197222976765,94.19605511733556,94.4475587408229,0.0,8718800
2018-06-04,0.0,93.86600494384766,0.0,94.42402870172208,93.81884986457789,94.4004511620872,0.0,7156500
2018-06-05,0.0,94.0860366821289,0.0,94.43971764046537,94.01530408825379,94.28252410465353,0.0,5635900
2018-06-06,0.0,93.32368469238281,0.0,93.60662712167324,93.07218097704927,93.59091076285557,0.0,7813300
2018-06-07,0.0,94.2275390625,0.0,94.69910783341925,93.27654034218821,93.2844015206615,0.0,13238300
2018-06-08,0.0,93.94461059570312,0.0,94.19611437741497,93.87387796787314,93.96818813831312,0.0,6790600
2018-06-11,0.0,93.77171325683594,0.0,93.83459070981718,93.48091553036464,93.58308689421618,0.0,6844200
2018-06-12,0.0,93.79527282714844,0.0,93.889588988545,93.44159771547626,93.4730364359418,0.0,6048200
2018-06-13,0.0,93.74812316894531,0.0,94.03106567318343,93.23725442538631,93.88173324141243,0.0,8834700
2018-06-14,0.0,94.52619934082031,0.0,94.54978287660343,93.90530414727908,94.14108553820905,0.0,10078800
2018-06-15,0.0,94.61263275146484,0.0,95.17065637802861,94.54976132600713,94.9663137517293,0.0,7992800
2018-06-18,0.0,94.52619934082031,0.0,94.75412554947826,94.34543420740624,94.69125410969035,0.0,4893700
2018-06-19,0.0,95.07637023925781,0.0,95.28071891345635,94.86416038627252,95.07637023925781,0.0,6133300
2018-06-20,0.0,94.24321746826172,0.0,94.93485094330553,94.23535629345456,94.91912859369121,0.0,6879100
2018-06-21,0.0,94.73844146728516,0.0,94.90349029606722,94.48693763347568,94.59697018599705,0.0,7235800
2018-06-22,0.0,94.73052978515625,0.0,94.80126838625175,94.3611324144784,94.38470994940316,0.0,4082500
2018-06-25,0.0,94.94275665283203,0.0,95.18639921926416,94.81700178220754,94.83272413919674,0.0,8363700
2018-06-26,0.0,95.07637023925781,0.0,95.12352531933344,94.83272766377041,94.91917664513491,0.0,5450000
2018-06-27,0.0,95.97234344482422,0.0,96.02735969835894,95.53221341654654,95.68940099912516,0.0,8173400
2018-06-28,0.0,95.99592590332031,0.0,96.08238087706681,95.75228333893777,95.98806472489184,0.0,7109500
2018-06-29,0.0,95.66580200195312,0.0,96.2788418313455,95.61078576075946,96.01947698158085,0.0,11164700
2018-07-02,0.0,95.59097290039062,0.275,95.90606589998848,95.54371105391563,95.89818692227628,0.0,9662000
2018-07-03,0.0,96.10299682617188,0.0,96.12662774905348,95.73276300796262,95.73276300796262,0.0,3808800
2018-07-05,0.0,96.37870788574219,0.0,96.52049944314503,96.11088272725873,96.1502655982654,0.0,3860400
2018-07-06,0.0,96.69377136230469,0.0,96.8276839006347,96.48108709612747,96.69377136230469,0.0,4679900
2018-07-09,0.0,96.07150268554688,0.0,96.26843508839768,96.02424083203069,96.15815342359323,0.0,5952700
2018-07-10,0.0,96.06359100341797,0.0,96.205382525596,95.95330937615705,96.0005772234817,0.0,5759700
2018-07-11,0.0,96.43385314941406,0.0,96.53626184052142,96.17390094723343,96.45748407508508,0.0,6869100
2018-07-12,0.0,96.42597198486328,0.0,96.47323383218819,96.21328165210275,96.2369125757652,0.0,4824700
2018-07-13,0.0,96.670166015625,0.0,96.78832664359983,96.47323363896666,96.58351528910339,0.0,4079000
2018-07-16,0.0,96.26844024658203,0.0,96.33146006124697,95.81943458441991,96.26844024658203,0.0,5517100
2018-07-17,0.0,96.08722686767578,0.0,96.41019276967728,96.02420707853962,96.33142103820602,0.0,3764300
2018-07-18,0.0,95.7012710571289,0.0,96.13452475754912,95.62249929611617,96.1187667994065,0.0,6330000
2018-07-19,0.0,96.3078384399414,0.0,96.45750300185809,95.92184654524354,95.94548348545229,0.0,6166700
2018-07-20,0.0,95.126220703125,0.0,95.78003165222029,95.07895284410768,95.77215868396692,0.0,10469500
2018-07-23,0.0,93.95249938964844,0.0,94.82687965796235,93.88160661595244,94.82687965796235,0.0,11571800
2018-07-24,0.0,94.27545928955078,0.0,94.3857409299728,93.85008467225211,93.96036631267414,0.0,9053500
2018-07-25,0.0,94.12579345703125,0.0,94.73234851943339,93.9446190429935,94.54328911796055,0.0,7357900
2018-07-26,0.0,93.94463348388672,0.0,94.43302198801776,93.86586172611395,94.29910939881408,0.0,6821100
2018-07-27,0.0,94.10218048095703,0.0,94.42515251264429,94.0549186265248,94.4093945545668,0.0,4542000
2018-07-30,0.0,93.77921295166016,0.0,94.06279609349518,93.71619314016348,93.73194508808764,0.0,7111200
2018-07-31,0.0,94.29126739501953,0.0,94.41730706480048,94.18098568891232,94.36216621174688,0.0,6797400
2018-08-01,0.0,93.5230712890625,0.267,93.82307559849791,93.21517038578145,93.38885931036795,0.0,13312600
2018-08-02,0.0,93.65729522705078,0.0,93.74413970043338,93.39676783024002,93.64940465553384,0.0,4451100
2018-08-03,0.0,94.123046875,0.0,94.17831096231517,93.79935291834417,93.81514609948208,0.0,6162400
2018-08-06,0.0,94.1783218383789,0.0,94.61253799647622,94.16252865541713,94.37569446205981,0.0,4200200
2018-08-07,0.0,93.68885040283203,0.0,94.02833161026774,93.60990254552185,93.97306750781706,0.0,5346900
2018-08-08,0.0,93.78358459472656,0.0,93.97306064309691,93.64147605261506,93.68095299005408,0.0,5640900
2018-08-09,0.0,94.57308197021484,0.0,94.60466231777423,94.04412470109986,94.13096915105432,0.0,7144100
2018-08-10,0.0,95.25994110107422,0.0,95.56784196100956,94.95993081053743,95.03098809847235,0.0,8457900
2018-08-13,0.0,95.06256866455078,0.0,95.29151564434342,94.90466692618553,94.93624727385857,0.0,7923200
2018-08-14,0.0,94.84941864013672,0.0,95.18100331099379,94.762574175388,95.1652161461924,0.0,4251200
2018-08-15,0.0,95.40205383300781,0.0,95.63100686009497,95.1888939930776,95.25995128861172,0.0,7649800
2018-08-16,0.0,95.39414978027344,0.0,95.4730976348919,94.95992754486909,95.37835659534862,0.0,5400400
2018-08-17,0.0,95.51254272460938,0.0,95.83623062760985,95.33095729853603,95.59938111939822,0.0,3537600
2018-08-20,0.0,96.15205383300781,0.0,96.24679486644838,95.95468119750777,96.03362904704082,0.0,5603700
2018-08-21,0.0,95.828369140625,0.0,95.94679393811094,95.58362897626667,95.82047857123857,0.0,4695000
2018-08-22,0.0,96.20731353759766,0.0,96.35731866119625,95.98625715966367,96.31784172656465,0.0,5309600
2018-08-23,0.0,96.35733032226562,0.0,96.42048499265071,96.14416448679319,96.31785338285657,0.0,5328700
2018-08-24,0.0,96.5467758178711,0.0,96.57835615473442,95.91518112727144,96.01781872791058,0.0,6092200
2018-08-27,0.0,95.99417114257812,0.0,96.21523359776766,95.93890703461474,96.1441763027656,0.0,6407400
2018-08-28,0.0,95.41783142089844,0.0,95.59941088016554,95.27572287639872,95.52835961958321,0.0,4929300
2018-08-29,0.0,95.54414367675781,0.0,95.64678130315563,95.22835227553801,95.48098901051478,0.0,5613300
2018-08-30,0.0,95.74940490722656,0.0,95.89151343523754,95.5915092198074,95.77308865800599,0.0,5302900
2018-08-31,0.0,95.52835845947266,0.0,96.25468833439055,95.44151401536996,96.23100458115073,0.0,9677500
2018-09-04,0.0,94.97606658935547,0.272,95.0314552067384,94.75451211982376,94.92067797197254,0.0,18343600
2018-09-05,0.0,94.72283935546875,0.0,94.87318244186181,94.59623941711551,94.76240523196329,0.0,9422600
2018-09-06,0.0,95.0710220336914,0.0,95.2688393887191,94.70703882486924,94.76242744280073,0.0,9566000
2018-09-07,0.0,94.26392364501953,0.0,94.47756976866499,94.15314640939098,94.42218115085072,0.0,11212600
2018-09-10,0.0,94.61209106445312,0.0,94.6358281828432,94.29558206646897,94.29558206646897,0.0,6386400
2018-09-11,0.0,93.89202880859375,0.0,94.29557185132295,93.84454854005017,94.2243605038671,0.0,5440000
2018-09-12,0.0,94.11355590820312,0.0,94.29554443450283,94.08190441734565,94.20059599883503,0.0,3347200
2018-09-13,0.0,94.25601196289062,0.0,94.61208077382756,94.14523473118108,94.4300861577868,0.0,4833000
2018-09-14,0.0,93.80500030517578,0.0,94.08985780407562,93.60718293299018,93.69422305970441,0.0,5579500
2018-09-17,0.0,93.80500030517578,0.0,94.0186404108971,93.46475418354026,93.51222842105453,0.0,5433000
2018-09-18,0.0,92.82381439208984,0.0,93.42518084592352,92.7051288077665,93.41726646133309,0.0,10182300
2018-09-19,0.0,92.26991271972656,0.0,92.66554736614098,91.93758106559578,92.66554736614098,0.0,13379600
2018-09-20,0.0,92.69721984863281,0.0,92.81591147680967,92.15915636621713,92.24619649108637,0.0,8657300
2018-09-21,0.0,92.65760803222656,0.0,92.80003670805908,92.4518763811565,92.47561952454856,0.0,6173800
2018-09-24,0.0,92.42027282714844,0.0,92.79216439222402,92.35696982321384,92.37279255574414,0.0,5505500
2018-09-25,0.0,92.32530212402344,0.0,92.37277635019231,92.10374768602783,92.16705067885677,0.0,6650900
2018-09-26,0.0,92.97412872314453,0.0,93.03743170645147,92.3094655091359,92.52310553166589,0.0,9512700
2018-09-27,0.0,93.0374755859375,0.0,93.09286421322795,92.65766354386895,92.76844079844986,0.0,5758500
2018-09-28,0.0,92.79215240478516,0.0,93.2985703339331,92.75259256011665,93.25109006866258,0.0,12807700
2018-10-01,0.0,92.11089324951172,0.261,92.65015657019042,92.08710319939438,92.51534225261294,0.0,22442400
2018-10-02,0.0,92.67398834228516,0.0,92.88810494010568,92.46779773115951,92.52330988988125,0.0,8266900
2018-10-03,0.0,91.06417083740234,0.0,92.27751289084841,90.59627724500609,92.20613662574169,0.0,20829200
2018-10-04,0.0,90.42176818847656,0.0,90.71519305749558,90.1759294916916,90.50900244547218,0.0,16207400
2018-10-05,0.0,89.64461517333984,0.0,90.18387884267393,89.3115421556145,89.92217602144429,0.0,18096500
2018-10-08,0.0,89.34326934814453,0.0,89.70013245169302,89.3274052699935,89.604966133906,0.0,5855900
2018-10-09,0.0,90.24730682373047,0.0,90.28695490897479,89.66838911574433,89.72390127538368,0.0,11530800
2018-10-10,0.0,90.0014419555664,0.0,90.07281817364608,89.44632048325907,89.72388121941275,0.0,15290100
2018-10-11,0.0,91.09586334228516,0.0,91.3179120053387,90.23938474161669,90.40592123890684,0.0,16086800
2018-10-12,0.0,90.77861022949219,0.0,91.20684934988593,90.62793182128797,90.71516605231464,0.0,6794100
2018-10-15,0.0,90.73896026611328,0.0,91.05617511617402,90.6358680112508,90.92929280637173,0.0,7146300
2018-10-16,0.0,90.94519805908203,0.0,90.97692016560016,90.53282277509281,90.71521732460553,0.0,4762300
2018-10-17,0.0,90.4059066772461,0.0,91.03240447587858,90.3900486540275,90.92931219902944,0.0,5880700
2018-10-18,0.0,90.37419128417969,0.0,90.7151962872019,90.04905035592415,90.10456251686396,0.0,5728800
2018-10-19,0.0,90.17594146728516,0.0,90.36626803038254,89.93803477600652,90.28696579995633,0.0,10892400
2018-10-22,0.0,90.05699920654297,0.0,90.46938054996674,90.03320913872493,90.36628218892415,0.0,3244200
2018-10-23,0.0,90.34246826171875,0.0,91.21480480344557,90.27902406404401,91.0086202365602,0.0,10330700
2018-10-24,0.0,91.02445220947266,0.0,91.05617429923113,90.59621307328828,90.69137934256368,0.0,16008000
2018-10-25,0.0,90.64382934570312,0.0,90.99276034822397,90.58831718277672,90.83415589711194,0.0,12613200
2018-10-26,0.0,91.19100952148438,0.0,91.45271228413219,91.03240508674885,91.143429401138,0.0,18582500
2018-10-29,0.0,90.98485565185547,0.0,91.21483034467157,90.61212844911294,91.07208388511854,0.0,7679900
2018-10-30,0.0,90.53280639648438,0.0,90.83415727832832,90.42177601857126,90.61210862324626,0.0,9939500
2018-10-31,0.0,90.07283782958984,0.0,90.37418868740826,89.77941295855526,90.19972017221859,0.0,8706400
2018-11-01,0.0,90.15631866455078,0.275,90.27555768308986,89.70318613387472,89.71113742346296,0.0,6100200
2018-11-02,0.0,89.0354232788086,0.0,90.03707348891112,88.95592857817819,89.96552401280393,0.0,11314800
2018-11-05,0.0,89.38521575927734,0.0,89.59985207794291,89.31366627635052,89.41701485557178,0.0,4760200
2018-11-06,0.0,89.32954406738281,0.0,89.61572978955645,89.29774497991286,89.51238123901521,0.0,3159900
2018-11-07,0.0,89.44879913330078,0.0,90.14836705320323,89.36135920836985,89.98142636278747,0.0,9313100
2018-11-08,0.0,89.44083404541016,0.0,89.8065144382124,89.36133936263671,89.7985631504184,0.0,6905100
2018-11-09,0.0,90.10861206054688,0.0,90.22785713761671,89.60779001492143,89.63163781732409,0.0,6465300
2018-11-12,0.0,90.6968765258789,0.0,90.87176849003113,90.55378971708852,90.58558274233772,0.0,6840000
2018-11-13,0.0,90.6412353515625,0.0,90.6412353515625,90.21196276800113,90.39479996747048,0.0,6525800
2018-11-14,0.0,90.6968765258789,0.0,91.0387091653429,90.06886420377784,90.21195707762453,0.0,8690800
2018-11-15,0.0,90.6571273803711,0.0,91.05460689042268,90.37094164792948,90.97511220142356,0.0,7879600
2018-11-16,0.0,91.18183135986328,0.0,91.26927737005876,90.56176406215585,90.78435170081407,0.0,9236700
2018-11-19,0.0,91.43616485595703,0.0,91.43616485595703,90.95124553413817,90.95124553413817,0.0,7027200
2018-11-20,0.0,91.46802520751953,0.0,91.78601017560982,91.36468267054018,91.61111813990722,0.0,6332600
2018-11-21,0.0,91.43616485595703,0.0,91.49181173321851,91.05458800189386,91.33282238820132,0.0,4951100
2018-11-23,0.0,91.53158569335938,0.0,92.02446249403438,91.49183531433243,91.95291302479716,0.0,3027900
2018-11-26,0.0,91.32491302490234,0.0,91.46800592712772,91.24541831590103,91.3090165091251,0.0,6599000
2018-11-27,0.0,91.42822265625,0.0,91.61901108958777,91.22948293588213,91.26922724092275,0.0,5967200
2018-11-28,0.0,90.98307800292969,0.0,91.43620450427237,90.91153458616591,91.30106289590255,0.0,7814000
2018-11-29,0.0,91.34078979492188,0.0,91.61902423033254,91.09434838208172,91.35668630620714,0.0,7295600
2018-11-30,0.0,91.68265533447266,0.0,91.75419875853571,91.40442079913083,91.66675275242,0.0,9127800
2018-12-03,0.0,92.33362579345703,0.267,92.33362579345703,91.36153022562614,91.37746362743647,0.0,9763800
2018-12-04,0.0,93.87942504882812,0.0,94.55670707437183,92.93122656558855,93.0746514951615,0.0,18100500
2018-12-06,0.0,94.17423248291016,0.0,94.9789998534869,94.1264201264751,94.4531125657402,0.0,15319400
2018-12-07,0.0,94.34954833984375,0.0,94.44516091276397,93.6403873089429,93.8714611587185,0.0,8608400
2018-12-10,0.0,94.73995971679688,0.0,95.04274292974306,94.37343074982105,94.71605657881818,0.0,8777700
2018-12-11,0.0,94.72402954101562,0.0,95.12243142413097,94.50889519895067,94.79574504112414,0.0,8071900
2018-12-12,0.0,94.30171203613281,0.0,94.5965315791038,94.21406314711791,94.48497955292656,0.0,6182200
2018-12-13,0.0,94.07861328125,0.0,94.4849848732806,94.00690386572509,94.38936624011755,0.0,5564200
2018-12-14,0.0,94.40528869628906,0.0,94.63635637962528,94.19811806802242,94.46106470246137,0.0,8169200
2018-12-17,0.0,94.95511627197266,0.0,95.058704666309,94.48500490396694,94.4929685657381,0.0,9726800
2018-12-18,0.0,95.52377319335938,0.282,95.67552695883289,94.99663847645374,95.10046647235413,0.0,10018800
2018-12-19,0.0,96.78571319580078,0.0,97.16908889410247,95.77935731961507,95.93111108883554,0.0,23046300
2018-12-20,0.0,96.43428802490234,0.0,97.46460376153762,96.37837970245934,97.44863256664682,0.0,18543700
2018-12-21,0.0,96.41831970214844,0.0,96.80967797090729,96.15474927697296,96.75376964679889,0.0,9945100
2018-12-24,0.0,96.89750671386719,0.0,96.97737485466754,96.57004550852118,96.74575298086253,0.0,8377500
2018-12-26,0.0,95.85919952392578,0.0,96.95341190774624,95.81926850158243,96.63393326125758,0.0,11700400
2018-12-27,0.0,95.87519836425781,0.0,96.94544506304824,95.8272786892522,96.849605713037,0.0,12146500
2018-12-28,0.0,96.68186950683594,0.0,96.68186950683594,96.07486062201556,96.16271741166914,0.0,9879100
2018-12-31,0.0,97.04927825927734,0.0,97.08920929023218,96.21064739308011,96.36240115393763,0.0,17409000
2019-01-02,0.0,97.56041717529297,0.0,97.56840581689016,96.91347126397797,97.16905904670358,0.0,19841500
2019-01-03,0.0,98.67058563232422,0.0,98.92616728244951,97.62429920424056,97.67221885940555,0.0,21187000
2019-01-04,0.0,97.52848815917969,0.0,97.88789788662986,97.1610897885386,97.71218429772557,0.0,12970200
2019-01-07,0.0,97.24098205566406,0.0,97.95980778238325,97.13715404262996,97.93584794041776,0.0,8498100
2019-01-08,0.0,96.98542022705078,0.0,97.3927559050109,96.95347173333312,97.19308238943957,0.0,7737100
2019-01-09,0.0,96.8336181640625,0.0,96.98537191023169,96.48219709534567,96.84959544973772,0.0,9349200
2019-01-10,0.0,96.21065521240234,0.0,96.96941798480711,96.1148097619317,96.86558389007637,0.0,8222900
2019-01-11,0.0,96.5860824584961,0.0,96.85763554081,96.3864089237761,96.50621426331864,0.0,5786900
2019-01-14,0.0,96.2266616821289,0.0,96.64996855303137,96.03497072305639,96.56211172017781,0.0,6730500
2019-01-15,0.0,95.87519836425781,0.0,96.29850507627343,95.80331275819965,96.29051643258924,0.0,8997400
2019-01-16,0.0,95.97103881835938,0.0,96.15473495869719,95.4518866897731,95.51577755527573,0.0,6048400
2019-01-17,0.0,95.99501037597656,0.0,96.26656334478125,95.7553997970488,96.01897021515931,0.0,8153400
2019-01-18,0.0,95.49182891845703,0.0,95.9391015907287,95.35605243470944,95.71546220781781,0.0,14106400
2019-01-22,0.0,96.13877868652344,0.0,96.41832030882438,95.89916809966529,96.09085291302159,0.0,8881100
2019-01-23,0.0,96.09883117675781,0.0,96.3384417377328,95.70747294781172,95.7474039789411,0.0,5776800
2019-01-24,0.0,96.72979736328125,0.0,96.84960264054428,96.41031865509632,96.57006105596355,0.0,7121900
2019-01-25,0.0,96.26656341552734,0.0,96.44227702773016,96.0988384475747,96.31448309392806,0.0,6460800
2019-01-28,0.0,96.1707534790039,0.0,96.5940603505074,96.1707534790039,96.27458151181827,0.0,6435800
2019-01-29,0.0,96.65789031982422,0.0,96.67386760314179,96.15471557918805,96.2665321882183,0.0,5750100
2019-01-30,0.0,96.5860824584961,0.0,96.62601960286118,96.10686719387866,96.5141968173495,0.0,10571300
2019-01-31,0.0,97.41668701171875,0.0,97.58441198408964,97.04129993822424,97.08123706697697,0.0,11843400
2019-02-01,0.0,96.82828521728516,0.275,97.31658972727934,96.7322232111604,97.24454780317433,0.0,12024600
2019-02-04,0.0,96.39600372314453,0.0,96.50007241072281,96.0758031820036,96.41201710922613,0.0,8966200
2019-02-05,0.0,96.83633422851562,0.0,97.04446561241308,96.58818157173222,96.64421623962915,0.0,6983300
2019-02-06,0.0,96.88435363769531,0.0,97.18854704281625,96.64420769963796,97.14851966614658,0.0,5184000
2019-02-07,0.0,97.52474975585938,0.0,97.58879111214564,97.04445179835214,97.22856306352531,0.0,8781000
2019-02-08,0.0,97.9410171508789,0.0,98.03707919589502,97.71687848649518,97.86897519760723,0.0,5885400
2019-02-11,0.0,97.5567626953125,0.0,97.80491529708722,97.46070066850322,97.54875599958189,0.0,4352800
2019-02-12,0.0,97.30860137939453,0.0,97.46069805760482,97.02042141400622,97.38865611991736,0.0,7939600
2019-02-13,0.0,96.94041442871094,0.0,97.17255983986,96.78832379247812,96.98044181616906,0.0,4757700
2019-02-14,0.0,97.49275970458984,0.0,97.82096107085002,97.32465567201925,97.7729330922075,0.0,5868900
2019-02-15,0.0,97.64483642578125,0.0,97.67685100009751,97.29261503509693,97.30862232225506,0.0,5527200
2019-02-19,0.0,97.89295959472656,0.0,98.09308421420045,97.62078693643633,97.99702219821825,0.0,5872800
2019-02-20,0.0,97.6128158569336,0.0,97.72488518913164,97.33263641911793,97.62081644686164,0.0,4455800
2019-02-21,0.0,96.74024963378906,0.0,96.98840834005647,96.62017362847506,96.91636029394034,0.0,7382500
2019-02-22,0.0,97.31658935546875,0.0,97.62077654605781,97.19651337510109,97.23654073766299,0.0,6374600
2019-02-25,0.0,97.02839660644531,0.0,97.10044462805953,96.79625137040411,96.99637594209646,0.0,6293500
2019-02-26,0.0,97.50872802734375,0.0,97.51673472302502,97.1485061168378,97.44469278385158,0.0,6028900
2019-02-27,0.0,96.40404510498047,0.0,96.96439167311702,96.28396909543135,96.95639108451475,0.0,7737300
2019-02-28,0.0,96.0758285522461,0.0,96.55613254444754,95.82767596830925,96.50809848083601,0.0,9533400
2019-03-01,0.0,95.18783569335938,0.253,95.88573683707317,95.17178847153728,95.72530134018358,0.0,13541100
2019-03-04,0.0,95.933837890625,0.0,96.0782322432112,95.50867844140454,95.69318471646139,0.0,9808500
2019-03-05,0.0,96.13439178466797,0.0,96.15846261191547,95.67714399049353,95.68516759957603,0.0,5595200
2019-03-06,0.0,96.48736572265625,0.0,96.67988951621462,96.174512263041,96.19857697220816,0.0,7766700
2019-03-07,0.0,97.1130599975586,0.0,97.27350157148494,96.75207716660975,96.77614187264363,0.0,8187200
2019-03-08,0.0,97.52217102050781,0.0,97.61843595761798,96.94459363828649,97.16118821672939,0.0,7517600
2019-03-11,0.0,97.23336029052734,0.0,97.40181930212242,97.048860186493,97.38577820968317,0.0,5157800
2019-03-12,0.0,97.91522979736328,0.0,98.05160663780471,97.2734819914948,97.30557029982107,0.0,6422300
2019-03-13,0.0,97.73076629638672,0.0,97.83504874735952,97.56230720471312,97.59439552506352,0.0,4386300
2019-03-14,0.0,97.02483367919922,0.0,97.67461144378636,97.00076896944066,97.61845841427599,0.0,8188400
2019-03-15,0.0,97.6666259765625,0.0,97.82706151775695,97.38586071936044,97.6586023634357,0.0,4302000
2019-03-18,0.0,97.61044311523438,0.0,97.76286111697769,97.4820898252986,97.52220175845896,0.0,3893300
2019-03-19,0.0,97.39386749267578,0.0,97.56232661786973,96.97672536533813,97.13716087879259,0.0,5220200
2019-03-20,0.0,98.41265869140625,0.0,98.54902950765145,97.65058072276696,97.65859821532962,0.0,10123700
2019-03-21,0.0,98.62919616699219,0.0,98.74150220690781,98.46073710711876,98.6372197756205,0.0,7182600
2019-03-22,0.0,100.16140747070312,0.0,100.49832567934514,99.51965325595683,99.63998293624947,0.0,13077000
2019-03-25,0.0,100.32183837890625,0.0,101.02776920690583,99.880637731628,100.12129096099208,0.0,9736300
2019-03-26,0.0,100.2496566772461,0.0,100.50635715919853,99.96889148139533,100.03306201171675,0.0,7502000
2019-03-27,0.0,101.17219543457031,0.0,101.34867207689126,100.522417434273,100.61065881554518,0.0,14207200
2019-03-28,0.0,101.52508544921875,0.0,101.62937398501968,101.0838849646323,101.27640870117513,0.0,9143200
2019-03-29,0.0,101.4288558959961,0.0,101.45292060497749,100.78710176212772,100.81919008084324,0.0,10841400
2019-04-01,0.0,99.98818969726562,0.278,100.7841058508109,99.84347711173842,100.72782907497857,0.0,16501500
2019-04-02,0.0,100.173095703125,0.0,100.28564925392256,99.89171182613111,100.07662473598909,0.0,9725000
2019-04-03,0.0,99.30477142333984,0.0,99.58616129583824,99.18418277364681,99.37713074686116,0.0,10407000
2019-04-04,0.0,99.58619689941406,0.0,99.60227334721888,99.24049500138754,99.36912498494912,0.0,7503400
2019-04-05,0.0,99.71483612060547,0.0,99.82738966678924,99.35305774125881,99.38521677355534,0.0,6321800
2019-04-08,0.0,99.36107635498047,0.0,99.6505014637505,99.30479959125893,99.55403051663197,0.0,4446400
2019-04-09,0.0,99.67461395263672,0.0,99.96403289465148,99.50577754704386,99.86756195854873,0.0,7020300
2019-04-10,0.0,99.91581726074219,0.0,100.10876530495604,99.77110469415487,99.90777596990186,0.0,7519900
2019-04-11,0.0,99.32892608642578,0.0,99.70678086213654,99.21637255600857,99.63442764988578,0.0,8679300
2019-04-12,0.0,98.62142944335938,0.0,98.93497226445076,98.58927041892606,98.79830101088923,0.0,7005500
2019-04-15,0.0,98.8707046508789,0.0,98.87873981030755,98.66167396525411,98.70990945666388,0.0,3070000
2019-04-16,0.0,98.2516098022461,0.0,98.5892703580272,98.19533304294924,98.49279941849359,0.0,8927300
2019-04-17,0.0,98.29181671142578,0.0,98.54104150021921,98.1712218952103,98.18729834164236,0.0,6118500
2019-04-18,0.0,98.80635070800781,0.0,98.96713971014943,98.70987362649849,98.73399136344901,0.0,27589400
2019-04-22,0.0,98.33202362060547,0.0,98.54105425351815,98.27574685024912,98.4606597435388,0.0,6241200
2019-04-23,0.0,98.5410385131836,0.0,98.64555074609184,98.39632596485306,98.57319753878005,0.0,6239700
2019-04-24,0.0,99.34503173828125,0.0,99.36110819004946,98.95912942504327,98.97521201052066,0.0,7302000
2019-04-25,0.0,99.2003173828125,0.0,99.38523031027653,98.96716896718789,99.28071190764983,0.0,5380900
2019-04-26,0.0,99.5379638671875,0.0,99.70679418537314,99.40129258109077,99.67464128699244,0.0,5950700
2019-04-29,0.0,98.90283966064453,0.0,99.1681470828128,98.76616837057301,99.07167611744862,0.0,10246000
2019-04-30,0.0,99.40931701660156,0.0,99.48167022625219,98.8304668045679,98.84654325103233,0.0,7957400
2019-05-01,0.0,99.81941223144531,0.259,100.26251327352901,99.57771628370273,99.65022752665882,0.0,14371900
2019-05-02,0.0,99.34407043457031,0.0,99.74689288368829,99.12654901654302,99.64216125968741,0.0,6612800
2019-05-03,0.0,99.62604522705078,0.0,99.80328193114515,99.39240748266612,99.62604522705078,0.0,6191700
2019-05-06,0.0,99.89994812011719,0.0,100.2060909096514,99.84355323397716,100.14969602351137,0.0,4482500
2019-05-07,0.0,100.66529846191406,0.0,100.81837291521377,100.21413941629092,100.3269291776967,0.0,8984900
2019-05-08,0.0,100.23028564453125,0.0,100.94730911870617,100.14166421319881,100.8264611535635,0.0,6907600
2019-05-09,0.0,100.64112854003906,0.0,100.94727744187664,100.14968481016591,100.79420299095786,0.0,9411900
2019-05-10,0.0,100.50416564941406,0.0,101.06811442087873,100.3752595607475,100.616955403707,0.0,6037800
2019-05-13,0.0,101.29370880126953,0.0,101.45483527940121,100.9069966485399,101.02784458042923,0.0,10501600
2019-05-14,0.0,100.99566650390625,0.0,101.22930431188189,100.86676034229869,101.11651449376733,0.0,5690400
2019-05-15,0.0,101.61602783203125,0.0,101.72881766937978,101.32599506553929,101.68048092382617,0.0,9566300
2019-05-16,0.0,101.27759552001953,0.0,101.37427509776306,101.1325792266949,101.35815876151514,0.0,7666400
2019-05-17,0.0,101.50321197509766,0.0,101.75296610513406,101.26152216269982,101.73684976302407,0.0,4747100
2019-05-20,0.0,101.29370880126953,0.0,101.81737292848806,101.2292557513844,101.60790973623311,0.0,6043100
2019-05-21,0.0,101.13260650634766,0.0,101.28568100908677,100.94731161558418,101.18900140526475,0.0,4021800
2019-05-22,0.0,101.71267700195312,0.0,101.77713007444127,101.28568615323984,101.32596471360746,0.0,5675300
2019-05-23,0.0,102.85668182373047,0.0,103.19505120298426,102.22022162184871,102.22827979180695,0.0,9743700
2019-05-24,0.0,102.94529724121094,0.0,102.94529724121094,102.63109624359946,102.76805439197732,0.0,4981900
2019-05-28,0.0,103.68647766113281,0.0,103.8476041537352,103.19503386813932,103.34005631669585,0.0,8098600
2019-05-29,0.0,104.00067901611328,0.0,104.65324930416756,103.92817393814356,104.46795445163492,0.0,13260600
2019-05-30,0.0,104.89495086669922,0.0,104.91911922733027,103.83955814192971,104.19404382207057,0.0,13024800
2019-05-31,0.0,106.20818328857422,0.0,106.26457204690426,105.38642193516475,105.45892703580365,0.0,18933600
2019-06-03,0.0,106.9185791015625,0.27,107.03160036055047,106.20008417262615,106.4907120269371,0.0,17822400
2019-06-04,0.0,105.69953155517578,0.0,106.36959043885466,105.3927666617066,106.07089409155351,0.0,14250000
2019-06-05,0.0,105.10215759277344,0.0,105.71569980745357,105.04564080435108,105.36856748449323,0.0,8815200
2019-06-06,0.0,105.44123840332031,0.0,106.23238734029913,105.20712730098816,105.73186630320573,0.0,9621100
2019-06-07,0.0,106.35348510742188,0.0,106.61989503121923,106.11129314775202,106.39384016870453,0.0,11378500
2019-06-10,0.0,105.35237121582031,0.0,105.5138283248873,105.20706351317637,105.49767891846426,0.0,8288700
2019-06-11,0.0,105.41700744628906,0.0,105.56231521912598,105.20711433494895,105.28783676928265,0.0,5115100
2019-06-12,0.0,105.49773406982422,0.0,105.5542508626564,105.19096909774485,105.26362298704831,0.0,5278700
2019-06-13,0.0,105.86099243164062,0.0,105.95786425135704,105.58650174512731,105.59458260903041,0.0,5560400
2019-06-14,0.0,106.1274642944336,0.0,106.32928891575251,105.82875547837143,105.83683634699847,0.0,5838800
2019-06-17,0.0,106.31311798095703,0.0,106.3696224579242,105.86103289164043,106.07092602071033,0.0,6046400
2019-06-18,0.0,106.84590911865234,0.0,107.25762671756038,106.52298248563393,107.16075488685061,0.0,10320700
2019-06-19,0.0,106.99927520751953,0.0,107.14459525811773,106.22427599896352,106.45031846132488,0.0,11962500
2019-06-20,0.0,107.28184509277344,0.0,107.7823659779106,107.0396531966649,107.29799450408508,0.0,10721500
2019-06-21,0.0,106.10317993164062,0.0,106.99121274021833,106.06282488266156,106.97506332959209,0.0,14495000
2019-06-24,0.0,106.89437103271484,0.0,106.99124288698566,106.62796111507559,106.69254645738764,0.0,6378800
2019-06-25,0.0,107.22535705566406,0.0,107.44331870899694,107.14462230513033,107.20112677578919,0.0,9604600
2019-06-26,0.0,106.53914642333984,0.0,107.12847067116364,106.46649254040126,107.11232125771289,0.0,12766800
2019-06-27,0.0,107.28993225097656,0.0,107.44332088906691,106.55530020714475,106.8136292409861,0.0,9724200
2019-06-28,0.0,107.2172622680664,0.0,107.43523621149014,106.92663444963205,107.03158714801974,0.0,8149200
2019-07-01,0.0,106.9665298461914,0.26,107.37905510610362,106.44074928947896,107.23346231174271,0.0,14131200
2019-07-02,0.0,107.7916030883789,0.0,107.89676169039998,107.14450740918156,107.23348491645503,0.0,10494300
2019-07-03,0.0,108.55998992919922,0.0,108.62468958678988,107.99376301358893,108.00185972770177,0.0,5380300
2019-07-05,0.0,107.12020111083984,0.0,107.21727531095304,106.50545544204931,107.20917859445282,0.0,12180100
2019-07-08,0.0,107.26580047607422,0.0,107.75921879640524,107.26580047607422,107.62171039140216,0.0,6490000
2019-07-09,0.0,107.22537994384766,0.0,107.34671963127592,106.90183212915493,107.32244181974389,0.0,6215700
2019-07-10,0.0,106.63490295410156,0.0,107.12832140956166,106.37605482022684,107.05552500036879,0.0,9470000
2019-07-11,0.0,105.21125030517578,0.0,106.29514883808206,104.96048660646872,106.21425572978231,0.0,14126800
2019-07-12,0.0,105.33261108398438,0.0,105.51865048110272,104.89580790850383,105.08994402455734,0.0,6992000
2019-07-15,0.0,105.939208984375,0.0,106.00392098422412,105.5185871566316,105.5185871566316,0.0,6055500
2019-07-16,0.0,105.623779296875,0.0,105.63996038762228,105.12227656671209,105.292134820613,0.0,6172700
2019-07-17,0.0,106.76431274414062,0.0,106.78857821062672,106.0039618807584,106.01204625540153,0.0,9662200
2019-07-18,0.0,106.77242279052734,0.0,107.03127095202393,106.15767692081246,106.34371632278834,0.0,5724900
2019-07-19,0.0,106.52164459228516,0.0,106.71576832208832,106.37603945237622,106.44075147649612,0.0,5804800
2019-07-22,0.0,106.723876953125,0.0,107.16876445451572,106.56210304604417,107.15258336104026,0.0,5204100
2019-07-23,0.0,106.1414566040039,0.0,106.56207853972906,105.93923618101846,106.4488355965594,0.0,8108900
2019-07-24,0.0,106.60253143310547,0.0,106.69150892851519,106.34369566445002,106.44885425244985,0.0,6389700
2019-07-25,0.0,106.09293365478516,0.0,106.29515409297623,105.5671531099547,106.16573005032049,0.0,8893100
2019-07-26,0.0,106.34369659423828,0.0,106.5944479900697,106.16574160186296,106.52973596170072,0.0,6188400
2019-07-29,0.0,106.37602233886719,0.0,106.73193224299051,106.28704486283635,106.62678602044832,0.0,6231800
2019-07-30,0.0,106.63490295410156,0.0,106.85330452423855,106.31134278675817,106.77241139676312,0.0,5678500
2019-07-31,0.0,107.49229431152344,0.0,107.84820425317939,106.49737322375312,106.5297230627419,0.0,15798700
2019-08-01,0.0,109.62713623046875,0.264,109.73250414099304,108.00615233748289,108.11152024800717,0.0,26664800
2019-08-02,0.0,110.64027404785156,0.0,110.64027404785156,109.74062730648106,109.95136317111717,0.0,15143100
2019-08-05,0.0,112.55301666259766,0.0,112.56922996490043,111.57232829798667,111.96136098337051,0.0,18543000
2019-08-06,0.0,113.45260620117188,0.0,113.45260620117188,111.92077763266983,112.00993219981524,0.0,12747400
2019-08-07,0.0,113.49317932128906,0.0,115.94896877926105,113.29055634708592,115.41404115925481,0.0,32582000
2019-08-08,0.0,113.73635864257812,0.0,113.8174004328468,111.83169724790726,112.77187105834598,0.0,14746000
2019-08-09,0.0,113.50940704345703,0.0,114.72514504313605,113.36351205258978,114.01190812584389,0.0,10626000
2019-08-12,0.0,115.87603759765625,0.0,116.24885697716336,114.69271388341957,114.86292263815174,0.0,14094300
2019-08-13,0.0,115.47885131835938,0.0,116.63786085381798,115.04929171653026,116.55680673881862,0.0,15974900
2019-08-14,0.0,118.08060455322266,0.0,118.11301879802667,117.28632570067114,117.65104469857846,0.0,15068900
2019-08-15,0.0,119.39360046386719,0.0,120.43914229646491,117.99145246222977,118.29133060985852,0.0,23588700
2019-08-16,0.0,118.4371337890625,0.0,118.74511216745927,117.39159276724108,118.38039344452231,0.0,17150500
2019-08-19,0.0,116.74324798583984,0.0,117.24576137413639,116.31368826765285,116.36232817010088,0.0,13614700
2019-08-20,0.0,117.95085906982422,0.0,118.02380035654433,117.39161780405901,117.74823613974246,0.0,7451500
2019-08-21,0.0,117.1646957397461,0.0,118.16159721741725,116.94585948514188,117.2943773992985,0.0,9372000
2019-08-22,0.0,116.38658905029297,0.0,117.27812231605054,116.28932165672137,116.71078071654676,0.0,13878800
2019-08-23,0.0,118.29938507080078,0.0,118.55063554263025,116.24882949969293,116.3217831585491,0.0,16191800
2019-08-26,0.0,117.82121276855469,0.0,118.5668638908692,117.75637192742396,118.2264587502773,0.0,12174500
2019-08-27,0.0,119.63665771484375,0.0,119.7258122796743,118.72079830950437,118.84237946179306,0.0,11332300
2019-08-28,0.0,119.79068756103516,0.0,120.68222109878818,119.67721920651667,120.58496604266463,0.0,10095900
2019-08-29,0.0,119.33680725097656,0.0,119.41784900402479,118.43716093242124,119.34490771614468,0.0,8884900
2019-08-30,0.0,119.3692626953125,0.0,119.5313586245008,118.62361152734496,118.82623453061201,0.0,13550800
2019-09-03,0.0,119.52354431152344,0.26,120.70894846488822,119.00391254792548,119.42610483841236,0.0,15660800
2019-09-04,0.0,119.70211791992188,0.0,119.856385679375,118.93079151165072,118.97139024661121,0.0,7962200
2019-09-05,0.0,117.53431701660156,0.0,118.37872637455474,116.82794587963954,118.26505731356087,0.0,19382900
2019-09-06,0.0,118.37060546875,0.0,118.56547203607262,117.79414533921084,117.94028597295346,0.0,9466400
2019-09-09,0.0,116.26768493652344,0.0,116.91722756747512,116.25957014464731,116.7792017716096,0.0,15862700
2019-09-10,0.0,114.22977447509766,0.0,116.34077285932277,114.20541770678332,115.97540894561045,0.0,13851400
2019-09-11,0.0,114.02678680419922,0.0,114.60324680757165,113.98618806293442,113.99430285558881,0.0,10941700
2019-09-12,0.0,113.27978515625,0.0,115.13097325807149,112.90629418634188,114.88739326804384,0.0,19163300
2019-09-13,0.0,110.86026763916016,0.0,112.62215632532019,110.86026763916017,112.27302202725758,0.0,18922200
2019-09-16,0.0,112.27303314208984,0.0,112.50849842458142,111.43675104702791,111.94826796713275,0.0,10971600
2019-09-17,0.0,112.88195037841797,0.0,113.34475365147229,112.06191045319208,112.33796202536782,0.0,9081200
2019-09-18,0.0,113.36097717285156,0.0,114.20538620482084,113.28790688806394,113.61267196867139,0.0,10984600
2019-09-19,0.0,113.70201110839844,0.0,114.47335003795891,113.64518278090256,114.28659830290921,0.0,13176200
2019-09-20,0.0,115.20407104492188,0.0,115.27714134267882,114.0267819325195,114.29471874662418,0.0,11519800
2019-09-23,0.0,115.17974090576172,0.0,116.23524643257643,115.04982986483094,115.48827653072262,0.0,15246700
2019-09-24,0.0,116.5680923461914,0.0,116.79543038266718,115.62625625850964,115.63437104945741,0.0,12421600
2019-09-25,0.0,114.8630599975586,0.0,116.55186591438856,114.5951231926341,116.31640066657819,0.0,14147100
2019-09-26,0.0,115.60191345214844,0.0,116.09718831761609,115.21218043771809,115.51260118496589,0.0,9636500
2019-09-27,0.0,115.88613891601562,0.0,116.0891203186376,115.40710577918817,115.55325883135683,0.0,10386900
2019-09-30,0.0,116.17030334472656,0.0,116.17841813977864,115.1635112532637,115.19599521147222,0.0,8006900
2019-10-01,0.0,116.52003479003906,0.25,117.04871755068716,114.79574389040754,114.89334151546298,0.0,16613700
2019-10-02,0.0,116.80467224121094,0.0,117.34148382190197,116.5037380568905,116.68267525045417,0.0,12891500
2019-10-03,0.0,117.87017059326172,0.0,118.48018045430165,117.05682411187513,117.10562291504914,0.0,13470500
2019-10-04,0.0,118.74044799804688,0.0,118.77297639405784,118.0978973780272,118.21990678710151,0.0,11516200
2019-10-07,0.0,117.75626373291016,0.0,118.36627339269965,117.69933595154919,118.06533926528722,0.0,11013900
2019-10-08,0.0,118.07351684570312,0.0,118.69165575413724,117.62617376231108,118.60219954814225,0.0,14529700
2019-10-09,0.0,117.40657806396484,0.0,117.61804369661016,116.95923498463505,117.60991469905264,0.0,8608800
2019-10-10,0.0,115.6578369140625,0.0,116.45491278230914,115.27556317496193,116.40611399190126,0.0,15054200
2019-10-11,0.0,114.22636413574219,0.0,114.76317570885848,113.63262477130289,114.66556570694976,0.0,26294000
2019-10-14,0.0,115.05595397949219,0.0,115.09661135920645,114.7468784653273,115.07221196710687,0.0,5936900
2019-10-15,0.0,113.66511535644531,0.0,114.64112817611853,113.5024486216125,114.41339226521733,0.0,11832300
2019-10-16,0.0,113.80338287353516,0.0,113.91725082915781,113.33978205802737,113.57564696228987,0.0,7729500
2019-10-17,0.0,113.52688598632812,0.0,114.17756555398964,113.29914999924867,113.4780871906226,0.0,6219300
2019-10-18,0.0,113.52688598632812,0.0,114.05555615404532,113.42114698851249,113.71395217342614,0.0,6456100
2019-10-21,0.0,112.67288970947266,0.0,113.0470345603634,112.42888327721198,112.70543051947152,0.0,8038000
2019-10-22,0.0,113.33168029785156,0.0,113.48621809397041,112.76234032058272,113.3642211026559,0.0,6683300
2019-10-23,0.0,113.4455337524414,0.0,114.12061264277516,113.34793617189936,113.89287668105764,0.0,5995400
2019-10-24,0.0,113.21783447265625,0.0,114.06372181368036,113.07956705186413,113.60823733199184,0.0,6161700
2019-10-25,0.0,112.66472625732422,0.0,113.50247190369748,112.49391808377328,113.48620150367384,0.0,5669800
2019-10-28,0.0,111.63990020751953,0.0,111.900176960916,111.42030565885479,111.900176960916,0.0,11402100
2019-10-29,0.0,111.71310424804688,0.0,112.03030876596756,111.56669548017996,111.9326987838303,0.0,5296600
2019-10-30,0.0,113.34793853759766,0.0,113.42113672453192,112.05472092570821,112.05472092570821,0.0,10914100
2019-10-31,0.0,114.8770980834961,0.0,115.2349602243004,114.21827679878666,114.25894661794447,0.0,15834100
2019-11-01,0.0,114.52339172363281,0.246,115.10188047171867,113.89601905391464,114.66190031236773,0.0,11425500
2019-11-04,0.0,113.01614379882812,0.0,113.36648704535958,112.86947952347924,113.22797838284691,0.0,11124300
2019-11-05,0.0,111.74504852294922,0.0,111.98133740640935,111.40284861148756,111.80208805769168,0.0,13493000
2019-11-06,0.0,112.4213638305664,0.0,112.77171953399618,111.89991429829448,112.45396141952325,0.0,9351900
2019-11-07,0.0,110.3844223022461,0.0,111.10141989359357,109.54521486343457,111.09327671454078,0.0,19209800
2019-11-08,0.0,109.9200439453125,0.0,110.76739480597114,109.81412042560342,110.1155797572825,0.0,10222900
2019-11-11,0.0,109.9932861328125,0.0,110.31104401768081,109.69997020583186,110.30290084249444,0.0,4577000
2019-11-12,0.0,110.4985122680664,0.0,110.7673864215109,109.82225529407032,110.22149493385221,0.0,5772900
2019-11-13,0.0,111.21549224853516,0.0,111.59028985381259,110.94661813803212,111.46806756776482,0.0,6672400
2019-11-14,0.0,112.36427307128906,0.0,112.79609763791204,112.16872494529112,112.27464840091464,0.0,10213300
2019-11-15,0.0,112.24208068847656,0.0,112.56799431850435,111.9732066058288,112.01394736362401,0.0,4657600
2019-11-18,0.0,112.44581604003906,0.0,112.9346804601842,112.38063328853046,112.60877913497987,0.0,5943900
2019-11-19,0.0,113.38274383544922,0.0,113.44792655230847,112.73907227667156,112.73907227667156,0.0,7893100
2019-11-20,0.0,114.55602264404297,0.0,114.55602264404297,113.87976585581144,113.99383251693882,0.0,7905500
2019-11-21,0.0,113.83906555175781,0.0,114.13238170350726,113.35020115472939,113.77388280333149,0.0,5980900
2019-11-22,0.0,113.98567962646484,0.0,114.29529447077147,113.80643023579616,114.14864265967923,0.0,4664800
2019-11-25,0.0,114.3196792602539,0.0,114.49892856126785,114.21375582811083,114.31153608559971,0.0,4157300
2019-11-26,0.0,114.9878158569336,0.0,115.13446762439804,114.8330084808343,114.88189240332244,0.0,4281100
2019-11-27,0.0,114.65381622314453,0.0,114.8086236763137,114.40938405668459,114.55604832949511,0.0,4095700
2019-11-29,0.0,114.40937042236328,0.0,114.62120497747121,113.88792099781425,114.57232103647206,0.0,6251100
2019-12-02,0.0,112.88392639160156,0.241,113.17774667297813,112.59010611022501,112.74517965507734,0.0,17702200
2019-12-03,0.0,115.25086975097656,0.0,115.70792096985463,114.2061652387688,114.29594404631355,0.0,13062400
2019-12-04,0.0,114.10002899169922,0.0,114.67134279960354,113.61849395744466,114.54075322816627,0.0,8586300
2019-12-05,0.0,113.54500579833984,0.0,113.80618488660333,113.12060846046822,113.16957642609154,0.0,7273800
2019-12-06,0.0,112.91661834716797,0.0,113.54505746355836,112.5166923564295,112.65543914006284,0.0,7931100
2019-12-09,0.0,113.16138458251953,0.0,113.53682633477327,113.09610227697291,113.4388904227514,0.0,4016900
2019-12-10,0.0,113.16959381103516,0.0,113.73275040962326,112.96555228712388,113.59399121410206,0.0,4947600
2019-12-11,0.0,114.0591812133789,0.0,114.37748540698905,113.63477147066439,113.69190905978303,0.0,6256700
2019-12-12,0.0,112.18205261230469,0.0,113.67563839804535,111.49647592650183,113.60218642178985,0.0,14857000
2019-12-13,0.0,113.4797134399414,0.0,113.94493403066667,112.0024549949304,112.7288422257697,0.0,11335100
2019-12-16,0.0,112.45953369140625,0.0,113.00637599724423,112.1657133652474,112.95739556479467,0.0,9156600
2019-12-17,0.0,112.30447387695312,0.0,112.90842889337259,111.98616955773782,112.80233575610606,0.0,6179700
2019-12-18,0.0,111.38214874267578,0.0,112.18198774696666,111.22707524666285,112.05956785732587,0.0,6244700
2019-12-19,0.0,111.56037139892578,0.218,111.87918488441971,110.97996096449884,111.1761586761986,0.0,6591100
2019-12-20,0.0,111.70752716064453,0.0,111.74023302100413,111.11894641048131,111.28245076501739,0.0,5455700
2019-12-23,0.0,111.54407501220703,0.0,111.96916403288361,111.1762150307295,111.83836549211615,0.0,5175000
2019-12-24,0.0,111.86280822753906,0.0,112.04265297337325,111.0862127197786,111.11073586933541,0.0,4667400
2019-12-26,0.0,112.13263702392578,0.0,112.17351312021282,111.5931024896567,111.92009878631976,0.0,5290200
2019-12-27,0.0,112.25525665283203,0.0,112.50867096717539,112.23072101804598,112.35334929744693,0.0,7300500
2019-12-30,0.0,111.84648895263672,0.0,111.91187571475015,110.89821874481771,111.08623375155861,0.0,7979700
2019-12-31,0.0,110.75110626220703,0.0,111.5522378263328,110.66936654402879,111.34786982043742,0.0,10707400
2020-01-02,0.0,112.00180053710938,0.0,112.42688934185134,111.72386313439037,111.82195575331966,0.0,11034100
2020-01-03,0.0,113.7266616821289,0.0,113.75936753615724,112.71300473256446,113.03181820438368,0.0,12366000
2020-01-06,0.0,113.08087921142578,0.0,114.20899432310696,112.93372779642685,114.19264139396705,0.0,11369800
2020-01-07,0.0,112.5250015258789,0.0,113.19533446812616,112.5168312974239,112.99096649406998,0.0,8381200
2020-01-08,0.0,111.78115844726562,0.0,113.06458337615754,111.43782160373459,112.75393993378528,0.0,10621700
2020-01-09,0.0,112.17352294921875,0.0,112.3533678097337,111.10263649028344,111.17620598586655,0.0,7411500
2020-01-10,0.0,113.17082214355469,0.0,113.19534530489865,112.50867184000262,112.54136523058376,0.0,8776000
2020-01-13,0.0,112.82750701904297,0.0,112.88472358192581,112.31249558492333,112.71306141964247,0.0,5966900
2020-01-14,0.0,113.40789031982422,0.0,113.48147228189544,112.925584819664,112.95827821220317,0.0,13920300
2020-01-15,0.0,114.1599349975586,0.0,114.24985739695903,113.64493623156537,114.05367214272545,0.0,6290500
2020-01-16,0.0,113.80030822753906,0.0,114.06189284013888,113.41609530315303,113.8411718578322,0.0,6798600
2020-01-17,0.0,112.82750701904297,0.0,112.92559968320488,112.28797241888286,112.46781728560289,0.0,9693100
2020-01-21,0.0,114.01277923583984,0.0,114.15991815480666,113.44055153936621,113.47324491903831,0.0,6794900
2020-01-22,0.0,114.41337585449219,0.0,114.5605148133186,114.11090276085183,114.21717810242534,0.0,6317000
2020-01-23,0.0,115.21455383300781,0.0,115.57424365913175,115.08375526466493,115.1409843159292,0.0,9747400
2020-01-24,0.0,116.14640045166016,0.0,116.53061321411117,115.5087734147479,115.60686604392507,0.0,8585000
2020-01-27,0.0,117.95304870605469,0.0,117.95304870605469,117.30725120870575,117.67511117421513,0.0,10935200
2020-01-28,0.0,117.02928161621094,0.0,117.78952450508301,116.7513441605135,117.65872600582605,0.0,10612900
2020-01-29,0.0,118.17378997802734,0.0,118.28823559748483,117.25004231649667,117.25822502236743,0.0,9566800
2020-01-30,0.0,118.19007873535156,0.0,119.0811200368109,117.95300491930406,118.45166323479026,0.0,14711800
2020-01-31,0.0,119.26915740966797,0.0,119.3427393681477,118.60700709877825,118.6724063542977,0.0,14538100
2020-02-03,0.0,119.17255401611328,0.242,119.35269767811214,118.00981651234879,118.68944714727931,0.0,15309000
2020-02-04,0.0,117.56759643554688,0.0,118.0261391722374,117.14180139675462,117.90331968717832,0.0,11388300
2020-02-05,0.0,116.28202819824219,0.0,116.8470228215227,116.19195641055468,116.51949586321497,0.0,10782600
2020-02-06,0.0,116.80608367919922,0.0,116.994423557683,116.27384922625689,116.42123261531054,0.0,6683100
2020-02-07,0.0,118.2635726928711,0.0,118.51742040611288,117.80503004011855,118.091625445264,0.0,11374800
2020-02-10,0.0,118.59120178222656,0.0,118.93510903191134,118.46836973239364,118.81228947643808,0.0,6699300
2020-02-11,0.0,117.9934310913086,0.0,118.50110179247608,117.86241526702126,118.39464987344805,0.0,7784100
2020-02-12,0.0,117.39572143554688,0.0,117.54311741840739,117.08457435059516,117.39572143554688,0.0,5595500
2020-02-13,0.0,117.84602355957031,0.0,118.07529498231544,117.31378900555957,117.4529886197723,0.0,7883400
2020-02-14,0.0,118.36193084716797,0.0,118.79590993772364,118.28004281355533,118.53387822565094,0.0,7137400
2020-02-18,0.0,119.17255401611328,0.0,119.59016545727363,118.66488323831207,119.0087904582121,0.0,6909200
2020-02-19,0.0,119.16438293457031,0.0,119.23807466934021,118.71402373148774,118.82865948369422,0.0,5707700
2020-02-20,0.0,120.09778594970703,0.0,120.31887353220068,119.54917138854775,119.61467928315155,0.0,9332900
2020-02-21,0.0,121.21957397460938,0.0,121.90740059242361,120.90023081054854,121.0230627932506,0.0,13860300
2020-02-24,0.0,123.02921295166016,0.0,123.61058777493785,122.82450544258917,123.5041358720274,0.0,15929300
2020-02-25,0.0,123.6843490600586,0.0,124.26571171603584,122.93921030920599,122.99653444128474,0.0,20802900
2020-02-26,0.0,123.02921295166016,0.0,124.2328941045459,122.48059832667249,122.78356144190401,0.0,22589500
2020-02-27,0.0,124.36397552490234,0.0,125.34656958800036,123.50420103430606,125.03541001184746,0.0,30687900
2020-02-28,0.0,127.17253112792969,0.0,127.72114592630227,126.23088128634488,126.46833657439677,0.0,44935200
2020-03-02,0.0,126.23686981201172,0.229,128.336168716767,126.0892562103416,127.35212391926402,0.0,28152400
2020-03-03,0.0,128.19671630859375,0.0,130.96024412116498,124.9411600220579,126.13021423586784,0.0,38608000
2020-03-04,0.0,126.83539581298828,0.0,129.03310623638842,126.44178070461761,128.26226778593013,0.0,23463700
2020-03-05,0.0,129.99264526367188,0.0,130.23865957879985,128.59037242640795,128.85279103262656,0.0,17786200
2020-03-06,0.0,136.75799560546875,0.0,138.85729479536502,134.57668745763803,137.192615554339,0.0,76288300
2020-03-09,0.0,140.46446228027344,0.0,147.36099265843745,139.68542780229416,146.86897680998786,0.0,41552800
2020-03-10,0.0,133.26454162597656,0.0,141.8093470328194,132.87092638522145,139.11142406162278,0.0,37728300
2020-03-11,0.0,128.36070251464844,0.0,136.9711119372164,127.62267242640628,135.65904454389477,0.0,29519300
2020-03-12,0.0,129.1561737060547,0.0,136.4217215020313,127.64730458456195,134.08460478222824,0.0,24361800
2020-03-13,0.0,126.23686981201172,0.0,129.73023322263023,124.80180083275074,127.10610959168615,0.0,19812900
2020-03-16,0.0,134.41261291503906,0.0,136.2494925049339,129.41036936154958,131.51787587086025,0.0,30496700
2020-03-17,0.0,125.44966125488281,0.0,135.82317026077004,125.22825956019325,134.07648181468082,0.0,18570900
2020-03-18,0.0,118.37273406982422,0.0,126.40091711661759,113.99371262239703,125.33486301873738,0.0,47061000
2020-03-19,0.0,121.59539794921875,0.0,125.83499863660028,119.11068045267605,120.50474443389876,0.0,21175300
2020-03-20,0.0,130.73887634277344,0.0,130.73887634277344,124.7361944043851,125.71204329845737,0.0,20863100
2020-03-23,0.0,136.12652587890625,0.0,136.69235500659659,128.39356116795665,129.1561917224562,0.0,19971800
2020-03-24,0.0,133.5925750732422,0.0,135.6754689172999,131.54247728811282,132.23130714084337,0.0,11948600
2020-03-25,0.0,133.28915405273438,0.0,136.68411553432904,132.5347195582471,134.15019763771357,0.0,10750600
2020-03-26,0.0,133.94517517089844,0.0,135.86406354120086,133.06773989571346,134.48640394594872,0.0,10576200
2020-03-27,0.0,137.5206298828125,0.0,137.97165413738387,134.97030638457488,135.73294967190657,0.0,12550000
2020-03-30,0.0,136.38893127441406,0.0,139.49687446266324,136.07731236169465,138.01260545259356,0.0,13473200
2020-03-31,0.0,135.28182983398438,0.0,136.88090332235737,134.94561085333112,135.88045477828777,0.0,11464800
2020-04-01,0.0,137.1772918701172,0.238,138.7540534419385,136.6517088564726,138.35985678353944,0.0,11334700
2020-04-02,0.0,138.04771423339844,0.0,138.96748080250308,137.35787677569027,138.6472040485556,0.0,5771200
2020-04-03,0.0,138.3762969970703,0.0,139.87913899635345,138.0806557426066,138.41736071897418,0.0,6570800
2020-04-06,0.0,138.01495361328125,0.0,138.1874162295725,136.75848143893523,137.14445786173573,0.0,9434800
2020-04-07,0.0,136.5695343017578,0.0,136.6680771578736,134.44256745137903,135.469097305525,0.0,13811400
2020-04-08,0.0,135.5758819580078,0.0,136.47923346901086,134.78751384920983,135.59230994844927,0.0,10147100
2020-04-09,0.0,135.82225036621094,0.0,136.15073498652504,134.5000790934864,134.91069113432152,0.0,14259100
2020-04-13,0.0,134.58224487304688,0.0,136.08508687455426,134.58224487304688,135.29670601785466,0.0,8750300
2020-04-14,0.0,134.54931640625,0.0,135.28842541081607,134.25367531059996,134.54931640625,0.0,9019100
2020-04-15,0.0,138.11343383789062,0.0,138.4583589139325,136.93088191058013,136.98015334119108,0.0,10027800
2020-04-16,0.0,139.6819610595703,0.0,139.8708515665213,138.8032580597743,139.00034376319246,0.0,8265400
2020-04-17,0.0,137.80960083007812,0.0,140.29790860890833,137.3661453727422,139.46026913050892,0.0,8612100
2020-04-20,0.0,138.91830444335938,0.0,139.02505508047,137.93283779770957,138.32702194979183,0.0,6462600
2020-04-21,0.0,140.66749572753906,0.0,141.3737490810565,140.24867587277046,141.19307874428083,0.0,7850700
2020-04-22,0.0,139.23031616210938,0.0,139.92836159810554,138.54871124620132,139.58344901012947,0.0,6230200
2020-04-23,0.0,139.9694366455078,0.0,140.37182843197147,139.28781914349327,139.5013328969049,0.0,5968600
2020-04-24,0.0,140.2979278564453,0.0,140.2979278564453,139.2549822299059,139.28782568163194,0.0,6211800
2020-04-27,0.0,137.6864471435547,0.0,139.4028026488733,137.50577682395416,139.32889548109662,0.0,9039500
2020-04-28,0.0,139.27133178710938,0.0,139.48485798038848,138.33513721985142,138.41726460663259,0.0,9905400
2020-04-29,0.0,138.5487518310547,0.0,139.82163942232486,137.9328336297738,139.22214921506009,0.0,8619600
2020-04-30,0.0,136.93093872070312,0.0,138.9757791247196,136.90630299517673,138.57338725386353,0.0,11606100
2020-05-01,0.0,138.1034698486328,0.216,138.23503913310623,136.86181766265102,137.7334422147967,0.0,10209400
2020-05-04,0.0,137.45387268066406,0.0,137.88145405249193,136.89470947168732,137.7827833585529,0.0,8300900
2020-05-05,0.0,136.5740203857422,0.0,136.72203897727485,135.8997497160487,136.14643900384422,0.0,7831800
2020-05-06,0.0,134.3703155517578,0.0,134.5594386029321,133.25200145183655,134.222296933387,0.0,14721500
2020-05-07,0.0,136.61514282226562,0.0,136.80426584671304,134.31273028931778,134.49363493779404,0.0,9164800
2020-05-08,0.0,134.8389892578125,0.0,136.00663850063032,134.59229997053814,135.25836481032047,0.0,8129800
2020-05-11,0.0,133.78640747070312,0.0,135.03629016748866,133.2930416370405,134.57581037055016,0.0,8713500
2020-05-12,0.0,135.15975952148438,0.0,135.6202397648414,134.14012828180694,134.1647959700478,0.0,10057300
2020-05-13,0.0,136.10533142089844,0.0,136.73848516178253,135.5379497839681,135.75174048966593,0.0,13305600
2020-05-14,0.0,137.43740844726562,0.0,138.26791597432322,137.3634054348533,137.58542701922704,0.0,10080000
2020-05-15,0.0,137.0838165283203,0.0,138.54749007072843,136.7713426662999,138.39125313971823,0.0,7225600
2020-05-18,0.0,134.07424926757812,0.0,135.7270459525953,133.5562030847076,135.6201443473333,0.0,10073100
2020-05-19,0.0,134.57589721679688,0.0,134.60878327474347,133.60558912096184,133.63848772604996,0.0,8639100
2020-05-20,0.0,134.9788360595703,0.0,135.43109785984973,133.9345372764587,134.17299574543668,0.0,10927300
2020-05-21,0.0,135.31594848632812,0.0,135.9737825489594,135.09392682392257,135.5626378282075,0.0,8920000
2020-05-22,0.0,136.1300048828125,0.0,136.23689396663508,135.35705088353964,135.44750321424476,0.0,4956700
2020-05-26,0.0,134.3045196533203,0.0,134.68276572401345,134.01671336493845,134.61699361817608,0.0,8098900
2020-05-27,0.0,134.05780029296875,0.0,134.78141876638003,133.69599105626313,133.86044637827382,0.0,8047400
2020-05-28,0.0,133.56448364257812,0.0,133.67961622316182,132.9313297322235,133.17801910306656,0.0,10272600
2020-05-29,0.0,134.518310546875,0.0,134.9294552181819,133.4986797922033,133.79470445742982,0.0,14632700
2020-06-01,0.0,133.6126251220703,0.21,133.7443635339781,133.1103834195301,133.4644288311239,0.0,13341400
2020-06-02,0.0,133.1268310546875,0.0,133.45616446476942,132.76455676563882,133.11036061520412,0.0,11517100
2020-06-03,0.0,131.3566131591797,0.0,132.0070635239458,130.8626131052343,131.8835540880124,0.0,12255700
2020-06-04,0.0,129.45474243164062,0.0,130.92029792209436,129.42181410564683,130.84619976615716,0.0,14038600
2020-06-05,0.0,128.53253173828125,0.0,128.57370154682616,126.10366379327255,127.29751286150446,0.0,17778500
2020-06-08,0.0,129.02655029296875,0.0,129.1418182242786,127.65979299082186,127.67626342765534,0.0,10346700
2020-06-09,0.0,130.49217224121094,0.0,131.43901555255687,130.3357344189452,130.95324420371918,0.0,9095300
2020-06-10,0.0,132.427001953125,0.0,132.4764007158083,130.9532177589199,131.10965554959444,0.0,13135500
2020-06-11,0.0,134.92999267578125,0.0,135.2181563364384,133.90080982357586,134.4112804980242,0.0,17086400
2020-06-12,0.0,133.6290740966797,0.0,134.7488252914732,133.42323757236665,133.71964266990798,0.0,9716100
2020-06-15,0.0,133.70321655273438,0.0,135.20994191777555,133.49737996018672,134.93823610802042,0.0,7759800
2020-06-16,0.0,131.65309143066406,0.0,132.7481437092786,130.66507821006493,131.2496597134117,0.0,13698900
2020-06-17,0.0,132.19644165039062,0.0,132.36934985117583,131.1919584501014,131.95767682034463,0.0,7113900
2020-06-18,0.0,133.59613037109375,0.0,133.77726751369124,133.0609604445874,133.41499322849623,0.0,7691400
2020-06-19,0.0,133.70321655273438,0.0,133.7937851559861,132.48466744256737,132.55876560070007,0.0,8565500
2020-06-22,0.0,133.7196807861328,0.0,134.5512560586193,133.43974604845633,134.36188991998733,0.0,9319700
2020-06-23,0.0,132.80575561523438,0.0,133.43149425648778,132.65754675401274,132.95395191318897,0.0,9088600
2020-06-24,0.0,134.23008728027344,0.0,134.2794860264364,132.98683943654555,132.99506837315204,0.0,11436500
2020-06-25,0.0,134.6171417236328,0.0,135.31699121661703,134.53480205506895,135.20172321858934,0.0,10968000
2020-06-26,0.0,136.05795288085938,0.0,136.1155931424017,135.17696645967493,135.23460672121726,0.0,12119300
2020-06-29,0.0,135.62979125976562,0.0,136.0744051620654,135.34162768030677,135.72860132875653,0.0,7274400
2020-06-30,0.0,134.97113037109375,0.0,136.09088165448196,134.60062711066894,136.0414828948607,0.0,14841700
2020-07-01,0.0,134.7090606689453,0.192,134.82446384166025,133.66218094488673,134.2062298639725,0.0,13181000
2020-07-02,0.0,134.8491668701172,0.0,134.97282118923417,133.73635346606494,134.11552985749012,0.0,7599800
2020-07-06,0.0,134.2968292236328,0.0,134.3792654055387,133.33238626971212,133.81048845317625,0.0,7972700
2020-07-07,0.0,136.1845245361328,0.0,136.29167649075336,134.5276501754973,134.7089997331589,0.0,12791900
2020-07-08,0.0,135.64048767089844,0.0,135.9454789635171,135.0469822628852,135.450899508838,0.0,7253900
2020-07-09,0.0,137.80018615722656,0.0,138.0309924282891,135.68171161683145,135.7311683066308,0.0,13373100
2020-07-10,0.0,137.10775756835938,0.0,138.6574674875705,136.96762609791972,138.44313840972362,0.0,8478000
2020-07-13,0.0,137.5611114501953,0.0,137.62705788161867,136.20098988583052,136.4235575196349,0.0,8054000
2020-07-14,0.0,137.75897216796875,0.0,138.5997736536475,137.64356902899314,138.42666265618467,0.0,11344600
2020-07-15,0.0,137.1160125732422,0.0,137.61884324055052,136.69561811159056,136.7698031498822,0.0,7840300
2020-07-16,0.0,137.76724243164062,0.0,138.29480150837026,137.69304480644385,137.9897975732293,0.0,9107400
2020-07-17,0.0,137.4787139892578,0.0,137.98978325424414,137.22317935676463,137.88263127874654,0.0,8549900
2020-07-20,0.0,137.81668090820312,0.0,138.17112891661068,137.4951998348572,138.08045412269266,0.0,6907200
2020-07-21,0.0,137.8990936279297,0.0,138.25355418630056,137.72599522104917,137.90734479454164,0.0,8454400
2020-07-22,0.0,138.31121826171875,0.0,138.86351802421783,138.22879466017795,138.69864566514613,0.0,6592100
2020-07-23,0.0,139.9269561767578,0.0,140.03412075725896,138.88007645848427,139.2427757358705,0.0,10471800
2020-07-24,0.0,139.9186248779297,0.0,140.0669948960067,139.2014653899086,139.3168684855221,0.0,7520700
2020-07-27,0.0,139.3993377685547,0.0,140.38027060325564,139.30042439967627,140.33905250689062,0.0,6146400
2020-07-28,0.0,140.36373901367188,0.0,140.4131956833705,139.66306931829246,139.75374407207104,0.0,8520700
2020-07-29,0.0,140.124755859375,0.0,140.45447552099574,139.29219296008455,140.17421255081823,0.0,6733700
2020-07-30,0.0,141.0480194091797,0.0,141.1716611714795,140.75126660165785,140.99856270425977,0.0,9376100
2020-07-31,0.0,140.9573516845703,0.0,141.33654073804306,140.08358297900608,140.25668145493708,0.0,8886000
2020-08-03,0.0,140.24766540527344,0.19,140.28068161664334,139.43894451464374,139.66175986940735,0.0,9066200
2020-08-04,0.0,141.58447265625,0.0,141.59272040888402,140.88302333070774,140.97379897763687,0.0,9878900
2020-08-05,0.0,140.34657287597656,0.0,140.75092665486557,140.03298211521886,140.3383125347038,0.0,6954100
2020-08-06,0.0,141.13064575195312,0.0,142.14567374261543,140.80054664670172,141.42772865068275,0.0,9481800
2020-08-07,0.0,140.18983459472656,0.0,141.52670085911973,139.94226350339738,141.34514956494428,0.0,8176900
2020-08-10,0.0,139.5626678466797,0.0,140.4951802679094,139.52141648700663,140.4704244153095,0.0,6408500
2020-08-11,0.0,137.90396118164062,0.0,138.21755210029784,136.88893346071066,137.9534728862728,0.0,19234200
2020-08-12,0.0,136.64959716796875,0.0,137.0457159515219,136.15446757651048,136.74037281520108,0.0,11744800
2020-08-13,0.0,135.18893432617188,0.0,136.64133190376552,134.65252826418362,136.41851669057078,0.0,12744700
2020-08-14,0.0,134.66082763671875,0.0,135.46130056876527,134.64433212718626,135.18072580280867,0.0,6398100
2020-08-17,0.0,134.99908447265625,0.0,135.7170416024795,134.86704493246074,135.31267523262466,0.0,6901500
2020-08-18,0.0,135.9646759033203,0.0,136.0554515638827,135.4117741860731,135.6345894605428,0.0,8140600
2020-08-19,0.0,135.11474609375,0.0,136.66618070576163,134.75990365359604,136.46812120465512,0.0,12497700
2020-08-20,0.0,136.3359832763672,0.0,136.69907317851218,136.10490775029598,136.48451833742848,0.0,10319900
2020-08-21,0.0,137.15304565429688,0.0,137.26032944464026,136.17102121282986,136.79820325853674,0.0,6836000
2020-08-24,0.0,136.93020629882812,0.0,137.78845128704407,136.8724468316937,137.25205761340308,0.0,6490600
2020-08-25,0.0,135.8821258544922,0.0,136.23696806017387,135.1971846984221,135.62630703793332,0.0,10518300
2020-08-26,0.0,135.36228942871094,0.0,135.6098606060794,134.74336778128637,135.37879753173368,0.0,8276600
2020-08-27,0.0,133.0598602294922,0.0,136.01418004487857,132.99384043232286,135.96465575301,0.0,19860100
2020-08-28,0.0,132.9608154296875,0.0,133.7282845029494,132.56470926490056,133.49722152415802,0.0,8415400
2020-08-31,0.0,133.8438262939453,0.0,134.71856657983736,133.3239282556556,133.35694445058863,0.0,11388100
2020-09-01,0.0,135.3747100830078,0.183,135.54820939888333,133.16059256920806,133.63976734910662,0.0,10587000
2020-09-02,0.0,136.66354370117188,0.0,136.77920573065526,135.0690591085642,135.08557325119344,0.0,15167700
2020-09-03,0.0,137.0518035888672,0.0,138.1671256216813,136.68003377999995,136.93614159041488,0.0,16416600
2020-09-04,0.0,134.44943237304688,0.0,136.06870071332196,134.209838647276,135.82911959376628,0.0,13780300
2020-09-08,0.0,135.2755889892578,0.0,136.5313444685762,135.2755889892578,135.7960617789723,0.0,13790400
2020-09-09,0.0,134.9120635986328,0.0,135.69691385156963,134.46592969909324,135.4408060159368,0.0,9558900
2020-09-10,0.0,135.5977783203125,0.0,135.77953470773477,133.79674119209548,134.2180912748533,0.0,8847700
2020-09-11,0.0,135.88687133789062,0.0,135.96123536132598,135.5564121905208,135.74642556994803,0.0,5458200
2020-09-14,0.0,135.87863159179688,0.0,136.38259004981077,135.68034851437483,136.14299642214957,0.0,4274900
2020-09-15,0.0,135.54818725585938,0.0,135.87864648156494,135.3168506704118,135.63079575918007,0.0,6928500
2020-09-16,0.0,135.14337158203125,0.0,136.2256401041666,134.64767010941088,136.13476192105992,0.0,8815200
2020-09-17,0.0,135.55650329589844,0.0,136.2835290361846,135.32517921602863,136.23394878516947,0.0,7813900
2020-09-18,0.0,135.1350860595703,0.0,135.68861211059453,134.94506005822345,135.63077482160824,0.0,7246300
2020-09-21,0.0,135.82083129882812,0.0,136.64699210382395,135.60603402776604,136.22565463151292,0.0,11086900
2020-09-22,0.0,135.71343994140625,0.0,136.21739854032282,135.38296805330563,135.8538857665189,0.0,10524100
2020-09-23,0.0,135.8951873779297,0.0,135.9282282614568,135.06075694587008,135.73821481719716,0.0,6224800
2020-09-24,0.0,136.4156951904297,0.0,136.4156951904297,136.0026147058596,136.2835190160914,0.0,8278100
2020-09-25,0.0,136.4156951904297,0.0,136.6635460024149,136.07697877380636,136.40743811897602,0.0,5140300
2020-09-28,0.0,136.02731323242188,0.0,136.23385334519884,135.79598931460833,136.20906954016226,0.0,4470100
2020-09-29,0.0,136.184326171875,0.0,136.51479801416883,135.9530021853752,136.1512852907515,0.0,10297600
2020-09-30,0.0,134.87901306152344,0.0,135.49037661619937,134.29244592955502,135.49037661619937,0.0,12971000
2020-10-01,0.0,135.10147094726562,0.169,135.41574138337788,134.0594342759691,134.3985015883647,0.0,11523900
2020-10-02,0.0,134.59690856933594,0.0,135.35776208349563,134.12550320096898,135.30814312246073,0.0,8828800
2020-10-05,0.0,131.96705627441406,0.0,133.10833069951067,131.92570291700142,133.10833069951067,0.0,14726000
2020-10-06,0.0,132.67837524414062,0.0,133.48886125874887,131.23109501427436,131.76866381407967,0.0,22419400
2020-10-07,0.0,131.71072387695312,0.0,132.67006663286278,131.379922122153,131.95883150269225,0.0,9429200
2020-10-08,0.0,132.4219207763672,0.0,132.529436994312,132.04150013010386,132.29787330894968,0.0,8431500
2020-10-09,0.0,132.39707946777344,0.0,132.5459490121754,131.33849926927348,131.9256865855885,0.0,8441500
2020-10-12,0.0,132.8189697265625,0.0,132.88511999877005,132.41372674842427,132.6783656950981,0.0,3962000
2020-10-13,0.0,133.77001953125,0.0,133.8361824153472,133.29861371428743,133.3234358376937,0.0,7914300
2020-10-14,0.0,134.07595825195312,0.0,134.59698286896867,133.9519107808898,134.24963733071658,0.0,6954800
2020-10-15,0.0,133.84437561035156,0.0,134.96085316895187,133.67897479925932,134.83679309617796,0.0,9458800
2020-10-16,0.0,133.4722442626953,0.0,134.24137646839986,133.2324149370392,133.69554233780633,0.0,8416300
2020-10-19,0.0,132.96780395507812,0.0,133.1332048457821,132.364085025333,132.73624018423672,0.0,9286600
2020-10-20,0.0,131.70237731933594,0.0,132.33090531493988,131.45426984605768,132.2068578879359,0.0,11189000
2020-10-21,0.0,131.24757385253906,0.0,131.80167363735754,130.97465677298203,131.32200234170665,0.0,10453700
2020-10-22,0.0,129.88294982910156,0.0,131.1896374735783,129.81678699174276,130.9084422599857,0.0,12664900
2020-10-23,0.0,130.67694091796875,0.0,130.84235439983533,129.63490412630466,129.68452312315387,0.0,8783800
2020-10-26,0.0,131.8926239013672,0.0,132.33922000010665,131.50392503068696,131.66933847127123,0.0,7227300
2020-10-27,0.0,132.777587890625,0.0,132.901635398535,132.2400192446985,132.512936381379,0.0,6062300
2020-10-28,0.0,132.90159606933594,0.0,133.5301369081536,132.48808767296632,133.46397405042148,0.0,11765800
2020-10-29,0.0,131.61141967773438,0.0,133.00907973444782,131.05732007653688,132.92637302770777,0.0,11932400
2020-10-30,0.0,130.3130645751953,0.0,131.78515371074383,130.3130645751953,131.52050223414872,0.0,13095400
2020-11-02,0.0,131.28912353515625,0.169,131.7941458870559,131.08214736852236,131.38846805263728,0.0,10810500
2020-11-03,0.0,130.5274658203125,0.0,130.79238877104805,130.01415628537197,130.68476974394795,0.0,16228700
2020-11-04,0.0,133.35885620117188,0.0,134.26126905957884,132.91178070408333,133.82248069236005,0.0,21570800
2020-11-05,0.0,133.5906982421875,0.0,133.90530605972802,132.94493360931577,133.82251053948386,0.0,18537500
2020-11-06,0.0,131.97633361816406,0.0,132.3985606028662,131.58721727364696,132.15018658658315,0.0,12408400
2020-11-09,0.0,129.20285034179688,0.0,129.2773587588012,128.01895227330266,129.12834192479252,0.0,23245000
2020-11-10,0.0,128.457763671875,0.0,128.9958969560465,128.14315567833054,128.29218517157835,0.0,12561000
2020-11-11,0.0,128.9213409423828,0.0,129.10348101533214,128.30041232082604,128.3418100888282,0.0,5888200
2020-11-12,0.0,131.1152801513672,0.0,131.140116284934,129.74096777364494,129.93138234193225,0.0,15999700
2020-11-13,0.0,130.94139099121094,0.0,131.222875515645,130.7344148468645,131.10696938012384,0.0,7344600
2020-11-16,0.0,130.6267852783203,0.0,131.04073757356986,130.48604301387405,130.58538752223106,0.0,6310400
2020-11-17,0.0,131.4795379638672,0.0,131.769309650047,131.29739792675232,131.4464273356748,0.0,7444600
2020-11-18,0.0,131.86041259765625,0.0,132.10878658600416,131.0987416307949,132.0011549100607,0.0,10333300
2020-11-19,0.0,132.5392303466797,0.0,133.0608142319487,132.33225421859774,132.43988584770287,0.0,10637200
2020-11-20,0.0,133.71485900878906,0.0,133.73969513460509,132.78760995746845,132.90351608888352,0.0,7246800
2020-11-23,0.0,133.10223388671875,0.0,133.2843739200285,132.69655606110663,133.1436316457114,0.0,11300000
2020-11-24,0.0,131.77761840820312,0.0,132.48134261026559,131.64515059534943,132.45650647445876,0.0,10891700
2020-11-25,0.0,131.3719482421875,0.0,132.3902804018277,131.32227596763465,131.84386011609297,0.0,9145800
2020-11-27,0.0,132.64695739746094,0.0,132.68835517942154,132.11709863372172,132.14193477633222,0.0,4708200
2020-11-30,0.0,132.4813690185547,0.0,132.9035960442616,132.26610562155128,132.48964352119773,0.0,13071600
2020-12-01,0.0,130.52796936035156,0.163,131.55562268745243,129.84838910072688,131.39815835189518,0.0,13662800
2020-12-02,0.0,129.49209594726562,0.0,130.05563947888612,128.853955357638,130.01421212475302,0.0,12114300
2020-12-03,0.0,130.53627014160156,0.0,130.79319299277648,129.76553952520106,130.06388971606438,0.0,9626500
2020-12-04,0.0,128.62185668945312,0.0,129.11081561929626,128.26550064944433,129.02794829743047,0.0,12734500
2020-12-07,0.0,129.78208923339844,0.0,130.01413792524795,129.43400354991886,129.57490199812526,0.0,9316100
2020-12-08,0.0,130.3953399658203,0.0,131.00033572631733,130.27931563359004,130.58596130468015,0.0,7397200
2020-12-09,0.0,129.9644012451172,0.0,130.37877567176935,129.29310405154942,129.74063551392794,0.0,7750100
2020-12-10,0.0,131.11634826660156,0.0,131.1826370398825,129.9726709191143,130.3124609492667,0.0,10025100
2020-12-11,0.0,131.58047485351562,0.0,132.09429515792525,131.20754035367943,131.48101638004198,0.0,8135900
2020-12-14,0.0,131.21580505371094,0.0,131.51415514125475,130.20473045957377,130.5196590646766,0.0,7535900
2020-12-15,0.0,130.776611328125,0.0,131.26557026521724,130.37051971412708,130.760032805223,0.0,6847500
2020-12-16,0.0,130.42852783203125,0.0,130.85118528955618,129.60806173079328,129.76552607154966,0.0,9954200
2020-12-17,0.0,130.08334350585938,0.164,131.46050436297926,129.7763780345449,131.186730506403,0.0,9422700
2020-12-18,0.0,129.6934814453125,0.0,130.5645781619737,129.5690318235623,130.3488705478324,0.0,6505000
2020-12-21,0.0,130.2078094482422,0.0,130.53135814018017,129.79300278376297,130.4152127804818,0.0,8988200
2020-12-22,0.0,130.87977600097656,0.0,130.93785500218863,130.31564509208067,130.7138558900597,0.0,7370800
2020-12-23,0.0,129.9755096435547,0.0,129.99210545346435,128.9716846746635,129.93402644822748,0.0,9266600
2020-12-24,0.0,130.4899139404297,0.0,130.6060593348395,130.1248946000692,130.16636515179525,0.0,3117100
2020-12-28,0.0,130.5479278564453,0.0,130.62259000299284,129.50261982810312,129.73491050106804,0.0,7791100
2020-12-29,0.0,130.38214111328125,0.0,130.4899823267437,129.7184473721587,129.74333477979658,0.0,9030900
2020-12-30,0.0,130.66409301757812,0.0,130.68898040353662,129.9838040443285,130.099962057327,0.0,9097300
2020-12-31,0.0,130.85496520996094,0.0,131.14533506819592,130.6226743869331,130.63097862562012,0.0,7742100
2021-01-04,0.0,130.69723510742188,0.0,131.22818695623633,129.86762205246865,129.97547580045756,0.0,13152900
2021-01-05,0.0,129.72665405273438,0.0,130.207831383659,129.1376355789262,130.207831383659,0.0,10458100
2021-01-06,0.0,127.06365203857422,0.0,127.6360875832614,126.34187942797207,127.61120018209256,0.0,22827300
2021-01-07,0.0,125.94367218017578,0.0,126.24233366218576,125.4873820467019,125.92707635925792,0.0,14651900
2021-01-08,0.0,125.53713989257812,0.0,126.06809210656604,124.98959186158766,125.66986845190061,0.0,13622500
2021-01-11,0.0,125.32974243164062,0.0,125.44588783836963,124.84856498693475,125.27166339882616,0.0,8370700
2021-01-12,0.0,125.23017120361328,0.0,125.40439563066322,124.38396178161179,125.09742998861324,0.0,12186300
2021-01-13,0.0,126.64054107666016,0.0,126.98899001131136,125.74456931553455,125.8192315191447,0.0,12533300
2021-01-14,0.0,125.45419311523438,0.0,126.6322431289369,125.09745261775261,126.58246832903278,0.0,14835500
2021-01-15,0.0,125.9519271850586,0.0,126.3999129035033,125.66155739756292,126.25888012808743,0.0,11624700
2021-01-19,0.0,126.35838317871094,0.0,126.39986637006669,125.69469009369683,125.78594805112243,0.0,9575600
2021-01-20,0.0,126.48286437988281,0.0,126.49944753345758,125.92701226273135,126.09294506964598,0.0,5368900
2021-01-21,0.0,125.59526824951172,0.0,125.89392980846132,125.3546857492855,125.6367514830419,0.0,8162700
2021-01-22,0.0,126.00170135498047,0.0,126.10954250100943,125.62007357832414,125.97681396290476,0.0,9507200
2021-01-25,0.0,127.4867172241211,0.0,127.50331304020028,126.63221625007249,126.73176582875043,0.0,8712600
2021-01-26,0.0,127.24608612060547,0.0,127.42860205087693,126.86445845033957,127.01379542005884,0.0,7690300
2021-01-27,0.0,127.56967163085938,0.0,128.1752859422766,127.37055983335763,127.81855821301222,0.0,7895200
2021-01-28,0.0,126.86449432373047,0.0,127.31249270067474,126.23399262380217,127.26270525742744,0.0,10667800
2021-01-29,0.0,126.10122680664062,0.0,126.50774189762735,125.52050000444166,125.6200495537058,0.0,14965900
2021-02-01,0.0,126.2474136352539,0.176,126.54642117449073,125.82382490198927,125.96502114641082,0.0,8165500
2021-02-02,0.0,125.43345642089844,0.0,125.49159008823065,125.01816886669272,125.20089640442886,0.0,9177500
2021-02-03,0.0,124.32051086425781,0.0,125.07633746565828,124.23746093436449,124.94344236954028,0.0,9633100
2021-02-04,0.0,123.9883041381836,0.0,124.16273056183678,123.5896314644309,123.88863913813935,0.0,8262600
2021-02-05,0.0,122.95011138916016,0.0,124.22920497626951,122.94181019522048,123.83883341026925,0.0,10258900
2021-02-08,0.0,123.48990631103516,0.0,123.97164141532294,122.95833872588503,123.17429637438319,0.0,11574800
2021-02-09,0.0,123.58129119873047,0.0,124.3122015057833,123.47332502960536,123.93844516188514,0.0,5218300
2021-02-10,0.0,124.4035873413086,0.0,124.4035873413086,123.87201957112967,123.98829962480708,0.0,8079800
2021-02-11,0.0,123.72254180908203,0.0,124.41190837567571,123.54811536395887,124.32054455653069,0.0,11962700
2021-02-12,0.0,122.18596649169922,0.0,122.99162576814545,122.11951892859702,122.67600301180414,0.0,14088400
2021-02-16,0.0,120.3254165649414,0.0,120.9815780232247,120.15100288261253,120.61612293358401,0.0,17789100
2021-02-17,0.0,121.08950805664062,0.0,121.57955687535095,120.41674442117836,121.22240308115757,0.0,11199100
2021-02-18,0.0,120.59949493408203,0.0,120.93173255879893,119.86859750684387,120.1094586953903,0.0,10755300
2021-02-19,0.0,118.99654388427734,0.0,119.86865060934946,118.64770372896353,119.65269288922057,0.0,12741700
2021-02-22,0.0,118.09113311767578,0.0,119.38684060658336,117.70907576113551,118.79712685161834,0.0,13203900
2021-02-23,0.0,117.75068664550781,0.0,118.35700318338993,117.22742004957385,117.5430427802738,0.0,12658500
2021-02-24,0.0,116.9781494140625,0.0,117.26054179867026,115.58278986171922,115.74060109828396,0.0,17363100
2021-02-25,0.0,115.06788635253906,0.0,116.21408422114624,113.46488224801773,115.88185919983191,0.0,52621700
2021-02-26,0.0,118.8719482421875,0.0,119.0214584057667,116.0147668131844,116.9201036390961,0.0,45423300
2021-03-01,0.0,117.30191802978516,0.172,117.5929742326428,116.49528960465388,116.96929324550969,0.0,22048000
2021-03-02,0.0,117.31025695800781,0.0,117.36014941317237,116.66161697439732,116.75309070514025,0.0,12482200
2021-03-03,0.0,116.03790283203125,0.0,116.54516379632204,115.38927572212765,115.90486055245577,0.0,19763700
2021-03-04,0.0,115.28948974609375,0.0,116.37053914861353,114.72402516900898,116.11275308030606,0.0,22366600
2021-03-05,0.0,115.51402282714844,0.0,115.87159379004699,114.74897577015616,114.89865309728006,0.0,20598000
2021-03-08,0.0,114.61595153808594,0.0,115.50572993965449,114.61595153808594,115.44752630421398,0.0,15236600
2021-03-09,0.0,116.20426940917969,0.0,116.27079691714921,115.56395324769473,115.81342823037424,0.0,14463400
2021-03-10,0.0,116.43708038330078,0.0,116.54517645414478,115.82171060425148,116.25413295409211,0.0,12387600
2021-03-11,0.0,115.59722137451172,0.0,115.90491271350048,115.13986533415908,115.73027640278654,0.0,14150700
2021-03-12,0.0,113.14404296875,0.0,113.47668043651609,112.803094322598,113.4267752997347,0.0,20402700
2021-03-15,0.0,113.80928039550781,0.0,114.00053896724921,113.43507442859841,113.50160190764308,0.0,11366500
2021-03-16,0.0,113.35194396972656,0.0,114.0255174384508,112.8862641735134,113.94236758274005,0.0,15567900
2021-03-17,0.0,112.50370025634766,0.0,112.70328268965963,111.55570590354897,112.38728034245375,0.0,27107500
2021-03-18,0.0,111.36444091796875,0.0,111.8218093707738,110.75739516541927,110.85718003191556,0.0,21615100
2021-03-19,0.0,112.05465698242188,0.0,112.12118446098809,111.26466379377901,111.49750362435124,0.0,18685000
2021-03-22,0.0,113.31037902832031,0.0,113.43512286309934,112.57027795506671,112.83638798486895,0.0,17047500
2021-03-23,0.0,114.33321380615234,0.0,114.37478239145202,113.21889402824297,113.58478893840814,0.0,16768400
2021-03-24,0.0,114.94856262207031,0.0,114.9901438931687,113.88414806382788,113.9756217847154,0.0,13863000
2021-03-25,0.0,114.04212951660156,0.0,115.30612634376548,114.00054825270942,115.08159766980408,0.0,20782000
2021-03-26,0.0,113.64295959472656,0.0,114.12527426533336,113.2770648315891,113.44337717242843,0.0,8433300
2021-03-29,0.0,112.67835235595703,0.0,113.80098308226422,112.23761885631245,113.78434803827177,0.0,13968100
2021-03-30,0.0,113.26878356933594,0.0,113.51824580206748,112.27088388312335,112.51204762652597,0.0,15020800
2021-03-31,0.0,112.63678741455078,0.0,113.58478203837949,112.24594630141922,113.37688836921686,0.0,19271300
2021-04-01,0.0,114.50623321533203,0.185,114.59783205211417,113.4986587169064,113.70683673630418,0.0,14885900
2021-04-05,0.0,114.00660705566406,0.0,114.05656774446645,113.1988753702195,113.7068302166725,0.0,8243000
2021-04-06,0.0,114.7810287475586,0.0,114.8976079291808,114.08987620430635,114.2147906385873,0.0,9282400
2021-04-07,0.0,113.98164367675781,0.0,114.99755352087598,113.98164367675781,114.456282997205,0.0,11052700
2021-04-08,0.0,114.92257690429688,0.0,114.97255029677157,114.38131919449856,114.40629953764761,0.0,7847900
2021-04-09,0.0,114.50623321533203,0.0,115.07248403530652,114.1564956674851,114.49791066878018,0.0,8717800
2021-04-12,0.0,114.45628356933594,0.0,114.52290206671364,114.16484193776007,114.46461882287014,0.0,7659000
2021-04-13,0.0,115.31390380859375,0.0,115.33888414118289,114.2480339308869,114.3313101769648,0.0,13232800
2021-04-14,0.0,114.94759368896484,0.0,115.11414630432904,114.55623062016468,114.93927114066888,0.0,7293200
2021-04-15,0.0,116.87114715576172,0.0,117.3957471333459,116.13003390237557,116.15501424863301,0.0,23896700
2021-04-16,0.0,115.96343231201172,0.0,116.35480784621724,115.688635913133,115.8302080903331,0.0,15238400
2021-04-19,0.0,115.6303939819336,0.0,116.00511185739954,115.37225528341654,115.53047260345663,0.0,13886800
2021-04-20,0.0,116.163330078125,0.0,116.37983063522954,115.2723220925391,115.28897989114019,0.0,11476500
2021-04-21,0.0,116.39647674560547,0.0,116.5047333663756,115.80525836949815,116.19662130099356,0.0,11902200
2021-04-22,0.0,116.9044189453125,0.0,116.9044189453125,115.9134897868189,116.5796618241921,0.0,14156400
2021-04-23,0.0,116.62966918945312,0.0,116.97108424237197,116.15502984067071,116.89614319353998,0.0,12302200
2021-04-26,0.0,116.46310424804688,0.0,117.00436198146956,116.45478170202612,116.70458514441991,0.0,9103500
2021-04-27,0.0,115.4471664428711,0.0,116.42977299960785,115.35556763424457,116.23824013218709,0.0,14137300
2021-04-28,0.0,115.52217102050781,0.0,115.6554080347611,114.88099171350336,115.45555251338118,0.0,15263700
2021-04-29,0.0,115.18067932128906,0.0,115.2139821959359,114.18975044377761,114.45621155946583,0.0,17178200
2021-04-30,0.0,115.4471664428711,0.0,115.52210745733625,114.89757359111194,115.33890984008319,0.0,15692000
2021-05-03,0.0,115.51641845703125,0.203,116.45875422251423,115.31626992883893,115.66652030956838,0.0,16447700
2021-05-04,0.0,116.30032348632812,0.0,116.88407415032343,116.0501409946701,116.3253404630129,0.0,18639700
2021-05-05,0.0,116.49211120605469,0.0,116.62554354963017,115.84997918680527,115.94171233241234,0.0,11127900
2021-05-06,0.0,116.68394470214844,0.0,116.90911025395994,116.08351171385921,116.12521092342611,0.0,21907600
2021-05-07,0.0,116.10848999023438,0.0,117.25098687242115,115.84163804262244,116.83402036537102,0.0,18346900
2021-05-10,0.0,114.9326400756836,0.0,116.1251580323094,114.82422472515165,115.87497561366989,0.0,15146200
2021-05-11,0.0,114.2822036743164,0.0,114.64913632966902,114.05705086519555,114.4406530232015,0.0,15158600
2021-05-12,0.0,113.0813217163086,0.0,114.08203878750972,112.8811732121452,113.97362342382021,0.0,20859400
2021-05-13,0.0,113.25643920898438,0.0,113.72343965513849,113.10633737620961,113.3565070975009,0.0,13073900
2021-05-14,0.0,114.31552124023438,0.0,114.31552124023438,113.59833845116188,113.85685560917535,0.0,17566700
2021-05-17,0.0,114.07365417480469,0.0,114.39055268868951,113.89020067839137,114.10701861037352,0.0,6113800
2021-05-18,0.0,113.78179931640625,0.0,113.89021465810691,113.47324823594172,113.74843487674202,0.0,11423100
2021-05-19,0.0,113.50665283203125,0.0,114.49903541509103,113.09802096700331,113.86523801424677,0.0,14296000
2021-05-20,0.0,114.4406509399414,0.0,114.65748171859963,113.97365037792517,114.04870131293256,0.0,13310500
2021-05-21,0.0,114.80756378173828,0.0,114.8325807557581,114.29886410198748,114.79922903200126,0.0,10171600
2021-05-24,0.0,115.23287963867188,0.0,115.56646054247278,114.99104461762528,115.0744430247781,0.0,6868700
2021-05-25,0.0,116.30032348632812,0.0,116.3336752136378,115.59980996472365,115.60815744015865,0.0,12346900
2021-05-26,0.0,116.10014343261719,0.0,116.6755591897908,115.81660929061492,116.40869454451338,0.0,9793700
2021-05-27,0.0,115.63314819335938,0.0,115.65816516437079,115.07441463275943,115.49971586476043,0.0,10695200
2021-05-28,0.0,115.44966125488281,0.0,116.1668439867027,115.36626288323669,115.56641134030443,0.0,10258000
2021-06-01,0.0,115.42378997802734,0.199,115.46553645249959,114.62205632679972,115.09808846977451,0.0,11778500
2021-06-02,0.0,115.69102478027344,0.0,115.90815486904945,115.51565390864155,115.70773101575588,0.0,7347900
2021-06-03,0.0,115.2568130493164,0.0,115.67437995619578,115.12320132389434,115.67437995619578,0.0,10994000
2021-06-04,0.0,116.83518981933594,0.0,116.83518981933594,115.68271407447786,115.68271407447786,0.0,15773700
2021-06-07,0.0,116.47610473632812,0.0,116.67654142317403,116.35083977150549,116.57631670818623,0.0,7799800
2021-06-08,0.0,117.29448699951172,0.0,117.4698706257469,117.0940631330998,117.4698706257469,0.0,11230900
2021-06-09,0.0,118.33006286621094,0.0,118.71421712451736,117.96260210217842,118.38851558242044,0.0,12768300
2021-06-10,0.0,119.03994750976562,0.0,119.05665375121283,117.48659837651628,117.61187607267759,0.0,19698300
2021-06-11,0.0,118.8478775024414,0.0,118.92303647879434,118.4553636350926,118.8478775024414,0.0,8646700
2021-06-14,0.0,117.9375228881836,0.0,118.67244425280114,117.76213929230983,118.67244425280114,0.0,9401300
2021-06-15,0.0,117.79557800292969,0.0,117.82897773461578,117.3195458103064,117.58679463629674,0.0,18207300
2021-06-16,0.0,117.69535064697266,0.0,118.31335398568706,117.09406628840945,118.08786438677267,0.0,19676300
2021-06-17,0.0,119.45752716064453,0.0,121.03592945384722,118.28834499646841,118.47207544271464,0.0,35225800
2021-06-18,0.0,121.7039566040039,0.0,121.96284585484132,120.35939165403309,120.49301602321408,0.0,26616900
2021-06-21,0.0,119.66620635986328,0.0,120.66837619118013,119.44072961662387,120.58485779086413,0.0,16485000
2021-06-22,0.0,119.95855712890625,0.0,119.99195685683524,118.68915083449681,118.73091005175104,0.0,14530200
2021-06-23,0.0,119.64961242675781,0.0,119.8416896155567,119.1819395793539,119.51598797231973,0.0,12040900
2021-06-24,0.0,119.84169006347656,0.0,120.17573845769093,119.69971885877898,119.7748778360078,0.0,8788400
2021-06-25,0.0,118.59735870361328,0.0,119.7581942968011,118.06287352566635,119.64127606234807,0.0,15562200
2021-06-28,0.0,119.81665802001953,0.0,120.09225372784026,119.17360136843784,119.19030761400833,0.0,11460700
2021-06-29,0.0,120.01703643798828,0.0,120.0253831851532,119.45748579980312,119.50760451216892,0.0,11217900
2021-06-30,0.0,120.55149841308594,0.0,121.03586451900735,120.31766210570215,120.46797998482472,0.0,15708900
2021-07-01,0.0,120.55818176269531,0.188,120.67525238819483,120.02299993759163,120.39929746528715,0.0,10810000
2021-07-02,0.0,121.28572082519531,0.0,121.28572082519531,120.50803992843906,120.6083825577639,0.0,9650200
2021-07-06,0.0,122.70726776123047,0.0,122.91632334111279,121.85431742258343,121.85431742258343,0.0,20037200
2021-07-07,0.0,123.79438781738281,0.0,124.22922714115461,123.10869192195825,123.4013749352121,0.0,20964400
2021-07-08,0.0,124.27937316894531,0.0,124.96508168459621,123.90307562828546,124.4967991664647,0.0,17487800
2021-07-09,0.0,122.53165435791016,0.0,122.91632223571987,122.49821107971533,122.81596688165567,0.0,14483600
2021-07-12,0.0,122.37279510498047,0.0,123.11703260449178,122.23063881403365,122.99996196725661,0.0,10610400
2021-07-13,0.0,121.43624114990234,0.0,123.30938427728442,120.95123053406921,122.77420234942434,0.0,23340200
2021-07-14,0.0,122.81602478027344,0.0,122.8578384675339,121.92963075323335,122.09687274252936,0.0,16038600
2021-07-15,0.0,124.17066192626953,0.0,124.26264689558974,122.94977167526855,123.71909470970101,0.0,18462400
2021-07-16,0.0,123.93661499023438,0.0,124.04531530232882,123.19237703935597,123.2090923121396,0.0,12787900
2021-07-19,0.0,126.65422821044922,0.0,127.06396894869349,125.95179181965806,126.22774669465834,0.0,40203900
2021-07-20,0.0,125.43341064453125,0.0,127.69957987779752,125.23271259399132,127.54905314995598,0.0,25674800
2021-07-21,0.0,123.84457397460938,0.0,124.1790579156021,122.64876900405868,123.91146055501237,0.0,19988900
2021-07-22,0.0,125.01525115966797,0.0,125.27447806700229,123.81108883938076,123.85290251211823,0.0,18136900
2021-07-23,0.0,124.17913055419922,0.0,124.31292931275969,123.66903395197035,123.71084765898948,0.0,12639300
2021-07-26,0.0,123.81109619140625,0.0,124.6473186568457,123.6605822723034,124.59714735047808,0.0,10737700
2021-07-27,0.0,125.13236236572266,0.0,125.17417605201959,124.58882272309943,124.87313537432556,0.0,13036500
2021-07-28,0.0,125.14075469970703,0.0,125.15748273081347,123.9867757483446,124.32125981197882,0.0,14346700
2021-07-29,0.0,124.44660949707031,0.0,124.7810933150193,124.2040978832785,124.41315345943156,0.0,11532000
2021-07-30,0.0,125.03202056884766,0.0,125.19926255541661,124.64735251596798,124.70589422912722,0.0,14342100
2021-08-02,0.0,126.1471939086914,0.182,126.6160471739122,124.8996992902842,125.12575810576327,0.0,21232700
2021-08-03,0.0,126.21422576904297,0.0,126.61609833371156,125.91281815171689,126.21422576904297,0.0,13361900
2021-08-04,0.0,126.47367858886719,0.0,127.10999020263358,125.35177822551718,126.84206683361839,0.0,18267900
2021-08-05,0.0,125.82902526855469,0.0,126.35649152619035,125.58623084338598,126.22252981388732,0.0,15345400
2021-08-06,0.0,123.7275619506836,0.0,124.54805513712338,123.65221327316515,124.17967956638005,0.0,21144300
2021-08-09,0.0,123.28387451171875,0.0,124.38065939881096,123.26712609599194,124.0373871405506,0.0,12942400
2021-08-10,0.0,122.71454620361328,0.0,123.55178806805668,122.70616560877876,123.48480718586558,0.0,13716900
2021-08-11,0.0,122.63914489746094,0.0,123.26707609186228,121.99447806941977,122.58054462913577,0.0,17227600
2021-08-12,0.0,122.43821716308594,0.0,122.60566292936755,121.7600407304118,122.31262325690491,0.0,14709400
2021-08-13,0.0,124.37227630615234,0.0,124.38064412533919,122.91547092396313,122.9322193376333,0.0,18653800
2021-08-16,0.0,124.67365264892578,0.0,125.60299135775477,124.58992337684295,124.90807928040577,0.0,19170900
2021-08-17,0.0,124.62342834472656,0.0,125.14251409476115,124.47271820018142,124.64854457293507,0.0,14126900
2021-08-18,0.0,125.04207611083984,0.0,125.14254104530988,124.28855077642405,124.50624183483825,0.0,13144000
2021-08-19,0.0,125.9630126953125,0.0,125.9713932885998,125.42717851200565,125.84579936694209,0.0,15474300
2021-08-20,0.0,126.04674530029297,0.0,126.26442355149405,125.6783568941873,126.08022934844122,0.0,12388400
2021-08-23,0.0,125.9630126953125,0.0,126.00487733586507,125.51927561110345,125.75370226784429,0.0,10615000
2021-08-24,0.0,124.98347473144531,0.0,125.64490301265697,124.98347473144531,125.38534728218652,0.0,13835900
2021-08-25,0.0,123.94526672363281,0.0,125.05879981718257,123.5601426613799,124.92485084243562,0.0,16743800
2021-08-26,0.0,124.28853607177734,0.0,124.38901376965666,123.50152677741532,123.88666360614612,0.0,16657400
2021-08-27,0.0,125.13414001464844,0.0,125.15925624159998,124.18805288182901,124.38899547273476,0.0,15384700
2021-08-30,0.0,125.46070098876953,0.0,125.50255286258533,124.69042721592164,124.74067246003567,0.0,10596300
2021-08-31,0.0,124.60668182373047,0.0,125.66160175036715,124.33039053395304,125.30996177482159,0.0,15262400
2021-09-01,0.0,124.81537628173828,0.189,125.23452926982814,124.48005900788002,125.13393664597747,0.0,10807100
2021-09-02,0.0,125.36031341552734,0.0,125.36870466477372,124.69805709352606,125.10883176890565,0.0,9765900
2021-09-03,0.0,124.22020721435547,0.0,124.49684979676145,124.01902191190567,124.29566449431167,0.0,12928000
2021-09-07,0.0,123.17232513427734,0.0,123.6669355190991,122.94599166778045,123.44896771820008,0.0,15547800
2021-09-08,0.0,124.0106430053711,0.0,124.2286108267682,123.55796323826881,123.78430951758936,0.0,14533700
2021-09-09,0.0,125.51124572753906,0.0,125.65375629247202,123.94361672173484,124.211868140567,0.0,20324600
2021-09-10,0.0,124.40461730957031,0.0,125.0501165736003,124.20343203670379,124.8237703500898,0.0,14894600
2021-09-13,0.0,125.15914916992188,0.0,125.31842943395756,124.86573681074657,124.94118131743485,0.0,15036100
2021-09-14,0.0,126.67647552490234,0.0,127.06210208168297,125.39386780776987,125.5196086461005,0.0,19918400
2021-09-15,0.0,126.23217010498047,0.0,126.79383381731871,125.68726330951948,126.76030719202463,0.0,11940300
2021-09-16,0.0,125.65375518798828,0.0,126.12320476047437,125.3268161791825,125.46932674286282,0.0,13328900
2021-09-17,0.0,125.05011749267578,0.0,125.20939769588955,124.6561126083688,125.05849594859491,0.0,13782900
2021-09-20,0.0,126.60099029541016,0.0,126.89438975431078,125.9387213158086,126.2237551102317,0.0,14660400
2021-09-21,0.0,126.49201965332031,0.0,126.5507072261666,125.9135863394344,126.34113068006516,0.0,10035800
2021-09-22,0.0,127.24649810791016,0.0,127.24649810791016,126.11479236268771,126.4081918707655,0.0,22277800
2021-09-23,0.0,124.3710708618164,0.0,126.12312722182828,124.35430116123982,126.0979790667302,0.0,23853300
2021-09-24,0.0,123.15557098388672,0.0,123.94358088458685,123.01306046015935,123.93518963572542,0.0,20203900
2021-09-27,0.0,122.70287322998047,0.0,123.12202632598127,122.29211138248361,122.44300035710596,0.0,13464300
2021-09-28,0.0,120.79158782958984,0.0,121.61313745924923,120.41435244005469,120.99278600672858,0.0,26613500
2021-09-29,0.0,121.0011215209961,0.0,121.9148722670457,120.45622757301305,121.38674802575794,0.0,23569400
2021-09-30,0.0,120.984375,0.0,121.14364245690439,120.42269850552793,120.79994658512189,0.0,22567600
2021-10-01,0.0,122.00253295898438,0.183,122.04449124658757,121.03724899628912,121.58284762071169,0.0,26151800
2021-10-04,0.0,121.69196319580078,0.0,122.09487036232878,120.95332567272763,121.4317603222811,0.0,28027600
2021-10-05,0.0,120.51680755615234,0.0,121.45689833676634,120.41608720330836,121.37296897865512,0.0,22659200
2021-10-06,0.0,121.19673156738281,0.0,121.47372542778965,120.89455761128264,121.06242918516493,0.0,18696500
2021-10-07,0.0,119.92931365966797,0.0,120.31541708640061,119.68588893570853,120.18951657937541,0.0,14856000
2021-10-08,0.0,119.0898666381836,0.0,119.48437171830076,118.79608189927939,119.40881865461623,0.0,17257800
2021-10-11,0.0,118.78770446777344,0.0,119.10665651551655,118.72894239111417,118.85485563776568,0.0,7213400
2021-10-12,0.0,120.81903076171875,0.0,120.87778005561061,119.59354380129689,119.71945710154779,0.0,17968700
2021-10-13,0.0,121.99409484863281,0.0,122.1535772790885,121.35617793458641,121.38135802278717,0.0,23584600
2021-10-14,0.0,122.4473876953125,0.0,122.51453888050308,121.66676637427864,122.01930049069493,0.0,12946400
2021-10-15,0.0,121.73394012451172,0.0,121.82627142029125,121.26389454882731,121.70876002637014,0.0,11811500
2021-10-18,0.0,122.3046875,0.0,122.54809932213531,121.30583450422577,121.70872877883302,0.0,12115900
2021-10-19,0.0,120.6175537109375,0.0,121.48210441185915,120.57558261901549,121.42335512939155,0.0,12156300
2021-10-20,0.0,119.80343627929688,0.0,120.60083628112633,119.61877360841592,120.23991284754156,0.0,12782500
2021-10-21,0.0,119.66069793701172,0.0,120.15592362992221,119.38370403899859,120.03002313436254,0.0,13660000
2021-10-22,0.0,120.97848510742188,0.0,121.20510594113536,120.20626571513712,120.40770645621576,0.0,13740000
2021-10-25,0.0,120.79383850097656,0.0,121.1211925562185,120.55881573350955,120.5923849255276,0.0,8137900
2021-10-26,0.0,121.79266357421875,0.0,121.79266357421875,120.6511191922074,121.3897565162543,0.0,13671000
2021-10-27,0.0,124.00861358642578,0.0,124.37792588156225,122.48934208438371,122.88384727997217,0.0,22092300
2021-10-28,0.0,123.5888671875,0.0,124.50377758965072,123.25311143824361,124.05051053009765,0.0,17497600
2021-10-29,0.0,123.96663665771484,0.0,124.22683947493815,122.81670312052361,122.94260357796135,0.0,19087300
2021-11-01,0.0,123.0740737915039,0.188,123.34300800631415,122.45214338209796,122.53619253778278,0.0,18035500
2021-11-02,0.0,123.62034606933594,0.0,124.02376659910912,123.12448942860196,123.12448942860196,0.0,9836700
2021-11-03,0.0,122.34294891357422,0.0,124.36840108967415,122.30932410680629,124.23394033492139,0.0,20639400
2021-11-04,0.0,123.62879180908203,0.0,123.8473017031911,122.57824127645591,122.59504085162364,0.0,15922400
2021-11-05,0.0,125.47773742675781,0.0,125.7130596812138,124.49442382975934,124.82219502875883,0.0,21513000
2021-11-08,0.0,125.24243927001953,0.0,125.46094917002867,124.81380643370836,125.19201489494846,0.0,12083800
2021-11-09,0.0,126.8729476928711,0.0,127.5537026830163,126.60400048366823,126.73847408826965,0.0,23430200
2021-11-10,0.0,124.55326080322266,0.0,126.84765943241162,123.5699471049988,126.76362308951269,0.0,28170600
2021-11-11,0.0,124.36839294433594,0.0,124.9398992050039,124.29275637022127,124.81382542404066,0.0,5552500
2021-11-12,0.0,123.82210540771484,0.0,124.81381908222129,123.34304814778541,124.38519902657771,0.0,12712000
2021-11-15,0.0,122.26722717285156,0.0,123.51108780522745,122.0487173545633,123.45225084024672,0.0,15232700
2021-11-16,0.0,121.95630645751953,0.0,123.02366935189717,121.7377965710914,122.4437634264156,0.0,12998700
2021-11-17,0.0,122.92279815673828,0.0,122.94801034073221,121.41001582069526,121.50246477004026,0.0,14239900
2021-11-18,0.0,123.385009765625,0.0,123.46064629729291,122.66223076234684,122.69585554804253,0.0,11054600
2021-11-19,0.0,124.68775177001953,0.0,124.88946210455693,124.03220921290323,124.03220921290323,0.0,14022100
2021-11-22,0.0,123.22537231445312,0.0,124.0826251477783,122.81356470926907,123.88091482696552,0.0,15266000
2021-11-23,0.0,121.44361877441406,0.0,122.79672811939751,121.44361877441406,122.6454422025648,0.0,15318500
2021-11-24,0.0,123.39350128173828,0.0,123.39350128173828,121.68739497936389,121.81346877019698,0.0,13769700
2021-11-26,0.0,126.51148986816406,0.0,126.63755079601401,124.94827024231209,125.08274378142039,0.0,20064800
2021-11-29,0.0,125.49456787109375,0.0,125.76350213310516,124.5280537074862,124.64571485163547,0.0,23234200
2021-11-30,0.0,127.40235137939453,0.0,127.80577198644984,126.2761643722617,126.76362132104357,0.0,31481100
2021-12-01,0.0,128.18826293945312,0.184,128.2471714172027,126.04253319314202,126.63156661189515,0.0,30826500
2021-12-02,0.0,128.34815979003906,0.0,128.73523784477206,126.85876889638554,128.6847393543994,0.0,17754200
2021-12-03,0.0,129.8795928955078,0.0,130.52750903204912,127.35520829376566,127.63287930103533,0.0,34427100
2021-12-06,0.0,128.095703125,0.0,129.87961055037403,127.84326206257403,129.62716948794807,0.0,30924200
2021-12-07,0.0,127.0606689453125,0.0,128.34810383526596,126.94286486517565,127.66652216878258,0.0,22115900
2021-12-08,0.0,124.86453247070312,0.0,126.62318478332251,124.83928964054608,126.6147747865001,0.0,33633900
2021-12-09,0.0,125.56297302246094,0.0,126.08467540509481,124.9402864589003,125.66394436369525,0.0,17544900
2021-12-10,0.0,125.26000213623047,0.0,126.42122351108166,125.21792647893959,126.15194957617035,0.0,14298700
2021-12-13,0.0,127.11121368408203,0.0,127.3215791278435,126.4801173527976,126.5474358355638,0.0,17860500
2021-12-14,0.0,126.80831909179688,0.0,127.0018517540274,125.63868744143606,126.53063509484477,0.0,14015500
2021-12-15,0.0,125.58818817138672,0.0,126.88403384375871,125.4872168524119,125.89111496800076,0.0,25383900
2021-12-16,0.0,125.63700103759766,0.168,126.26038893683976,125.29160992365998,125.30846171935676,0.0,18677900
2021-12-17,0.0,127.06071472167969,0.0,127.18707109282488,126.49630150696818,126.64792915234241,0.0,18093500
2021-12-20,0.0,126.10879516601562,0.0,127.22078271886173,126.02456186465852,126.99332838229618,0.0,17147300
2021-12-21,0.0,125.62857055664062,0.0,125.6875325551811,124.35652360317138,124.7945802738189,0.0,16598200
2021-12-22,0.0,126.20989227294922,0.0,126.24358302243331,125.5359615958409,126.13406559183262,0.0,12253900
2021-12-23,0.0,125.11478424072266,0.0,126.02458892820506,124.70199855670448,126.01615659834751,0.0,11642500
2021-12-27,0.0,125.41798400878906,0.0,125.52748854971054,124.94623654408448,125.06417341026062,0.0,7821800
2021-12-28,0.0,124.92098236083984,0.0,126.17617797993971,124.68510857195842,126.02455033886912,0.0,9174600
2021-12-29,0.0,123.5562744140625,0.0,124.09541630537929,123.3372524393314,123.75845744361503,0.0,11771200
2021-12-30,0.0,124.59241485595703,0.0,124.65138971695751,123.3709231130858,124.04485358113168,0.0,10355000
2021-12-31,0.0,124.83676147460938,0.0,125.54438291158357,124.19652153759192,124.51664150610064,0.0,13402300
2022-01-03,0.0,121.55972290039062,0.0,123.78368400555954,121.54287110714219,123.3372078906161,0.0,33860400
2022-01-04,0.0,121.0543212890625,0.0,121.41656429375143,120.24561484156244,120.97850746976385,0.0,21996400
2022-01-05,0.0,120.3972396850586,0.0,121.44183274749892,120.22034077746856,121.42498094777136,0.0,20911700
2022-01-06,0.0,120.70886993408203,0.0,120.83523909076602,119.86646030612538,120.11918576534254,0.0,18996400
2022-01-07,0.0,119.84123992919922,0.0,120.66681097011583,119.2515555100847,120.57414535752953,0.0,18756800
2022-01-10,0.0,120.1360855102539,0.0,120.30456493226485,119.08307305499052,119.32736628878301,0.0,13775800
2022-01-11,0.0,120.93637084960938,0.0,120.99534571634028,120.21189777554208,120.36353825131029,0.0,24388700
2022-01-12,0.0,120.47303771972656,0.0,121.31544763754506,120.46461824804427,121.22278203241882,0.0,14440600
2022-01-13,0.0,121.54291534423828,0.0,121.66085223159794,120.48990283061399,120.79317094870406,0.0,15166000
2022-01-14,0.0,119.70649719238281,0.0,120.85217560372709,119.44533922714949,120.81847199665707,0.0,22997500
2022-01-18,0.0,118.02162170410156,0.0,119.04093039471583,117.95422737555745,118.74609466825842,0.0,21171700
2022-01-19,0.0,118.83879852294922,0.0,119.377940470723,118.19855862273425,118.3838898723588,0.0,17930500
2022-01-20,0.0,119.57168579101562,0.0,119.61380886478297,118.85563209944286,119.09150588755115,0.0,13959000
2022-01-21,0.0,120.99534606933594,0.0,121.39127977690897,120.18662685590962,120.80158252450262,0.0,28916600
2022-01-24,0.0,120.00128936767578,0.0,121.61871485586816,119.98443757027599,121.55975284620158,0.0,25001600
2022-01-25,0.0,119.80756378173828,0.0,121.06275944075371,119.45375308716487,120.55730824613006,0.0,15599000
2022-01-26,0.0,118.35859680175781,0.0,120.10239155096701,118.35017732983734,119.84123367156495,0.0,23655500
2022-01-27,0.0,120.531982421875,0.0,120.77627558108179,119.90017514161548,119.96756946067472,0.0,21501800
2022-01-28,0.0,120.57415771484375,0.0,120.85215458109379,119.49587385105076,119.69804404166345,0.0,12826500
2022-01-31,0.0,119.95074462890625,0.0,120.42249211420453,119.58851454346468,119.77383289484195,0.0,13998400
2022-02-01,0.0,119.55261993408203,0.198,120.0925127024255,118.99585189646126,120.0250244973752,0.0,20806100
2022-02-02,0.0,119.95748138427734,0.0,121.1131986676771,119.72971040549739,119.7465856670504,0.0,18404600
2022-02-03,0.0,119.02116394042969,0.0,119.3501609104264,118.25350005308415,118.47283994778833,0.0,17234100
2022-02-04,0.0,117.26649475097656,0.0,118.2197478758977,117.07247422121617,117.97511441420484,0.0,23609800
2022-02-07,0.0,117.3424072265625,0.0,117.51955245844364,116.87843397535222,117.18212438777569,0.0,12962400
2022-02-08,0.0,116.55789184570312,0.0,116.90376405484982,116.26264544223467,116.59164238282195,0.0,16269200
2022-02-09,0.0,116.77719116210938,0.0,117.57016125963762,116.57473947562922,117.02183744601338,0.0,14349100
2022-02-10,0.0,114.92132568359375,0.0,116.27106383440166,114.59232877924217,116.12765624758758,0.0,30896200
2022-02-11,0.0,116.6253433227539,0.0,116.84467025672694,114.18738910199225,115.46119472785276,0.0,43210300
2022-02-14,0.0,115.17439270019531,0.0,116.19513385363291,114.7019882520792,115.68054767863732,0.0,23157400
2022-02-15,0.0,113.8668441772461,0.0,114.59232616413921,113.83310651667146,114.38987445657804,0.0,18198500
2022-02-16,0.0,114.54170227050781,0.0,114.78634855646293,113.47034822303175,114.6851098403187,0.0,16473700
2022-02-17,0.0,115.39370727539062,0.0,116.0517138255723,114.64291895690928,115.10689215867964,0.0,24508200
2022-02-18,0.0,116.60845947265625,0.0,116.7265605625687,115.70583247233678,116.00952282811929,0.0,17522600
2022-02-22,0.0,116.91217041015625,0.0,116.97965859799477,115.96736152452843,116.15295082307041,0.0,19534000
2022-02-23,0.0,115.30091857910156,0.0,116.2879220192295,115.20813680601877,116.14450158142589,0.0,17757800
2022-02-24,0.0,115.37683868408203,0.0,117.57014653595952,114.93817196488503,117.3423884171922,0.0,28150400
2022-02-25,0.0,115.46119689941406,0.0,115.83237546546816,114.87912259101599,115.45276570365995,0.0,15025400
2022-02-28,0.0,117.99195861816406,0.0,118.13536619388145,116.68441517131258,116.77719695084501,0.0,25817700
2022-03-01,0.0,119.35614776611328,0.185,120.22618799148853,118.25803486455044,118.56212746976627,0.0,35664400
2022-03-02,0.0,115.2762222290039,0.0,118.61278500424022,115.22554228589709,118.12285740570697,0.0,30397400
2022-03-03,0.0,116.45040130615234,0.0,117.15994657098615,115.74085604131852,116.13786627287914,0.0,20649100
2022-03-04,0.0,118.46076202392578,0.0,118.95068969214283,117.67518412673391,118.5621219245561,0.0,25853100
2022-03-07,0.0,117.55696105957031,0.0,118.79867176254766,117.21908603239673,117.51472345889708,0.0,23710900
2022-03-08,0.0,116.37438201904297,0.0,116.77983461708216,115.93513418585553,116.1547516578964,0.0,28331300
2022-03-09,0.0,115.2340087890625,0.0,116.01113148741406,114.9890513830258,115.78307169565328,0.0,18819200
2022-03-10,0.0,113.57842254638672,0.0,114.17815261824958,112.9533396043035,113.89095757287566,0.0,26868900
2022-03-11,0.0,113.95852661132812,0.0,114.4146591263181,113.36723894778393,113.4685988646474,0.0,15583800
2022-03-14,0.0,111.29771423339844,0.0,112.25222975990816,111.26393189037448,112.09173463005914,0.0,24385000
2022-03-15,0.0,111.10342407226562,0.0,112.47183436778988,110.8162290774944,112.22687696380339,0.0,17518800
2022-03-16,0.0,112.19313049316406,0.0,112.45498559500103,110.08137916982434,111.35687232904294,0.0,25857700
2022-03-17,0.0,111.3568344116211,0.0,112.63232713652961,110.71486686799678,112.19309229099325,0.0,19330600
2022-03-18,0.0,112.7168197631836,0.0,112.8012820669666,111.98193456365782,111.98193456365782,0.0,55891700
2022-03-21,0.0,110.1067123413086,0.0,111.22171026870153,109.59988689942591,110.8922775982097,0.0,26122000
2022-03-22,0.0,108.69605255126953,0.0,109.25355796643865,108.40885747888782,108.9325805457618,0.0,21830900
2022-03-23,0.0,111.07808685302734,0.0,111.16256203669381,108.84807862872842,109.2788711315793,0.0,21266100
2022-03-24,0.0,110.20801544189453,0.0,110.80774525344331,109.47313053032637,109.51535522112015,0.0,17141600
2022-03-25,0.0,108.67915344238281,0.0,109.40559628112544,107.82600425836137,109.38869866466031,0.0,25684500
2022-03-28,0.0,109.60829162597656,0.0,110.28405435340271,109.00010646020323,109.29575668129654,0.0,17657800
2022-03-29,0.0,110.43611907958984,0.0,111.12032424309439,109.59141880087243,110.28406632708695,0.0,19319700
2022-03-30,0.0,111.29771423339844,0.0,111.50888932233566,109.80260388387815,109.8701814590306,0.0,16310200
2022-03-31,0.0,111.56802368164062,0.0,112.0663937943399,111.21325108162905,111.4835484910693,0.0,19901000
2022-04-01,0.0,111.99270629882812,0.202,112.48338443995367,109.73390353614651,109.98769144634431,0.0,23489700
2022-04-04,0.0,111.21441650390625,0.0,111.65432424611282,110.57992077807322,111.61202194928757,0.0,13609900
2022-04-05,0.0,108.7017822265625,0.0,110.63910295850646,108.53257308622574,110.62217946270378,0.0,25196900
2022-04-06,0.0,107.82194519042969,0.0,108.5410453371485,106.93365526033082,106.95903405055897,0.0,22952000
2022-04-07,0.0,107.0097885131836,0.0,107.16206770453842,106.09611981947717,106.68831308895564,0.0,23458800
2022-04-08,0.0,105.85079956054688,0.0,106.45145468465924,105.12324401203361,106.12997274892044,0.0,26859200
2022-04-11,0.0,104.17572021484375,0.0,105.06401666349429,103.68504205360014,104.83559462610496,0.0,30020700
2022-04-12,0.0,104.03189086914062,0.0,105.03862586864832,103.77809006869285,104.94556600544563,0.0,23124200
2022-04-13,0.0,104.24341583251953,0.0,105.15709120063502,103.96423617208023,104.09959835450806,0.0,17189500
2022-04-14,0.0,102.15380096435547,0.0,103.99806860226157,101.84078078273555,103.93884926567657,0.0,34274500
2022-04-18,0.0,101.64619445800781,0.0,102.43296924506882,101.2570379386819,102.25531125501284,0.0,18784300
2022-04-19,0.0,100.88482666015625,0.0,101.28244503903001,100.39414838603864,100.80022851568675,0.0,26012300
2022-04-20,0.0,102.91519165039062,0.0,103.18590952550628,101.45161890233139,101.70541973406249,0.0,31423200
2022-04-21,0.0,102.15380096435547,0.0,102.2891631362204,100.81712856209562,102.22148205028793,0.0,23323200
2022-04-22,0.0,101.51079559326172,0.0,102.73749049208894,101.35851644907697,101.57847664721506,0.0,19773400
2022-04-25,0.0,102.52601623535156,0.0,103.37201024616051,102.47525220569601,102.68675070839825,0.0,25418900
2022-04-26,0.0,103.55815887451172,0.0,104.0826711768261,103.008261323071,103.58353766921417,0.0,26931300
2022-04-27,0.0,102.2299575805664,0.0,103.48203210045759,102.17073823225955,103.37205515486626,0.0,14560500
2022-04-28,0.0,102.3822021484375,0.0,102.42450443479606,101.52775276291429,101.84922819420218,0.0,16892500
2022-04-29,0.0,101.05399322509766,0.0,102.33990787872418,100.7663583276213,100.93555456679294,0.0,26153400
2022-05-02,0.0,99.30238342285156,0.203,100.22608400309416,99.0905247798147,99.87863919052832,0.0,29233900
2022-05-03,0.0,99.9718246459961,0.0,101.10738349597234,99.90402835081258,100.87857908149121,0.0,21256700
2022-05-04,0.0,100.52267456054688,0.0,100.8192753183965,99.44642921224896,99.97184088716233,0.0,25575700
2022-05-05,0.0,97.76850891113281,0.0,98.7006854566736,96.62446730049359,98.59899100127572,0.0,48384500
2022-05-06,0.0,96.32782745361328,0.0,97.48881443619057,96.02275067666463,96.72612249381895,0.0,32790500
2022-05-09,0.0,97.17530822753906,0.0,97.20920638187606,95.43807145929827,95.64145391990837,0.0,26773000
2022-05-10,0.0,98.05662536621094,0.0,99.11591827674224,97.86171909130326,98.20916380394388,0.0,33640800
2022-05-11,0.0,99.94639587402344,0.0,99.94639587402344,96.98037604768952,97.23460243927207,0.0,34173600
2022-05-12,0.0,99.75996398925781,0.0,100.751460540321,99.70912000163727,100.01419039277096,0.0,26405700
2022-05-13,0.0,98.28543090820312,0.0,99.27692746681849,98.21763461391905,99.13286519052268,0.0,20782700
2022-05-16,0.0,98.18374633789062,0.0,99.09897700650895,98.17527018390034,98.48034707343977,0.0,11050600
2022-05-17,0.0,96.99732208251953,0.0,97.75153803692702,96.91257995182175,97.20918064196906,0.0,15040800
2022-05-18,0.0,99.0650863647461,0.0,99.14982851483884,97.12446074018746,97.21767904491297,0.0,21337300
2022-05-19,0.0,99.30238342285156,0.0,100.60743343980812,99.02272846234386,100.53963712233728,0.0,21937500
2022-05-20,0.0,100.42943572998047,0.0,100.86162254648264,99.2006521765843,99.22607416985969,0.0,22780900
2022-05-23,0.0,98.7769546508789,0.0,100.20912090011672,98.76000880713568,99.75150553411035,0.0,15925200
2022-05-24,0.0,100.72606658935547,0.0,101.38706447409072,99.87863207755905,99.91253023388037,0.0,23388200
2022-05-25,0.0,101.12432861328125,0.0,101.37008531679207,100.49722262553223,101.36160916414408,0.0,14410800
2022-05-26,0.0,100.66670989990234,0.0,100.92093628193443,99.82775184799965,100.86161614625263,0.0,14912900
2022-05-27,0.0,100.9124755859375,0.0,101.47177884856798,100.62434456880446,101.14975614980561,0.0,11190400
2022-05-31,0.0,98.7769546508789,0.0,99.34474063015685,98.2430732899106,99.3023663226814,0.0,28393700
2022-06-01,0.0,98.66400909423828,0.207,99.61481968851665,98.2140710127442,99.35164982430194,0.0,15544800
2022-06-02,0.0,98.71495819091797,0.0,99.08000344885674,98.01882612658267,99.01208654577223,0.0,9832000
2022-06-03,0.0,98.50271606445312,0.0,98.52818328215932,97.51794694397987,97.7047086994625,0.0,15330400
2022-06-06,0.0,96.6860122680664,0.0,98.06130075932764,96.61809534770225,97.75568109460292,0.0,20815400
2022-06-07,0.0,97.73021697998047,0.0,98.29051539853712,97.27178746829908,97.2972546950179,0.0,14278700
2022-06-08,0.0,96.86426544189453,0.0,97.73867452600393,96.84728945444638,97.35665327775247,0.0,11476100
2022-06-09,0.0,97.1868667602539,0.0,97.38211976053618,96.50771068304303,96.64353801233779,0.0,15527300
2022-06-10,0.0,96.58412170410156,0.0,97.29723630199271,95.90497203796708,97.08500081690451,0.0,21917100
2022-06-13,0.0,93.55340576171875,0.0,94.80135153739107,92.7384222193623,94.64854171839215,0.0,36968300
2022-06-14,0.0,92.37338256835938,0.0,94.21559174291306,92.18661428068827,93.83356393351838,0.0,21865900
2022-06-15,0.0,94.09674072265625,0.0,94.22408333502518,92.56015757030356,93.46003413772588,0.0,25202800
2022-06-16,0.0,94.84381866455078,0.0,94.84381866455078,91.78762819962509,92.06777418853159,0.0,26067300
2022-06-17,0.0,95.1494140625,0.0,95.78612051664909,94.19859675928201,95.08998838585593,0.0,21614300
2022-06-21,0.0,93.53642272949219,0.0,94.24953084652377,93.22231188161135,93.46001458728854,0.0,17663800
2022-06-22,0.0,96.10871887207031,0.0,96.19361177300364,95.40409548818867,95.6672719010691,0.0,23703800
2022-06-23,0.0,96.89823913574219,0.0,97.77264835739567,96.34642554164712,96.69449486975338,0.0,20669200
2022-06-24,0.0,95.55691528320312,0.0,96.92371250482871,95.50598083270478,96.32096442524752,0.0,18161300
2022-06-27,0.0,94.74192810058594,0.0,95.26827448447466,94.36839801622925,94.41933246479752,0.0,12053000
2022-06-28,0.0,95.1833724975586,0.0,95.23430694126782,94.12219507419668,94.47874913398718,0.0,13706600
2022-06-29,0.0,96.6690444946289,0.0,96.69451172270203,95.22583896031122,95.40411603373764,0.0,12925400
2022-06-30,0.0,97.5179672241211,0.0,98.28200982184693,97.41609185519812,97.50947599081586,0.0,25802100
2022-07-01,0.0,98.51912689208984,0.227,100.0247263078756,98.00875453875925,98.58717826979701,0.0,21858800
2022-07-05,0.0,99.293212890625,0.0,100.16084538368703,98.81685965879352,99.42930917847855,0.0,16689700
2022-07-06,0.0,97.62600708007812,0.0,99.98223662285781,97.62600708007812,99.85464186415952,0.0,20205400
2022-07-07,0.0,96.76686096191406,0.0,97.96623585196704,96.55420524121965,97.90669250976211,0.0,13088000
2022-07-08,0.0,95.69507598876953,0.0,96.54569888644748,95.31229828070953,96.54569888644748,0.0,15320000
2022-07-11,0.0,97.34529876708984,0.0,97.64301552088655,96.71583307078993,96.79239251590252,0.0,13639900
2022-07-12,0.0,97.9237289428711,0.0,98.86792105806555,97.7961341860023,98.25547141688656,0.0,18547300
2022-07-13,0.0,99.0465087890625,0.0,99.22513877643632,96.50314225566652,96.77534125876988,0.0,20594800
2022-07-14,0.0,98.23844909667969,0.0,98.80837144261591,97.37081648647857,97.88969703905813,0.0,15665000
2022-07-15,0.0,98.79134368896484,0.0,99.3697675240799,98.33200654139661,98.53615422151435,0.0,16022600
2022-07-18,0.0,97.76207733154297,0.0,98.09381969984389,97.12411024023552,98.03427636424468,0.0,15838300
2022-07-19,0.0,97.23467254638672,0.0,97.94919894338686,96.68177301850936,97.74505132555929,0.0,9276800
2022-07-20,0.0,97.48989868164062,0.0,98.28948634663635,97.01355189725416,98.22994299858804,0.0,9117300
2022-07-21,0.0,99.17411804199219,0.0,99.28470316935352,97.83013882951336,97.98325120685114,0.0,14754900
2022-07-22,0.0,100.84137725830078,0.0,101.4538204763158,100.34801427263847,100.62021342166946,0.0,17715300
2022-07-25,0.0,99.8546371459961,0.0,99.9822318986655,99.07206551457384,99.27621322500167,0.0,24868100
2022-07-26,0.0,99.93118286132812,0.0,101.42827451839246,99.86313147062398,101.10504014715448,0.0,13536000
2022-07-27,0.0,99.36978912353516,0.0,100.79032812643106,99.27622006444724,100.38203267744667,0.0,15725600
2022-07-28,0.0,100.16085815429688,0.0,101.1560855058087,99.79509000505682,100.41604764994842,0.0,16637900
2022-07-29,0.0,99.88864135742188,0.0,101.48780997627208,99.80358037052063,100.11830667102896,0.0,16655900
2022-08-01,0.0,102.29432678222656,0.213,102.34545482136448,100.62407698790174,100.76894409981313,0.0,17974600
2022-08-02,0.0,100.12981414794922,0.0,102.84823416147698,99.95085951561316,102.38806232052825,0.0,17896300
2022-08-03,0.0,101.70633697509766,0.0,101.82564007758559,99.13279026231763,99.84860887724518,0.0,16731200
2022-08-04,0.0,101.67222595214844,0.0,101.87675108189501,101.01605904008564,101.39101527642437,0.0,11003000
2022-08-05,0.0,99.2520980834961,0.0,99.79748557837897,98.7578386345298,99.76339804725731,0.0,19492300
2022-08-08,0.0,100.85415649414062,0.0,101.00754710826185,100.18094249336029,100.249117544421,0.0,17476300
2022-08-09,0.0,100.462158203125,0.0,100.86267849521421,100.09572543605728,100.32581460456967,0.0,8223200
2022-08-10,0.0,99.8060073852539,0.0,101.33139024390438,99.47366208939766,100.3258308483176,0.0,14665300
2022-08-11,0.0,97.4795913696289,0.0,99.75488057196453,97.22393812152127,99.59297291625974,0.0,20663800
2022-08-12,0.0,98.46810150146484,0.0,98.48514201576296,97.51367016248028,98.08462166367542,0.0,12178400
2022-08-15,0.0,98.38282012939453,0.0,99.49064143549722,98.38282012939453,99.13273233716657,0.0,9031800
2022-08-16,0.0,98.79192352294922,0.0,98.86861558977257,97.35175625386012,98.21244851244575,0.0,11066000
2022-08-17,0.0,97.76079559326172,0.0,98.0846173629802,97.41140330091984,98.050529834347,0.0,14131300
2022-08-18,0.0,97.90565490722656,0.0,98.5447813896925,97.65000171362787,97.97382995905699,0.0,10738200
2022-08-19,0.0,96.32915496826172,0.0,96.58480168886106,96.07350174613086,96.49106910904669,0.0,16330900
2022-08-22,0.0,96.00532531738281,0.0,96.26097201702338,95.55367046177561,96.17575645047653,0.0,10457200
2022-08-23,0.0,95.47696685791016,0.0,96.70409167270833,95.22131368765046,95.60479344304,0.0,17813200
2022-08-24,0.0,94.77818298339844,0.0,95.33209381672948,94.4714017988314,95.00826562105883,0.0,13971600
2022-08-25,0.0,96.09903717041016,0.0,96.3717308254855,94.58217830770793,94.86339546805958,0.0,21429700
2022-08-26,0.0,96.82341766357422,0.0,97.13871594643759,95.45142542834812,95.698555151004,0.0,18764400
2022-08-29,0.0,96.0223617553711,0.0,96.30357896442015,95.55366640695601,96.24392742021557,0.0,14278300
2022-08-30,0.0,96.260986328125,0.0,96.72968176611003,95.62185973170828,95.97125205848475,0.0,14346600
2022-08-31,0.0,95.34061431884766,0.0,96.58477961233872,95.08496765668184,96.03087526021443,0.0,13623500
2022-09-01,0.0,93.59513092041016,0.236,94.15021284340368,93.03151398656975,93.825706518785,0.0,22490400
2022-09-02,0.0,94.12454986572266,0.0,94.41489646257914,93.48407253295673,93.66340540429852,0.0,13024400
2022-09-06,0.0,91.7932357788086,0.0,93.05711427723979,91.73345813791974,92.99733663635094,0.0,24648500
2022-09-07,0.0,93.24498748779297,0.0,93.49263957255509,92.40809401117357,92.5020312335066,0.0,17050100
2022-09-08,0.0,92.28855895996094,0.0,93.52681313991371,92.27148242273648,92.94611314514901,0.0,14671400
2022-09-09,0.0,92.4935073852539,0.0,92.91195746116927,91.91280740679878,92.51059043727412,0.0,12529800
2022-09-12,0.0,91.73345184326172,0.0,92.9887887310619,91.30646686184798,92.76675471645011,0.0,14806900
2022-09-13,0.0,91.94696044921875,0.0,92.00673809648276,90.72578292773262,90.99905310312165,0.0,22158900
2022-09-14,0.0,92.26293182373047,0.0,92.40810517932701,91.47728088315223,91.66514883524927,0.0,13077800
2022-09-15,0.0,92.2031478881836,0.0,92.39102234274256,91.87010008792886,92.10066913607656,0.0,10260200
2022-09-16,0.0,91.4345932006836,0.0,92.27148690136471,91.17839952295292,91.4004336093011,0.0,18903800
2022-09-19,0.0,91.6480484008789,0.0,92.07503334618961,91.20398692447598,91.34061871903334,0.0,11084400
2022-09-20,0.0,90.73431396484375,0.0,91.23815314564635,90.00844075617984,90.2560928420109,0.0,20133800
2022-09-21,0.0,92.25437927246094,0.0,92.26292079685015,90.4952031341819,91.11859759383798,0.0,23132900
2022-09-22,0.0,89.89739227294922,0.0,90.48663348243373,89.43625434366025,90.34146018931416,0.0,29030600
2022-09-23,0.0,90.26461791992188,0.0,90.88801882811809,89.29109273253755,89.9571882275612,0.0,23042200
2022-09-26,0.0,88.53960418701172,0.0,90.01697505906269,88.14677879401677,89.97427395568934,0.0,25104600
2022-09-27,0.0,86.208251953125,0.0,87.94181618529285,86.16555737067932,87.71124068204973,0.0,34609500
2022-09-28,0.0,89.09468078613281,0.0,89.19715300384662,87.51483778207,88.06991300208186,0.0,39283100
2022-09-29,0.0,88.63356018066406,0.0,89.00930912108232,87.78813157999798,87.87352728956348,0.0,19127100
2022-09-30,0.0,87.48921203613281,0.0,89.54728258452595,87.30134413442549,89.04343696487162,0.0,26485700
2022-10-03,0.0,88.87938690185547,0.244,89.6069930071729,88.29730071143588,88.89650420267888,0.0,27192200
2022-10-04,0.0,88.63113403320312,0.0,89.58130413174571,88.42569379133182,89.1532998181978,0.0,13788700
2022-10-05,0.0,87.7837142944336,0.0,88.03195112543922,86.95338462608167,87.93779615588889,0.0,20522100
2022-10-06,0.0,87.2957763671875,0.0,88.03193789368025,86.91056850603366,87.81793570331541,0.0,13965700
2022-10-07,0.0,86.4483413696289,0.0,86.98763118372887,86.00321959260397,86.29425949857605,0.0,14814800
2022-10-10,0.0,85.1043701171875,0.0,86.03742285073717,84.57364898566715,86.02886093644028,0.0,15652600
2022-10-11,0.0,85.48104858398438,0.0,86.37129861647202,84.73631849591877,85.37832516571788,0.0,33246700
2022-10-12,0.0,85.90047454833984,0.0,86.06311829652434,84.90750781989397,84.98454547061611,0.0,21447600
2022-10-13,0.0,85.07869720458984,0.0,85.92614391957203,84.17988553085014,84.19700936071183,0.0,30292500
2022-10-14,0.0,84.37676239013672,0.0,85.7634985902272,84.10283991576628,85.7634985902272,0.0,18728200
2022-10-17,0.0,83.96590423583984,0.0,85.30984438831793,83.8375081341132,84.9931187654574,0.0,18969900
2022-10-18,0.0,84.16276550292969,0.0,84.2826061847656,82.92155564213171,83.84603996903343,0.0,16931500
2022-10-19,0.0,82.63050079345703,0.0,83.39234784828466,82.45073978925545,83.19546954737055,0.0,25431600
2022-10-20,0.0,81.21808624267578,0.0,82.45930251847548,81.09824557202295,82.11689780339879,0.0,25434900
2022-10-21,0.0,79.75434112548828,0.0,80.404909664935,78.97537648620195,79.6259384948196,0.0,46280300
2022-10-24,0.0,79.0951919555664,0.0,80.07960310206526,78.62438463698916,79.45471398202884,0.0,31332600
2022-10-25,0.0,81.39786529541016,0.0,81.51771252346111,80.84146485723082,80.96130555445359,0.0,31213100
2022-10-26,0.0,82.57061004638672,0.0,82.76749494867758,81.97996187034313,81.97996187034313,0.0,24843900
2022-10-27,0.0,83.4351806640625,0.0,83.80326471760331,82.36516963991238,83.01573817122778,0.0,20270000
2022-10-28,0.0,82.86165618896484,0.0,83.57213854442536,82.52781327243439,82.91301462817599,0.0,22244100
2022-10-31,0.0,82.2709732055664,0.0,82.70753934663539,81.34648250594724,82.48497531950642,0.0,23956700
2022-11-01,0.0,83.03985595703125,0.236,83.59763248853123,82.5593132452914,83.56330707384933,0.0,17585100
2022-11-02,0.0,82.67947387695312,0.0,83.77786129066784,82.34480916642771,83.16002328063237,0.0,25010500
2022-11-03,0.0,82.23324584960938,0.0,82.70520565258522,81.59823538851491,81.66688622975289,0.0,29097500
2022-11-04,0.0,80.85169219970703,0.0,82.0873813596624,80.85169219970703,81.60683193806551,0.0,23561400
2022-11-07,0.0,80.04505157470703,0.0,81.40087629286703,80.010726152448,81.3493914329309,0.0,14522800
2022-11-08,0.0,80.9203109741211,0.0,81.48666391665131,80.46550416583239,80.49125313554549,0.0,20360600
2022-11-09,0.0,81.18634796142578,0.0,81.53817208530333,80.39688288388622,80.50843559693912,0.0,15637500
2022-11-10,0.0,84.30989074707031,0.0,84.46435187749076,82.92832356578322,83.00555740444597,0.0,45380900
2022-11-11,0.0,84.00096130371094,0.0,84.41285979858102,83.70062206104758,83.72636448943237,0.0,15943100
2022-11-14,0.0,83.79501342773438,0.0,84.08676967201231,83.31446410347611,84.01812538017913,0.0,13741100
2022-11-15,0.0,85.15083312988281,0.0,85.21090097359415,84.18974108359747,84.30987677102014,0.0,26608200
2022-11-16,0.0,87.01290893554688,0.0,87.05581078039725,85.58843412972615,85.82870541097269,0.0,28507700
2022-11-17,0.0,86.09475708007812,0.0,86.30070303247399,85.62279078614615,85.98319783956487,0.0,24528900
2022-11-18,0.0,85.50265502929688,0.0,86.5752997446854,85.42542775230272,86.3264453850868,0.0,14941300
2022-11-21,0.0,85.86305236816406,0.0,86.51522211446913,85.63994700637534,86.40366943357476,0.0,15534000
2022-11-22,0.0,87.08161926269531,0.0,87.20175498542972,86.26640509053372,86.36938137298002,0.0,18103100
2022-11-23,0.0,88.60047149658203,0.0,88.60047149658203,87.59647741020244,87.6479622719947,0.0,23234600
2022-11-25,0.0,88.30011749267578,0.0,88.32585991927705,87.89680201751177,88.05126312402344,0.0,9486100
2022-11-28,0.0,88.54898071289062,0.0,89.08100837424372,88.11992276823571,88.90938781514363,0.0,14563200
2022-11-29,0.0,87.51067352294922,0.0,88.35162354592963,87.4506056641649,87.65655167329604,0.0,16576400
2022-11-30,0.0,88.15422821044922,0.0,88.15422821044922,86.98719034172915,87.20171926543647,0.0,21581700
2022-12-01,0.0,90.97041320800781,0.244,91.01341721839955,88.68238723042505,88.72539780330884,0.0,53156800
2022-12-02,0.0,92.11438751220703,0.0,92.12299093628202,89.98119771589435,90.57470928976277,0.0,24479500
2022-12-05,0.0,90.82413482666016,0.0,91.16819954658911,90.23062991133362,91.03917445630466,0.0,20159700
2022-12-06,0.0,91.9939956665039,0.0,92.37246769869637,91.3402795995248,91.60692676993754,0.0,21754500
2022-12-07,0.0,94.16159057617188,0.0,94.34222314758858,93.06918515916307,93.2154171514929,0.0,30546700
2022-12-08,0.0,93.90352630615234,0.0,94.14436969882792,93.30141782446341,93.49925065595109,0.0,13377300
2022-12-09,0.0,91.46070098876953,0.0,93.0433902766681,91.40908699025677,92.84555739692671,0.0,25872200
2022-12-12,0.0,91.75315856933594,0.0,92.99178962412716,91.40049679331432,92.77674987503104,0.0,16897100
2022-12-13,0.0,92.63910675048828,0.0,93.82613017924938,92.43267046124382,93.79172303729341,0.0,23854700
2022-12-14,0.0,93.0347900390625,0.0,93.17241205095895,91.94238455795481,92.60471058783715,0.0,19517500
2022-12-15,0.0,93.3978042602539,0.261,94.08759865322095,93.25984932868062,93.458160776261,0.0,20246200
2022-12-16,0.0,92.3544692993164,0.0,92.9752827644829,91.66467509838363,91.91472533176264,0.0,20838300
2022-12-19,0.0,90.80242156982422,0.0,91.25940736134349,90.51788759100543,91.25078970448149,0.0,26126800
2022-12-20,0.0,89.1900634765625,0.0,89.50908790820503,88.89689860118825,89.13832462892829,0.0,28869000
2022-12-21,0.0,89.41422271728516,0.0,90.01779424139202,88.77616740630546,89.92294738158044,0.0,15894100
2022-12-22,0.0,89.39700317382812,0.0,89.77639070792445,89.13832865905951,89.38837893577151,0.0,11322500
2022-12-23,0.0,88.08639526367188,0.0,88.64684570643094,87.96567567501664,88.44853429454054,0.0,15408900
2022-12-27,0.0,86.34465026855469,0.0,87.1465331484177,86.23256151829844,86.64643273337101,0.0,26475700
2022-12-28,0.0,85.8359603881836,0.0,86.8965114812035,85.66350850995958,86.7844226941328,0.0,17302900
2022-12-29,0.0,86.81026458740234,0.0,87.07755670104359,86.04287203412645,86.1032285300572,0.0,16593000
2022-12-30,0.0,85.84452819824219,0.0,86.69814969842675,85.68070723201868,86.11182680967696,0.0,20810200
2023-01-03,0.0,87.48283386230469,0.0,88.24160238403465,86.9482429125428,88.12088935963139,0.0,25313200
2023-01-04,0.0,88.68133544921875,0.0,89.22455057003762,88.12950266941574,89.0003664475034,0.0,21678200
2023-01-05,0.0,89.05210876464844,0.0,89.06073300297146,87.75874930758239,87.83635429575688,0.0,14771100
2023-01-06,0.0,90.69036865234375,0.0,90.79383978084006,88.50027910358826,88.5520113786531,0.0,27473700
2023-01-09,0.0,91.1731948852539,0.0,91.33702248095071,89.90570187897072,90.02642145047055,0.0,21472200
2023-01-10,0.0,89.66429901123047,0.0,90.37995949674227,89.24180342632381,90.12990920981527,0.0,20545200
2023-01-11,0.0,91.1214599609375,0.0,91.15595032630559,90.27646245533062,90.5092707769741,0.0,18794000
2023-01-12,0.0,92.91492462158203,0.0,92.9580326468996,90.15575444502663,91.24217798984878,0.0,32029600
2023-01-13,0.0,92.04407501220703,0.0,92.94942920105052,91.72504399992489,92.34585754903289,0.0,17750800
2023-01-17,0.0,91.4491195678711,0.0,91.96646853227719,91.09560479244995,91.11284668802632,0.0,13911700
2023-01-18,0.0,93.66504669189453,0.0,93.78575965976535,92.36307017009321,93.51846759924618,0.0,35497200
2023-01-19,0.0,93.07875061035156,0.0,93.44089619686159,92.63901320547521,93.20808784993619,0.0,17194700
2023-01-20,0.0,91.56982421875,0.0,92.46655400932232,91.49222582818703,92.22512802308452,0.0,22754100
2023-01-23,0.0,91.13871765136719,0.0,91.56983742564681,90.95764813557362,91.02662887826614,0.0,12961500
2023-01-24,0.0,92.44932556152344,0.0,92.64763697404851,90.87142560693277,91.50086337262762,0.0,16417200
2023-01-25,0.0,92.67351531982422,0.0,93.04427861182839,91.94923063337521,92.57866843733248,0.0,11906500
2023-01-26,0.0,92.24238586425781,0.0,92.8200847583399,91.81988376706455,92.38034076539192,0.0,15549400
2023-01-27,0.0,92.00959014892578,0.0,92.22515005647504,91.4922476864808,91.56122843570448,0.0,11845500
2023-01-30,0.0,91.67329406738281,0.0,92.39757859458122,91.56120531197702,91.7940070588551,0.0,11459700
2023-01-31,0.0,92.4062271118164,0.0,92.50107400512847,91.2853194483316,92.24240604203207,0.0,13705300
2023-02-01,0.0,93.51703643798828,0.275,93.87146067373115,91.99558900370752,92.97243044854919,0.0,25305800
2023-02-02,0.0,93.6380844116211,0.0,94.52847504041904,93.4392561821881,94.15675785996748,0.0,19548400
2023-02-03,0.0,92.23762512207031,0.0,92.59205591087967,91.70166562036204,92.29813689146603,0.0,20619500
2023-02-06,0.0,91.55470275878906,0.0,91.9004805043436,91.35587461933625,91.41638638433706,0.0,15182400
2023-02-07,0.0,90.81991577148438,0.0,91.83133620292033,90.76805042459114,91.05332302308047,0.0,18290300
2023-02-08,0.0,91.25218963623047,0.0,91.26948249059159,90.24077530072542,90.80267435221428,0.0,13530700
2023-02-09,0.0,90.38770294189453,0.0,92.16849044512972,90.24074670285403,92.0388204596807,0.0,20469900
2023-02-10,0.0,89.37631225585938,0.0,90.28399579563612,89.14291149736056,90.24941668413793,0.0,16598300
2023-02-13,0.0,90.12837982177734,0.0,90.26668965211535,89.54054820343796,89.65292535279323,0.0,13134300
2023-02-14,0.0,89.92089080810547,0.0,90.62110605915016,89.16017037463385,90.07649346441661,0.0,15440300
2023-02-15,0.0,89.08236694335938,0.0,89.86037358245804,88.60691257920911,89.51459578520918,0.0,15246900
2023-02-16,0.0,87.82026672363281,0.0,88.36487937094275,87.59551243915514,88.2352093789504,0.0,19267300
2023-02-17,0.0,88.503173828125,0.0,88.503173828125,87.2842919436936,87.39666906642346,0.0,19560900
2023-02-21,0.0,86.78292083740234,0.0,87.48312956768727,86.68782994868589,87.31888706514144,0.0,22728000
2023-02-22,0.0,87.57821655273438,0.0,87.90671473376337,87.26701122085929,87.30159032387759,0.0,15165400
2023-02-23,0.0,88.43403625488281,0.0,88.6847232149464,87.71653469252242,87.77704647517392,0.0,15829100
2023-02-24,0.0,87.28430938720703,0.0,88.00181097914394,86.92987850614546,87.69060562831082,0.0,21403600
2023-02-27,0.0,87.52635192871094,0.0,87.91535529916715,87.23243944352883,87.56093103201876,0.0,14209200
2023-02-28,0.0,87.92401123046875,0.0,87.93265765605298,86.68783618353531,86.93852976315569,0.0,14955700
2023-03-01,0.0,86.97942352294922,0.25,87.55136805699404,86.62411933647219,87.36938540472794,0.0,19000000
2023-03-02,0.0,86.2081298828125,0.0,86.35544817527068,85.688172078662,85.84415809759953,0.0,23763600
2023-03-03,0.0,88.296630859375,0.0,88.30529858865007,87.15273522205474,87.46470736055484,0.0,30877300
2023-03-06,0.0,87.61199951171875,0.0,88.6865662167115,87.51667435280812,88.58257994265502,0.0,16631900
2023-03-07,0.0,88.1493148803711,0.0,88.71259829061313,87.4213776671939,87.9240001939662,0.0,23096500
2023-03-08,0.0,88.23596954345703,0.0,89.23254683589968,87.88933310110215,88.73859205429457,0.0,20252400
2023-03-09,0.0,88.45263671875,0.0,88.84259867335389,87.81136345126339,88.00201386872902,0.0,21550400
2023-03-10,0.0,91.50298309326172,0.0,91.58964714399178,90.12511195896616,90.15110852956965,0.0,43921500
2023-03-13,0.0,91.71099853515625,0.0,94.54473804336277,91.02639330456803,93.76480761537994,0.0,51502500
2023-03-14,0.0,90.20311737060547,0.0,91.52033447711338,89.90848070376605,91.11303716933186,0.0,38417800
2023-03-15,0.0,91.94496154785156,0.0,93.34016839365466,91.29502071700689,92.53424149894566,0.0,45164100
2023-03-16,0.0,91.2257080078125,0.0,93.61749253341107,91.02639648741165,93.05420905953089,0.0,43089300
2023-03-17,0.0,92.59490966796875,0.0,93.35751120091243,92.25694093824708,92.42159474404912,0.0,38129000
2023-03-20,0.0,91.78031921386719,0.0,92.69023245818217,91.61566541233098,92.62090384579425,0.0,24242800
2023-03-21,0.0,90.99173736572266,0.0,91.35570272841557,90.59310769064828,91.06106599048556,0.0,18934900
2023-03-22,0.0,92.20494842529297,0.0,92.24827385080422,90.5064370352018,90.697087419765,0.0,26388500
2023-03-23,0.0,92.20494842529297,0.0,92.33493792490792,90.83573803755785,91.30369626924734,0.0,25475100
2023-03-24,0.0,92.59490966796875,0.0,93.09753220349243,92.08362601432746,92.80288889898041,0.0,23652700
2023-03-27,0.0,90.41976165771484,0.0,91.65032127382473,90.41110054061969,91.03504477153967,0.0,22224500
2023-03-28,0.0,90.58441925048828,0.0,90.71440873931547,90.14245763309184,90.33310800183305,0.0,17794300
2023-03-29,0.0,90.4024429321289,0.0,90.5150969708351,89.77849863136117,89.86515609279213,0.0,16804400
2023-03-30,0.0,90.81842041015625,0.0,91.03506739910077,90.3591232398991,90.52377706719018,0.0,14315800
2023-03-31,0.0,92.17894744873047,0.0,92.34359463628094,91.06104838385497,91.29502418276367,0.0,25396700
2023-04-03,0.0,92.61245727539062,0.269,93.04684967032988,91.83054963883956,91.98693116614977,0.0,18234800
2023-04-04,0.0,93.0728988647461,0.0,93.65498962836448,91.87397841208174,91.90004089152865,0.0,18052400
2023-04-05,0.0,94.04598999023438,0.0,94.15024659165567,93.31621366519886,93.62897021285373,0.0,23047700
2023-04-06,0.0,94.28919982910156,0.0,94.5845900656686,94.16757050472133,94.19363298447409,0.0,16447300
2023-04-10,0.0,92.76883697509766,0.0,93.62024896885812,92.57770326456153,93.51599240993792,0.0,19134400
2023-04-11,0.0,92.95997619628906,0.0,93.0381636488878,92.53427348832413,93.00341808882315,0.0,13971200
2023-04-12,0.0,92.8644027709961,0.0,93.1076614440664,91.98692830459099,93.00341151463725,0.0,20563000
2023-04-13,0.0,92.13463592529297,0.0,93.29880444184194,91.986937463393,93.00342077464678,0.0,22079400
2023-04-14,0.0,91.29190063476562,0.0,91.70023051667441,91.02257286235476,91.56122177887507,0.0,19801900
2023-04-17,0.0,90.2059326171875,0.0,90.86620433118232,90.10167604893982,90.71851249739156,0.0,19528800
2023-04-18,0.0,90.52739715576172,0.0,90.86622278600377,90.17988844762895,90.18857152551966,0.0,15922600
2023-04-19,0.0,90.44049072265625,0.0,90.56212005681829,89.90184842231051,90.2754261281801,0.0,16093900
2023-04-20,0.0,91.21369171142578,0.0,91.46564003643923,91.00518526697685,91.07468962455995,0.0,16450100
2023-04-21,0.0,90.70113372802734,0.0,91.62204348768441,90.5881874628077,91.48304136750124,0.0,15244700
2023-04-24,0.0,91.57859802246094,0.0,91.64809576065898,91.08338438237972,91.18764093212859,0.0,17034300
2023-04-25,0.0,92.92523956298828,0.0,93.07293141704334,92.33446551846478,92.37790741827075,0.0,21899900
2023-04-26,0.0,91.93482208251953,0.0,93.16849510648454,91.80450301586338,92.77754453481916,0.0,19610400
2023-04-27,0.0,91.02259826660156,0.0,91.45699075101054,90.8835961183084,91.3961760683254,0.0,20247600
2023-04-28,0.0,92.4908447265625,0.0,92.75148286216506,91.96957508366052,92.27364848966141,0.0,26954100
2023-05-01,0.0,89.82389068603516,0.268,91.81842959212857,89.57130646002021,91.68778166211673,0.0,32487300
2023-05-02,0.0,92.06230926513672,0.0,92.06230926513672,90.48584228482076,90.58165033119657,0.0,30057800
2023-05-03,0.0,92.57618713378906,0.0,92.84618799697657,91.69649811352545,92.32360289450426,0.0,23656200
2023-05-04,0.0,91.66165924072266,0.0,92.71554109186151,91.58327446474307,91.64424261662614,0.0,25110500
2023-05-05,0.0,91.35682678222656,0.0,91.36553841758146,90.67746541522091,90.88649814852324,0.0,15096500
2023-05-08,0.0,90.07648468017578,0.0,90.46842851271468,89.98938826573284,90.1635810946187,0.0,20587000
2023-05-09,0.0,89.75423431396484,0.0,90.26810785095853,89.71068278081613,90.14617153217931,0.0,19182500
2023-05-10,0.0,90.62520599365234,0.0,90.79068718991643,90.26810205086504,90.29423031106302,0.0,22886800
2023-05-11,0.0,91.58329010009766,0.0,91.90554753862621,91.2087694902967,91.71393806073172,0.0,19147200
2023-05-12,0.0,90.81681060791016,0.0,91.67037138404041,90.79939398371698,91.4961785619878,0.0,14198500
2023-05-15,0.0,89.87617492675781,0.0,90.12004757596773,89.81520676445533,90.0503677776131,0.0,20085300
2023-05-16,0.0,89.6061782836914,0.0,89.62360155791792,88.93552841667695,89.18811273270455,0.0,29251700
2023-05-17,0.0,89.34486389160156,0.0,89.85003238182841,89.14453616443221,89.78035259454948,0.0,21340900
2023-05-18,0.0,88.68293762207031,0.0,89.06616988667199,88.62196945679564,89.01390671284253,0.0,25536600
2023-05-19,0.0,88.0558090209961,0.0,88.71775366959656,87.90774446585766,88.19516858702981,0.0,29038000
2023-05-22,0.0,87.74227905273438,0.0,88.58712836376495,87.6813108882802,88.18647947663293,0.0,20131100
2023-05-23,0.0,87.994873046875,0.0,88.18648919771965,87.34163979355856,87.4722877732283,0.0,21749500
2023-05-24,0.0,87.55939483642578,0.0,88.28230798596061,87.55939483642578,88.21262816901032,0.0,18473400
2023-05-25,0.0,87.34161376953125,0.0,87.7945257447672,87.12386941663752,87.70742268758546,0.0,22492800
2023-05-26,0.0,88.04711151123047,0.0,88.11679130542525,87.0977492341926,87.20226892548477,0.0,17030300
2023-05-30,0.0,88.92681884765625,0.0,89.04875518994919,88.18648915658275,88.31713713619156,0.0,23125200
2023-05-31,0.0,89.70195770263672,0.0,89.86744552976499,88.72646729858793,88.83098033043316,0.0,23787000
2023-06-01,0.0,90.0539321899414,0.273,90.49930660336837,89.62601403363048,90.19365553649882,0.0,21040400
2023-06-02,0.0,89.06707763671875,0.0,90.01023489673588,89.0234170203997,89.94910470373614,0.0,19136500
2023-06-05,0.0,88.90117645263672,0.0,89.46008310256862,88.38593042875688,88.50819084201117,0.0,14433200
2023-06-06,0.0,89.42511749267578,0.0,89.48624767666827,88.54309055562112,88.93606935804559,0.0,14332100
2023-06-07,0.0,88.09771728515625,0.0,89.45132289937789,88.01038939516894,89.22426505525813,0.0,25251100
2023-06-08,0.0,89.1281967163086,0.0,89.1980616889372,88.02785337951526,88.08898356489267,0.0,23845100
2023-06-09,0.0,89.00595092773438,0.0,89.31160190469737,88.4994397872291,88.72649765412656,0.0,22147400
2023-06-12,0.0,89.26795959472656,0.0,89.33782459313011,88.30733918610329,89.28542251298097,0.0,19010300
2023-06-13,0.0,88.38591766357422,0.0,89.36400749104033,88.17632936579287,89.17188210861914,0.0,25910800
2023-06-14,0.0,89.09326934814453,0.0,89.32906197863906,88.60422783703126,88.75268591537765,0.0,29094200
2023-06-15,0.0,89.9491195678711,0.0,90.49929139578491,89.59980126613699,89.97531727452997,0.0,25732000
2023-06-16,0.0,89.59979248046875,0.0,89.80065264964564,89.10201611468193,89.46006917109108,0.0,16759100
2023-06-20,0.0,90.21981811523438,0.0,90.52547572577194,90.0451623343766,90.0451623343766,0.0,17162900
2023-06-21,0.0,90.43817138671875,0.0,90.51677117824747,89.37275344454925,89.78320199564995,0.0,19720100
2023-06-22,0.0,89.34654235839844,0.0,90.16743933769904,89.25047966240827,89.77446042696997,0.0,23630700
2023-06-23,0.0,90.23728942871094,0.0,90.77872635741157,89.93163847497816,90.67393555195524,0.0,22901900
2023-06-26,0.0,90.33333587646484,0.0,90.64772156172275,90.08881515741757,90.49052871909379,0.0,12894900
2023-06-27,0.0,90.09756469726562,0.0,90.77873162300705,89.7395183200363,90.46434586302001,0.0,18105700
2023-06-28,0.0,90.48180389404297,0.0,90.68265736564865,89.80063705522257,90.30714812197796,0.0,23826800
2023-06-29,0.0,88.8487319946289,0.0,89.37270589617894,88.5954764986303,89.2242478455662,0.0,41091600
2023-06-30,0.0,89.8967056274414,0.0,90.00149643248024,88.96228319392907,89.12820418947092,0.0,32024900
2023-07-03,0.0,89.38707733154297,0.278,90.4203529647523,89.36956044853599,90.0525719096732,0.0,16011800
2023-07-05,0.0,88.5376968383789,0.0,89.31703118385776,88.21370128098107,89.22070836086743,0.0,28170300
2023-07-06,0.0,87.28551483154297,0.0,87.8984722334367,87.10162761097484,87.74085366141624,0.0,41375700
2023-07-07,0.0,86.76011657714844,0.0,87.21545537951438,86.68130395553202,86.84768096059564,0.0,28996500
2023-07-10,0.0,86.87395477294922,0.0,87.15416482508162,86.55871762920842,86.56747607229417,0.0,24665200
2023-07-11,0.0,87.3205337524414,0.0,87.53944804416706,86.94400090344395,87.18918384125922,0.0,20485500
2023-07-12,0.0,88.2925033569336,0.0,88.54644470715408,87.36430232629554,87.65327076076021,0.0,31928000
2023-07-13,0.0,89.22071838378906,0.0,89.29077256851254,88.46765259984855,88.71283556564597,0.0,32441500
2023-07-14,0.0,88.69530487060547,0.0,89.26448329871377,88.65151934508435,89.07183767559404,0.0,18569000
2023-07-17,0.0,88.73910522460938,0.0,88.87045515227702,88.37133077172787,88.64278907043695,0.0,18822000
2023-07-18,0.0,89.14192199707031,0.0,89.37834654495033,88.94051786457324,89.14192199707031,0.0,15407400
2023-07-19,0.0,90.14889526367188,0.0,90.17517058833964,89.08059921952025,89.31702369566253,0.0,27192500
2023-07-20,0.0,89.05432891845703,0.0,89.58848031103135,88.68655452116339,89.50967437478293,0.0,56951200
2023-07-21,0.0,89.08061218261719,0.0,89.62351538488599,88.99304111578144,89.45714505551382,0.0,20657500
2023-07-24,0.0,88.75662994384766,0.0,89.44840005525786,88.70409264043829,89.30829167185232,0.0,17546700
2023-07-25,0.0,88.5902328491211,0.0,88.87920131391192,88.26624397714403,88.29251262290066,0.0,17160600
2023-07-26,0.0,88.67778778076172,0.0,89.04556882437272,88.38006758626061,89.03681038314234,0.0,19310700
2023-07-27,0.0,86.95276641845703,0.0,88.3800853115421,86.61126063004568,88.1874396502363,0.0,44794400
2023-07-28,0.0,87.39933776855469,0.0,87.44312329823045,86.82140752509098,87.04032181200208,0.0,27434000
2023-07-31,0.0,87.60950469970703,0.0,87.85468764445947,87.232971840056,87.25924048688887,0.0,28663800
2023-08-01,0.0,86.17384338378906,0.275,86.85873734205992,85.96310832720111,86.78849009014839,0.0,34943400
2023-08-02,0.0,85.25186920166016,0.0,85.38358112818834,84.65478763980653,85.20796969224867,0.0,38121300
2023-08-03,0.0,83.28499603271484,0.0,83.69769029134798,83.01279628729603,83.58354352372169,0.0,59394800
2023-08-04,0.0,84.7601547241211,0.0,84.89186665515943,83.53085453300835,83.54841969669192,0.0,42071800
2023-08-07,0.0,83.92597961425781,0.0,84.47037903431632,83.85573236678374,84.39135590526767,0.0,35862900
2023-08-08,0.0,84.90062713623047,0.0,85.49771526224679,84.68110954135896,85.0498974929482,0.0,24010500
2023-08-09,0.0,85.33969116210938,0.0,85.42749688989831,85.03236106612667,85.06748469707176,0.0,20151100
2023-08-10,0.0,83.93476867675781,0.0,85.48895745024343,83.93476867675781,85.20797511536854,0.0,37253200
2023-08-11,0.0,83.7416000366211,0.0,84.18063536022878,83.59232293524246,83.68013535928192,0.0,26753500
2023-08-14,0.0,83.55720520019531,0.0,84.23331664441733,83.3289049583559,83.60110471264503,0.0,19072000
2023-08-15,0.0,83.0479507446289,0.0,83.59235043755841,83.03038557438302,83.241127422436,0.0,24125000
2023-08-16,0.0,82.39816284179688,0.0,83.23233414341014,82.29279863045745,82.7845161477714,0.0,23076700
2023-08-17,0.0,82.04692077636719,0.0,82.19619117378964,81.67812602506554,82.09960286977578,0.0,32244900
2023-08-18,0.0,82.33667755126953,0.0,82.70547229613027,81.92398999486446,82.03813676163858,0.0,24181700
2023-08-21,0.0,81.23908996582031,0.0,81.44983173580401,80.9844553839308,81.36202601455103,0.0,29254100
2023-08-22,0.0,81.862548828125,0.0,81.90644835142254,81.18643051768294,81.34448353968182,0.0,21308700
2023-08-23,0.0,83.89087677001953,0.0,83.89965935291576,82.74060627908473,82.8020709610626,0.0,38294700
2023-08-24,0.0,83.33767700195312,0.0,83.89964160376529,83.3201118398766,83.53084689076954,0.0,22300800
2023-08-25,0.0,83.6098861694336,0.0,83.86452745514491,82.9864568282013,83.11816876207229,0.0,23865200
2023-08-28,0.0,83.69768524169922,0.0,83.99623271469409,83.32011463414925,83.98745013336129,0.0,16037300
2023-08-29,0.0,84.56696319580078,0.0,84.74258130591137,83.3640109624863,83.39035200421641,0.0,28478100
2023-08-30,0.0,84.47917938232422,0.0,84.64601495537671,84.18941444991124,84.43527986777984,0.0,17550100
2023-08-31,0.0,84.85674285888672,0.0,85.21675502306876,84.67234883545706,84.76893713808408,0.0,26959700
2023-09-01,0.0,83.53482055664062,0.289,84.38910499749136,83.33226228423315,84.37149386394196,0.0,32469700
2023-09-05,0.0,82.36347961425781,0.0,83.04162582334912,82.33705955506447,83.03281689720404,0.0,29435900
2023-09-06,0.0,82.56603240966797,0.0,82.88308651166037,82.31062734310515,82.86546866197139,0.0,23636300
2023-09-07,0.0,82.7950210571289,0.0,82.84786117003463,82.504386997665,82.78621213189754,0.0,18091500
2023-09-08,0.0,83.11207580566406,0.0,83.57884805786077,82.9359308959022,83.1208780117212,0.0,17052100
2023-09-11,0.0,82.51319885253906,0.0,82.76860393938695,82.38990077188718,82.52200105884174,0.0,17061500
2023-09-12,0.0,82.98876953125,0.0,82.9975717364377,82.41631038974074,82.68932657385291,0.0,20034300
2023-09-13,0.0,82.97117614746094,0.0,83.25300133910102,82.6277019051259,82.71577101765546,0.0,23332300
2023-09-14,0.0,82.37227630615234,0.0,82.97115552947386,82.25778716023828,82.73336831280896,0.0,27800600
2023-09-15,0.0,81.8702621459961,0.0,82.32823209568089,81.8702621459961,82.31061424879464,0.0,25642900
2023-09-18,0.0,82.3370590209961,0.0,82.37228800610602,81.74698863869921,81.77340869772118,0.0,17963400
2023-09-19,0.0,81.72937774658203,0.0,82.28421914540385,81.72937774658203,81.97597392383618,0.0,24941800
2023-09-20,0.0,81.9847640991211,0.0,82.4339251956275,81.94073291349711,82.16090899933974,0.0,29451200
2023-09-21,0.0,79.87989044189453,0.0,80.4699675264325,79.87108823530205,80.39950955824264,0.0,59958700
2023-09-22,0.0,80.52283477783203,0.0,80.68136190005941,79.85349729295595,79.97679541921681,0.0,29524500
2023-09-25,0.0,78.54120635986328,0.0,79.29861256277972,78.51478630707973,78.96394736212093,0.0,45587900
2023-09-26,0.0,78.26819610595703,0.0,78.92872435244374,78.12728018813763,78.76138837984338,0.0,38104100
2023-09-27,0.0,77.86309051513672,0.0,78.92874218728913,77.58125861581479,78.85828421245864,0.0,47111200
2023-09-28,0.0,78.1008529663086,0.0,78.14489086639615,76.70933864212,77.16730861376595,0.0,60238000
2023-09-29,0.0,78.10967254638672,0.0,78.81423200922681,77.61647353123345,78.62047597319243,0.0,49010100
2023-10-02,0.0,76.80211639404297,0.28,77.68561019508314,76.60774667933049,77.5884253377269,0.0,44704300
2023-10-03,0.0,75.14998626708984,0.0,76.55474502250584,74.9997939272315,76.25435360226587,0.0,71362600
2023-10-04,0.0,76.21016693115234,0.0,76.25433757095921,75.42385809305827,75.77725017360069,0.0,56281600
2023-10-05,0.0,75.83025360107422,0.0,76.14831182077734,75.66238766830843,76.07763071850532,0.0,35758800
2023-10-06,0.0,74.91143035888672,0.0,75.70657602347914,74.26647700301677,74.39016557967317,0.0,62787900
2023-10-09,0.0,76.66959381103516,0.0,76.68726746240229,75.05279847761685,75.5387227823676,0.0,29424900
2023-10-10,0.0,76.56356048583984,0.0,77.01413737969534,75.55637155590281,75.8479260687656,0.0,54743900
2023-10-11,0.0,78.16268157958984,0.0,78.16268157958984,77.39403970419507,77.61491310902468,0.0,58517700
2023-10-12,0.0,76.04230499267578,0.0,77.91531412492277,75.91861640984574,77.79162554209273,0.0,66986700
2023-10-13,0.0,77.40287017822266,0.0,77.59723983701161,77.01413086064474,77.39403335540838,0.0,44183800
2023-10-16,0.0,76.1571273803711,0.0,76.3073263791871,75.89208340817505,76.14829729966164,0.0,38309800
2023-10-17,0.0,75.3178482055664,0.0,75.65357343080355,74.65522784012154,74.99978989091103,0.0,52949100
2023-10-18,0.0,74.65522003173828,0.0,74.8495897304228,74.08094776031277,74.54919835776793,0.0,63724600
2023-10-19,0.0,73.12674713134766,0.0,74.71703797754856,73.10024340733095,74.1074253630849,0.0,87696900
2023-10-20,0.0,73.54199981689453,0.0,73.80705057306525,73.12675677780342,73.32112643359251,0.0,52188800
2023-10-23,0.0,74.42549133300781,0.0,74.97325973533856,72.81753341576915,73.16209534514024,0.0,70890400
2023-10-24,0.0,75.40617370605469,0.0,75.40617370605469,74.2929699374172,74.60219807463716,0.0,46267700
2023-10-25,0.0,73.72754669189453,0.0,74.32832267851853,73.44482897704336,74.2311378321145,0.0,60737200
2023-10-26,0.0,74.85840606689453,0.0,74.93791724521904,73.68335811228286,73.75403920891823,0.0,49704100
2023-10-27,0.0,74.54037475585938,0.0,75.07046969076492,73.98376934476417,74.38134560133544,0.0,32362300
2023-10-30,0.0,74.20462036132812,0.0,74.65520395300568,73.54200020789908,74.04559125488433,0.0,45026900
2023-10-31,0.0,73.84241485595703,0.0,74.89376791482184,73.8159111199259,74.54037578037617,0.0,37269200
2023-11-01,0.0,75.44347381591797,0.286,75.46120815002693,74.48602268403462,74.5037570181436,0.0,72308500
2023-11-02,0.0,77.1633529663086,0.0,77.40271241081126,76.43640070047172,76.84420253119309,0.0,69739400
2023-11-03,0.0,77.6863784790039,0.0,78.9452522819231,77.64205617584669,78.73248087757098,0.0,77692300
2023-11-06,0.0,76.9328384399414,0.0,77.30517828473349,76.77326325450672,77.1899321700121,0.0,41341900
2023-11-07,0.0,78.06758880615234,0.0,78.45766296719863,77.65091990933767,77.66865424229411,0.0,37834200
2023-11-08,0.0,79.39739227294922,0.0,79.45058851657352,78.41334631174163,78.43994781538744,0.0,53893400
2023-11-09,0.0,77.57112121582031,0.0,78.92750659603625,76.89735872629099,78.84772240363061,0.0,88975100
2023-11-10,0.0,78.00550079345703,0.0,78.39557479761122,77.81046379137995,78.21827212135761,0.0,36516400
2023-11-13,0.0,77.82821655273438,0.0,77.96119697325604,77.0392079582817,77.32289636568417,0.0,25661500
2023-11-14,0.0,79.59239196777344,0.0,79.92040938852998,79.15799563711198,79.78742898748466,0.0,65666800
2023-11-15,0.0,78.47537994384766,0.0,79.0250292089786,78.28921005493203,78.90978311498283,0.0,56205300
2023-11-16,0.0,79.4505844116211,0.0,79.7520004673604,79.12256685361038,79.16689592706238,0.0,49473900
2023-11-17,0.0,79.82290649414062,0.0,80.16865154629679,79.46829427653635,79.92929218852156,0.0,44091400
2023-11-20,0.0,80.31049346923828,0.0,80.37255686455511,79.4417006261207,79.45056779168962,0.0,40477800
2023-11-21,0.0,80.27503967285156,0.0,80.49667147011105,79.68992848152699,80.23071060793339,0.0,27721000
2023-11-22,0.0,80.55873107910156,0.0,80.9576656234413,80.12432787058431,80.7803628845494,0.0,31197500
2023-11-24,0.0,79.61014556884766,0.0,80.01794727076182,79.60127840298745,79.87609967166169,0.0,20199600
2023-11-27,0.0,80.93994903564453,0.0,80.97540417730013,79.97363071569117,80.05342169358343,0.0,39804400
2023-11-28,0.0,81.09951782226562,0.0,81.14384012766786,80.48781184018455,80.59419754774927,0.0,44989300
2023-11-29,0.0,82.11901092529297,0.0,82.1810675578578,81.36546416881546,81.65801976390641,0.0,61647800
2023-11-30,0.0,81.1704330444336,0.0,81.81760091453178,80.815827554498,81.5339124643836,0.0,60520900
2023-12-01,0.0,82.6991958618164,0.289,82.76144899231993,81.04503349691444,81.20511394464954,0.0,64172200
2023-12-04,0.0,82.37015533447266,0.0,82.55691474599458,81.89880239863193,82.25453751894737,0.0,33766300
2023-12-05,0.0,84.13990020751953,0.0,84.14879544839116,83.21499192421247,83.26834979928071,0.0,73588600
2023-12-06,0.0,85.26045989990234,0.0,85.42054030421794,84.37112582816694,84.55788516902172,0.0,61606100
2023-12-07,0.0,84.7713394165039,0.0,85.44723533817752,84.54011061446893,84.64683316581164,0.0,47970200
2023-12-08,0.0,84.07766723632812,0.0,84.23774768496837,83.51738905862845,83.9709446755405,0.0,44809200
2023-12-11,0.0,83.89981842041016,0.0,83.98875730372156,83.17945960416017,83.60634317476871,0.0,33909700
2023-12-12,0.0,84.14881134033203,0.0,84.21995292549822,83.50848957826207,83.73082314647624,0.0,36996900
2023-12-13,0.0,86.12312316894531,0.0,86.24763620283147,84.5045351494055,84.63793664029077,0.0,70828500
2023-12-14,0.0,88.36344909667969,0.311,88.36344909667969,86.91808329588395,87.13221610063033,0.0,87798600
2023-12-15,0.0,88.46157836914062,0.0,88.64001553947085,87.95302494606359,88.05116743182774,0.0,59941300
2023-12-18,0.0,87.7567367553711,0.0,87.88164413140863,87.45338540860743,87.88164413140863,0.0,34746000
2023-12-19,0.0,88.2296142578125,0.0,88.55973054668651,88.02441217017005,88.20284936002804,0.0,30018400
2023-12-20,0.0,88.827392578125,0.0,88.94338288593777,87.9530407566139,88.4259054692393,0.0,51229400
2023-12-21,0.0,88.26533508300781,0.0,89.0772334404728,88.10473883108853,88.98801481317207,0.0,65231200
2023-12-22,0.0,87.86382293701172,0.0,88.66679716192604,87.64969012388775,88.66679716192604,0.0,29244200
2023-12-26,0.0,88.11363983154297,0.0,88.21178233814598,87.86382501726011,87.91735481833696,0.0,24019700
2023-12-27,0.0,89.67500305175781,0.0,89.69284405255269,88.77387935537197,89.02369420816547,0.0,45082800
2023-12-28,0.0,89.023681640625,0.0,89.7285201940436,88.82739662487005,89.30026135903793,0.0,36213000
2023-12-29,0.0,88.220703125,0.0,89.05937301399223,88.14933232289232,88.44375304807721,0.0,41616200
2024-01-02,0.0,87.712158203125,0.0,88.01550966796897,87.43557844951702,87.64078739399477,0.0,47797400
2024-01-03,0.0,88.07794952392578,0.0,88.19393302659206,86.67719636181677,86.88239846706811,0.0,58159500
2024-01-04,0.0,86.73966217041016,0.0,87.11438443773254,86.60583084438244,86.91809940048444,0.0,52604500
2024-01-05,0.0,85.9098892211914,0.0,87.15004596069524,85.83851162873059,86.09725029619466,0.0,45894800
2024-01-08,0.0,86.75750732421875,0.0,86.88241475263958,85.73147618480965,85.8563904201748,0.0,39485800
2024-01-09,0.0,86.20433044433594,0.0,86.69503615520856,86.17755873768357,86.22217144182788,0.0,34374000
2024-01-10,0.0,85.80281829833984,0.0,86.58795816003524,85.75821241061539,86.47196787668032,0.0,48227800
2024-01-11,0.0,86.28461456298828,0.0,86.39168095564006,85.39241504504989,85.80282600646849,0.0,78858900
2024-01-12,0.0,86.1151123046875,0.0,86.78426208167473,85.89206237902509,86.34708613332059,0.0,38883900
2024-01-16,0.0,84.59835052490234,0.0,85.46378506975297,84.3217708770624,85.3121127988047,0.0,61716700
2024-01-17,0.0,84.46452331542969,0.0,84.75895077811444,84.00950648067162,84.40206962397612,0.0,55506800
2024-01-18,0.0,83.67939758300781,0.0,84.3842360525254,83.42958279521778,84.2771696547829,0.0,77339100
2024-01-19,0.0,83.94705200195312,0.0,84.0184295992875,83.20653155217151,83.60801862502832,0.0,47030900
2024-01-22,0.0,84.44669342041016,0.0,84.83033952031998,84.21471961868863,84.59836571859846,0.0,35756400
2024-01-23,0.0,83.7775650024414,0.0,83.85785971942856,83.35822999521213,83.76864109823912,0.0,35786700
2024-01-24,0.0,83.28683471679688,0.0,84.34855446259273,83.06378480764266,84.3217895626051,0.0,54574900
2024-01-25,0.0,83.83109283447266,0.0,84.06306668964375,83.48313545518816,83.86678164349469,0.0,57019400
2024-01-26,0.0,83.67047119140625,0.0,83.92920987304365,83.41173250976885,83.80430248286591,0.0,29276900
2024-01-29,0.0,84.63404846191406,0.0,84.91062813963163,83.97382271174524,84.14333599472911,0.0,38243600
2024-01-30,0.0,85.40135192871094,0.0,85.50841153069557,84.52699327315858,85.18722591779853,0.0,40151400
2024-01-31,0.0,86.2400131225586,0.0,86.46306301355597,85.65115814299313,85.84744313618161,0.0,80646700
2024-02-01,0.0,87.93168640136719,0.31,88.31656682491565,86.99186687561607,87.19772917841928,0.0,84291200
2024-02-02,0.0,85.98938751220703,0.0,86.48167881751289,85.64926331962319,86.1683988074947,0.0,63823300
2024-02-05,0.0,84.25296020507812,0.0,84.89741187793,84.15450193123442,84.70049533024259,0.0,53827400
2024-02-06,0.0,85.07643127441406,0.0,85.16593693499229,84.32456870209982,84.35141971738888,0.0,33411500
2024-02-07,0.0,84.66470336914062,0.0,85.23755469083726,84.60204871613638,84.6468049663587,0.0,40120200
2024-02-08,0.0,84.17240905761719,0.0,84.40512924002451,83.83228481320975,84.15450382805435,0.0,50087700
2024-02-09,0.0,84.00234985351562,0.0,84.14556438543767,83.83229113291412,83.92179680094303,0.0,27951300
2024-02-12,0.0,84.10082244873047,0.0,84.26193541013755,83.68909084265592,84.0471204045434,0.0,27890300
2024-02-13,0.0,82.65974426269531,0.0,83.29524338255403,82.64184586064559,83.11623204667782,0.0,49768500
2024-02-14,0.0,83.08039855957031,0.0,83.28626766781109,82.55231052830766,82.61496515623446,0.0,44191600
2024-02-15,0.0,83.51004791259766,0.0,83.88597573751282,83.24152413546206,83.74276123534895,0.0,49598500
2024-02-16,0.0,83.02670288085938,0.0,83.10725591055247,82.65076825576324,82.77608435002382,0.0,33116800
2024-02-20,0.0,83.09832000732422,0.0,83.41160006270685,82.99091594613628,83.05357059144397,0.0,24469300
2024-02-21,0.0,82.50756072998047,0.0,83.15201228396346,82.35540045441304,83.08935765115083,0.0,36343100
2024-02-22,0.0,82.91033935546875,0.0,83.02670283675401,82.58811357918198,82.64182242779164,0.0,45190700
2024-02-23,0.0,84.02023315429688,0.0,84.13658980947972,83.0177521790345,83.0177521790345,0.0,38406700
2024-02-26,0.0,83.76963806152344,0.0,84.16347123499334,83.41161535347308,84.13662021477411,0.0,27855000
2024-02-27,0.0,83.17884063720703,0.0,83.66217917103992,83.10723341097084,83.4563101028211,0.0,30242000
2024-02-28,0.0,83.70693969726562,0.0,83.77854693302424,83.15200069224096,83.31311355827692,0.0,34574200
2024-02-29,0.0,84.29772186279297,0.0,84.40513275811432,83.93969237389967,83.97549600567345,0.0,51038600
2024-03-01,0.0,84.82298278808594,0.295,84.85889891940214,83.51207482140217,83.89816467017422,0.0,45832800
2024-03-04,0.0,84.48178100585938,0.0,84.54463937193067,84.11365265643634,84.13160729652711,0.0,23864200
2024-03-05,0.0,85.6849594116211,0.0,85.90943012087817,85.27193412862438,85.50538558433641,0.0,37721900
2024-03-06,0.0,86.18773651123047,0.0,86.34935563009375,85.66696988404841,85.7387952755324,0.0,40571600
2024-03-07,0.0,86.10694885253906,0.0,86.55589018456449,85.72983977770996,86.51997405596633,0.0,39075000
2024-03-08,0.0,85.95431518554688,0.0,86.24163737988177,85.72984450715083,86.01716670148572,0.0,25023200
2024-03-11,0.0,85.9094009399414,0.0,86.2057038195878,85.63105954710392,86.16080695286558,0.0,17787900
2024-03-12,0.0,85.19110107421875,0.0,85.48740398482032,85.02050803351243,85.33476558249859,0.0,29566000
2024-03-13,0.0,84.77806854248047,0.0,85.06539068384335,84.58951402942672,84.84990079039623,0.0,38270100
2024-03-14,0.0,83.47615051269531,0.0,84.17649787900045,83.37738287382655,84.15854324025202,0.0,58365600
2024-03-15,0.0,83.44921875,0.0,83.67368942074968,83.31453497748994,83.55696028776705,0.0,34997700
2024-03-18,0.0,83.19780731201172,0.0,83.49410337200237,83.05414280388224,83.26065882174316,0.0,29519500
2024-03-19,0.0,83.4312515258789,0.0,83.74550907326906,83.22474235915142,83.36840001640087,0.0,26953100
2024-03-20,0.0,83.40433502197266,0.0,84.21243093410436,82.86560669731897,83.59288959308634,0.0,43460100
2024-03-21,0.0,83.58390045166016,0.0,83.88918414349294,83.26066896957488,83.7455196178536,0.0,34276600
2024-03-22,0.0,84.38301086425781,0.0,84.5895200287867,84.20343023173196,84.57156539068444,0.0,30262300
2024-03-25,0.0,83.96099090576172,0.0,84.17648077847073,83.77243641085389,84.1405646579693,0.0,24011800
2024-03-26,0.0,84.1944351196289,0.0,84.28422884571874,83.75447463304664,83.96099061263395,0.0,34423000
2024-03-27,0.0,85.02950286865234,0.0,85.02950286865234,84.3471168371672,84.3920068693346,0.0,50157800
2024-03-28,0.0,84.9576416015625,0.0,85.31678910857903,84.6882741210005,84.84091249651249,0.0,34540400
2024-04-01,0.0,83.37397003173828,0.312,84.04960996109446,83.29288966627385,84.0405995042729,0.0,48945400
2024-04-02,0.0,82.91453552246094,0.0,83.0586684712444,82.28393411175894,82.49113338728108,0.0,43086300
2024-04-03,0.0,82.896484375,0.0,82.92351573644294,82.02266279796105,82.21184109028675,0.0,45494400
2024-04-04,0.0,83.49108123779297,0.0,83.56315114881762,82.91453569552573,83.44603582516132,0.0,47957400
2024-04-05,0.0,82.3289566040039,0.0,83.0406313115862,82.31994614941189,82.59921525806004,0.0,42495900
2024-04-08,0.0,82.3199462890625,0.0,82.5091245980375,82.09473303462136,82.18482383476828,0.0,37879800
2024-04-09,0.0,83.08568572998047,0.0,83.20279416053583,82.73434669238675,82.7613780590969,0.0,32522000
2024-04-10,0.0,81.27497863769531,0.0,82.24790176516142,81.12183523975101,82.15781094475687,0.0,74368900
2024-04-11,0.0,80.90560913085938,0.0,81.47315094340766,80.63535734327931,81.41909508752104,0.0,65751200
2024-04-12,0.0,81.3380355834961,0.0,81.93259511666245,81.32902512714018,81.6533328263089,0.0,47900100
2024-04-15,0.0,80.07682800292969,0.0,80.410146109602,79.74350989625736,80.37411116242417,0.0,55993100
2024-04-16,0.0,79.54533386230469,0.0,79.79757163818735,79.08589684311046,79.32012058055747,0.0,45103200
2024-04-17,0.0,80.42816162109375,0.0,80.518245554208,79.68946237281527,80.05881543343628,0.0,57947000
2024-04-18,0.0,80.02278137207031,0.0,80.41915205675659,79.80657168264476,80.3921275638193,0.0,43839500
2024-04-19,0.0,80.3110580444336,0.0,80.52726087155457,80.09485521731261,80.52726087155457,0.0,44826800
2024-04-22,0.0,80.17591857910156,0.0,80.2840234154974,79.86062139748424,79.88764588834242,0.0,24969000
2024-04-23,0.0,80.20296478271484,0.0,80.6624018705733,79.77055906599567,79.93271292800661,0.0,27222700
2024-04-24,0.0,79.63541412353516,0.0,79.84260648431645,78.82464497208669,79.77954704325732,0.0,48986800
2024-04-25,0.0,79.07688903808594,0.0,79.18499389121531,78.6805114495757,78.78861630270508,0.0,49282600
2024-04-26,0.0,79.49124908447266,0.0,79.82456709447419,79.32009172622229,79.5002595368947,0.0,31589800
2024-04-29,0.0,80.15791320800781,0.0,80.19394128440467,79.70748665044485,79.86964048608607,0.0,39228600
2024-04-30,0.0,79.47327423095703,0.0,79.9327113095127,79.36516936748369,79.65344213044779,0.0,41054700
2024-05-01,0.0,80.05904388427734,0.308,80.64665118011942,79.76976124745322,80.09520507601061,0.0,59679500
2024-05-02,0.0,80.402587890625,0.0,80.46586826459541,79.57993613196622,79.74265807889634,0.0,58925400
2024-05-03,0.0,81.21620178222656,0.0,81.46933020960392,80.70091669632183,81.29756621528753,0.0,50066100
2024-05-06,0.0,81.53260040283203,0.0,81.58683875339808,81.06251170778108,81.2433177047405,0.0,23868200
2024-05-07,0.0,82.02979278564453,0.0,82.48179738514209,81.91227407271059,82.1744375680643,0.0,30525800
2024-05-08,0.0,81.53260040283203,0.0,81.77667987742281,81.50548122754901,81.64107710396414,0.0,31171700
2024-05-09,0.0,81.9303207397461,0.0,82.05688142875496,81.19807576804612,81.24327896999513,0.0,39606700
2024-05-10,0.0,81.46932220458984,0.0,81.70435966135072,81.32467740315815,81.61396010897779,0.0,21913800
2024-05-13,0.0,81.67724609375,0.0,81.91229046369406,81.64108489090906,81.85805210795475,0.0,23157500
2024-05-14,0.0,82.13826751708984,0.0,82.19250585612838,81.74050130536168,81.94842643341288,0.0,25746400
2024-05-15,0.0,83.2592544555664,0.0,83.40389925293988,82.83436898458625,83.05133618064647,0.0,65142900
2024-05-16,0.0,83.17790222167969,0.0,83.54854246870347,83.11462184306373,83.5214232917315,0.0,37902400
2024-05-17,0.0,82.61740112304688,0.0,82.98804820960595,82.57219790374452,82.84340342547277,0.0,24755000
2024-05-20,0.0,82.37330627441406,0.0,82.55410532374377,82.27386472817024,82.3371450851398,0.0,17922800
2024-05-21,0.0,82.79821014404297,0.0,82.96093209720206,82.65357223959252,82.92477779387227,0.0,15334400
2024-05-22,0.0,82.89764404296875,0.0,82.96996643701746,82.49988466978701,82.50891979626076,0.0,38073700
2024-05-23,0.0,82.36428833007812,0.0,82.98805695758031,82.10212480398364,82.98805695758031,0.0,51294700
2024-05-24,0.0,82.60836029052734,0.0,82.68972470703581,82.17443972595896,82.23772009566865,0.0,19164400
2024-05-28,0.0,81.42410278320312,0.0,82.59027539885997,81.3879415900383,82.56315622824694,0.0,45973700
2024-05-29,0.0,80.43875122070312,0.0,80.81843347458461,80.16754566961997,80.76418822614178,0.0,45508400
2024-05-30,0.0,81.21620178222656,0.0,81.33372741919858,80.8546035372049,80.99924145580468,0.0,29548600
2024-05-31,0.0,81.76765441894531,0.0,81.95750247847567,81.58685528240063,81.79478049676747,0.0,41308800
2024-06-03,0.0,83.09017944335938,0.308,83.15367602961278,82.19215431760139,82.21936615162302,0.0,42272100
2024-06-04,0.0,84.06077575683594,0.0,84.17870293410287,83.44394879776175,83.6344385603364,0.0,42581500
2024-06-05,0.0,84.67761993408203,0.0,84.67761993408203,83.80680644783888,84.36013693190125,0.0,43153900
2024-06-06,0.0,84.55062103271484,0.0,84.75018374080528,84.23313805193912,84.28756172846927,0.0,22891900
2024-06-07,0.0,82.99948120117188,0.0,83.29882525333555,82.9087727697734,83.29882525333555,0.0,35240500
2024-06-10,0.0,82.44615173339844,0.0,82.60035676063339,82.22845011138382,82.54593308528217,0.0,20586500
2024-06-11,0.0,83.29884338378906,0.0,83.33512814836797,82.47338056099416,82.57316193343335,0.0,30329200
2024-06-12,0.0,83.92472076416016,0.0,84.8771766236243,83.8975089259943,84.37826985521738,0.0,42554600
2024-06-13,0.0,85.15836334228516,0.0,85.25814468248807,84.31476187004809,84.55968222167668,0.0,33093800
2024-06-14,0.0,85.8749771118164,0.0,86.02918213082546,85.48492464451682,85.64820258247035,0.0,28776700
2024-06-17,0.0,85.02230072021484,0.0,85.09486330237462,84.61410245759873,84.83180404529544,0.0,31040200
2024-06-18,0.0,85.80242156982422,0.0,85.81149449024574,85.02232342883711,85.16745555252871,0.0,26881000
2024-06-20,0.0,85.2309341430664,0.0,85.26721889647416,84.66853084615975,84.73203435508015,0.0,30246300
2024-06-21,0.0,85.2309341430664,0.0,85.7026290167582,84.89530536450144,85.48492049631164,0.0,22596400
2024-06-24,0.0,85.57560729980469,0.0,85.57560729980469,85.03134997740699,85.31255501512155,0.0,56939100
2024-06-25,0.0,85.72077178955078,0.0,85.76612946350329,85.30350748750334,85.33071932363109,0.0,22890200
2024-06-26,0.0,84.4961929321289,0.0,84.78646405944153,84.45990817613864,84.61411319864013,0.0,38489100
2024-06-27,0.0,84.83180236816406,0.0,85.0041532036796,84.74109395180115,84.83180236816406,0.0,23140800
2024-06-28,0.0,83.25346374511719,0.0,85.0585870531115,83.25346374511719,85.02230921870976,0.0,55119600
2024-07-01,0.0,81.81661987304688,0.291,82.88129890254068,81.73471774782719,82.28070645967352,0.0,49735400
2024-07-02,0.0,82.4535903930664,0.0,82.63558428269387,81.97130033719395,82.51728894869821,0.0,34204700
2024-07-03,0.0,83.53646850585938,0.0,83.61836366921361,82.89037426272003,82.96317459189369,0.0,35563300
2024-07-05,0.0,84.2280502319336,0.0,84.38275266603019,83.62746487689195,83.96415424744114,0.0,34895500
2024-07-08,0.0,84.4100570678711,0.0,84.49195223650305,83.91866522821348,84.20985962105259,0.0,16095700
2024-07-09,0.0,84.03697967529297,0.0,84.33727591381347,83.60019145801182,84.14618020092502,0.0,30289800
2024-07-10,0.0,84.30084228515625,0.0,84.33724244592212,83.95505117181175,84.12794325717361,0.0,23572500
2024-07-11,0.0,85.11983489990234,0.0,85.6658234669059,85.05613634946228,85.24723200078246,0.0,49761800
2024-07-12,0.0,85.48381805419922,0.0,85.48381805419922,84.93782261826838,85.11072163582118,0.0,27796500
2024-07-15,0.0,84.50104522705078,0.0,84.90144007905273,84.42824490075566,84.62844232675664,0.0,37918900
2024-07-16,0.0,85.69313049316406,0.0,85.7295306603169,84.98334459023901,85.11074170396289,0.0,36383700
2024-07-17,0.0,85.71131134033203,0.0,85.90240696029039,85.25631978539683,85.46561201279974,0.0,29036800
2024-07-18,0.0,85.05613708496094,0.0,85.66582420767666,84.97423498076047,85.24723273793357,0.0,34553100
2024-07-19,0.0,84.55563354492188,0.0,84.77403450196721,84.46463661746326,84.66483402344454,0.0,32164700
2024-07-22,0.0,84.30995178222656,0.0,85.10163278786975,83.99145902463324,84.99243923819284,0.0,36160400
2024-07-23,0.0,84.1916732788086,0.0,84.65576682380363,84.16437488368359,84.45556933605583,0.0,23498000
2024-07-24,0.0,83.28167724609375,0.0,84.4919568275343,83.23618224192236,84.25535920092717,0.0,50757100
2024-07-25,0.0,83.96417236328125,0.0,84.50106622484479,83.68207970706656,83.74577827274804,0.0,44999100
2024-07-26,0.0,84.61933135986328,0.0,84.76493199663994,84.36453718812461,84.58293120066912,0.0,34423800
2024-07-29,0.0,85.07433319091797,0.0,85.2563340088276,84.82864076501663,85.23813045572598,0.0,25801300
2024-07-30,0.0,85.40194702148438,0.0,85.58394788052642,84.90146028002023,85.31095006327479,0.0,28169800
2024-07-31,0.0,86.2755126953125,0.0,86.30281108293741,85.75682250257476,86.02071848731804,0.0,47445300
2024-08-01,0.0,87.01962280273438,0.315,87.56743841646545,86.84615435976677,86.86441162953419,0.0,77254200
2024-08-02,0.0,89.73128509521484,0.0,89.81346022493072,88.4621923696969,88.56262476948018,0.0,91912900
2024-08-05,0.0,90.2060546875,0.0,91.24689319063721,89.3843382466641,91.01863901072528,0.0,90686300
2024-08-06,0.0,88.18829345703125,0.0,89.84999079720588,88.18829345703125,89.61260446778583,0.0,61316900
2024-08-07,0.0,87.56743621826172,0.0,88.06045911301952,87.1930960226602,87.60395075687994,0.0,51337100
2024-08-08,0.0,87.02875518798828,0.0,87.10179819881225,86.59050408880941,86.84615462669328,0.0,37815800
2024-08-09,0.0,87.8869857788086,0.0,88.14262932948421,87.73176765238611,88.11523994416386,0.0,32141800
2024-08-12,0.0,88.20655822753906,0.0,88.39829092969457,87.5400528636755,87.67700678400534,0.0,24261400
2024-08-13,0.0,88.81825256347656,0.0,88.89129556229769,88.54435176654296,88.83651679606372,0.0,30366900
2024-08-14,0.0,89.37521362304688,0.0,89.62173205885027,89.02826974816529,89.06479125590523,0.0,31334100
2024-08-15,0.0,88.65391540527344,0.0,88.65391540527344,87.84133114326991,88.02393865290028,0.0,38723700
2024-08-16,0.0,88.9643783569336,0.0,89.05567866341886,88.57178076985679,88.9643783569336,0.0,28541000
2024-08-19,0.0,89.37521362304688,0.0,89.62173205885027,88.93696946169806,88.94609461430903,0.0,25322100
2024-08-20,0.0,90.08734130859375,0.0,90.26081668212242,89.58518638559711,89.76778690927526,0.0,25239300
2024-08-21,0.0,90.14215087890625,0.0,90.57126291961686,89.66737824655469,90.08736513470242,0.0,29230000
2024-08-22,0.0,89.24736785888672,0.0,89.74952974823444,88.95520284120173,89.68561886829596,0.0,33453800
2024-08-23,0.0,89.83172607421875,0.0,90.08736967416738,89.43912855550747,89.64912549304564,0.0,32005100
2024-08-26,0.0,89.60347747802734,0.0,90.11476470995389,89.54869869339696,90.10563955635955,0.0,23198700
2024-08-27,0.0,89.4482650756836,0.0,89.54869749000038,88.93697785062797,89.01001390723162,0.0,21507700
2024-08-28,0.0,89.33867645263672,0.0,89.65823088213108,89.22911891438959,89.48476245798507,0.0,18501400
2024-08-29,0.0,89.04654693603516,0.0,89.14697936334225,88.68133874271544,88.90046783816742,0.0,24988200
2024-08-30,0.0,88.09695434570312,0.0,89.46647900571115,88.07869708183857,89.18344613835353,0.0,42896200
2024-09-03,0.0,89.537841796875,0.313,89.82179588750195,89.23556402969696,89.36380181181461,0.0,48947900
2024-09-04,0.0,90.6919937133789,0.0,90.71031040248242,89.59280367941332,89.65692257392867,0.0,40885200
2024-09-05,0.0,91.20492553710938,0.0,91.30568477690952,90.4812941732874,90.99424522068165,0.0,47450900
2024-09-06,0.0,91.19578552246094,0.0,92.31329227606349,90.85687435152072,91.18663067187673,0.0,57406400
2024-09-09,0.0,91.58965301513672,0.0,91.69041227055024,90.82938816306421,91.04922336195054,0.0,26961400
2024-09-10,0.0,92.23084259033203,0.0,92.43236108734627,91.43393043989428,91.47973263955551,0.0,31703400
2024-09-11,0.0,92.15757751464844,0.0,92.73464759082044,91.91941861515264,92.04765640985752,0.0,39497100
2024-09-12,0.0,91.72706604003906,0.0,92.10262459027061,91.31487410833536,91.9285845803159,0.0,41618700
2024-09-13,0.0,91.974365234375,0.0,92.15756005254558,91.61712345860396,92.02016044470047,0.0,25722100
2024-09-16,0.0,92.81707763671875,0.0,92.85371800003614,91.97437024572307,92.17588176131659,0.0,30866300
2024-09-17,0.0,92.36823272705078,0.0,93.1010259713059,92.27663531862747,92.94530967814283,0.0,31699400
2024-09-18,0.0,91.22325897216797,0.0,92.2674919207807,91.17746375648994,91.81865268346381,0.0,48897000
2024-09-19,0.0,90.92095947265625,0.0,90.96675467387206,90.47212037708377,90.60951995759712,0.0,39979800
2024-09-20,0.0,90.57288360595703,0.0,90.91180165440895,90.42632917178409,90.6736428368905,0.0,37067600
2024-09-23,0.0,90.38054656982422,0.0,90.76525990490107,89.78515289119491,90.22483026587904,0.0,35703900
2024-09-24,0.0,90.36223602294922,0.0,90.58207123101313,89.62944267815585,89.76684230385902,0.0,31005400
2024-09-25,0.0,89.61113739013672,0.0,90.05996970199698,89.57449701939194,90.00501264009789,0.0,36738200
2024-09-26,0.0,89.82179260253906,0.0,89.99583258123445,89.23556076617373,89.83095444047954,0.0,33332300
2024-09-27,0.0,90.2889404296875,0.0,90.46298039282777,89.9591841776502,90.26146190675675,0.0,28317600
2024-09-30,0.0,89.85841369628906,0.0,90.41716688744654,89.65689523542135,90.35304801248257,0.0,34175500
2024-10-01,0.0,90.5072021484375,0.316,91.27912224714362,90.41530873481054,90.79208084500452,0.0,45254200
2024-10-02,0.0,89.74449157714844,0.0,89.808817675725,89.19311700532782,89.46880429123813,0.0,35810800
2024-10-03,0.0,88.89905548095703,0.0,89.60664958938852,88.89905548095703,89.45042305194347,0.0,39677800
2024-10-04,0.0,87.8055191040039,0.0,88.18228428802603,87.66767544701254,87.70443422294488,0.0,56954100
2024-10-07,0.0,87.14387512207031,0.0,87.54820763511421,87.07954901697109,87.28171877900284,0.0,42606600
2024-10-08,0.0,87.29087829589844,0.0,87.32763706132161,86.69356062705275,86.73951083658612,0.0,33709600
2024-10-09,0.0,86.79464721679688,0.0,87.21736952211722,86.59248451944867,86.99681692516283,0.0,35807700
2024-10-10,0.0,86.45465850830078,0.0,86.46384294344791,85.83896482452117,86.2708646400701,0.0,53667400
2024-10-11,0.0,86.10545349121094,0.0,86.44546688849032,85.84814908722403,85.90329075309207,0.0,27406400
2024-10-14,0.0,86.16975402832031,0.0,86.17894547174137,85.44379125145034,85.49892588994246,0.0,28795300
2024-10-15,0.0,87.2173843383789,0.0,87.30008631802266,86.72115142745945,86.80385340710322,0.0,46429100
2024-10-16,0.0,87.58495330810547,0.0,87.86983202608604,87.42873379209524,87.65847084894035,0.0,32281500
2024-10-17,0.0,86.19735717773438,0.0,86.78548355500772,86.07788940636921,86.64763990167377,0.0,43427200
2024-10-18,0.0,86.26165008544922,0.0,86.6384151144857,86.25245864249221,86.42706100359167,0.0,25258600
2024-10-21,0.0,84.75460815429688,0.0,85.54489727349358,84.75460815429688,85.48057117038385,0.0,49504700
2024-10-22,0.0,84.83731079101562,0.0,85.24165030567964,84.6259495871632,85.14056542701364,0.0,32096900
2024-10-23,0.0,84.60755157470703,0.0,84.88323881005299,84.23078649815304,84.39619042613946,0.0,33354200
2024-10-24,0.0,85.14972686767578,0.0,85.46216582907456,84.50645904729835,84.7545789387781,0.0,32507400
2024-10-25,0.0,84.67188262939453,0.0,85.4989373729401,84.56160632658245,85.45298716068056,0.0,28667100
2024-10-28,0.0,84.44215393066406,0.0,84.80973463199304,84.0102471324289,84.79135174086629,0.0,33156500
2024-10-29,0.0,84.57081604003906,0.0,84.5983833689426,83.60592447331719,83.78051989337949,0.0,46545200
2024-10-30,0.0,84.81891632080078,0.0,85.72867301840081,84.69026414178737,85.31514214784231,0.0,41951100
2024-10-31,0.0,84.9567642211914,0.0,85.40705391858462,84.4237795563278,84.72702715514058,0.0,52173800
2024-11-01,0.0,83.75901794433594,0.311,85.3080622131655,83.72214213515612,85.06833428008085,0.0,80402000
2024-11-04,0.0,85.05911254882812,0.0,85.35416826761018,84.487439016014,85.08677292329469,0.0,49747600
2024-11-05,0.0,85.51091003417969,0.0,85.65844140220788,84.45977365836863,84.8562554165909,0.0,46986000
2024-11-06,0.0,83.16891479492188,0.0,83.64838477820929,82.56958786783841,82.65256899878207,0.0,98895700
2024-11-07,0.0,84.21082305908203,0.0,84.4782183869571,83.58382881588463,83.6760324033319,0.0,56221400
2024-11-08,0.0,85.28041076660156,0.0,85.38183683917187,84.68107680178173,84.82860819267815,0.0,56756200
2024-11-11,0.0,84.86548614501953,0.0,85.10522112405536,84.47822681828099,85.05911580838881,0.0,22369200
2024-11-12,0.0,83.59304809570312,0.0,84.69028270342362,83.45473920246772,84.24770268668935,0.0,57908400
2024-11-13,0.0,82.80008697509766,0.0,84.4044518922521,82.72632129197538,84.38600695413015,0.0,49009100
2024-11-14,0.0,83.279541015625,0.0,83.93419555588387,83.2334357098916,83.50083100684499,0.0,53328300
2024-11-15,0.0,83.05827331542969,0.0,83.58384158230443,82.53270504855494,82.91074192523418,0.0,73722400
2024-11-18,0.0,83.20579528808594,0.0,83.52851140154182,82.44971452169632,82.67101160065206,0.0,36010600
2024-11-19,0.0,83.62992858886719,0.0,83.97108960667845,83.5561699383991,83.74057711659371,0.0,29585100
2024-11-20,0.0,83.36254119873047,0.0,83.74980049796628,83.08592339374319,83.12280623672035,0.0,27755400
2024-11-21,0.0,83.29798889160156,0.0,83.76823633460042,82.98449528605755,83.3994149486147,0.0,28365700
2024-11-22,0.0,83.34410095214844,0.0,83.62993420796009,83.12281091650983,83.45474948730943,0.0,21547500
2024-11-25,0.0,85.50170135498047,0.0,85.54779963511928,84.8193792759656,85.01300893578872,0.0,56858000
2024-11-26,0.0,85.16976165771484,0.0,85.23430487680133,84.65340887033972,84.97613200045541,0.0,31122200
2024-11-27,0.0,85.75985717773438,0.0,86.1010111147054,85.44635657559989,85.78751754725289,0.0,39442200
2024-11-29,0.0,86.64503479003906,0.0,86.66347269374945,86.15634944286106,86.46984304871758,0.0,31905700
2024-12-02,0.0,86.85321807861328,0.325,87.11228694330342,86.04824805552853,86.29806244388055,0.0,39406000
2024-12-03,0.0,86.103759765625,0.0,87.00125336406613,86.03899255022704,86.90872977908289,0.0,32768900
2024-12-04,0.0,87.02900695800781,0.0,87.149293967837,85.62263015746441,85.68739737079675,0.0,35851100
2024-12-05,0.0,87.20481872558594,0.0,87.33435317010567,86.65892457498104,86.71443732003299,0.0,23695800
2024-12-06,0.0,87.3343505859375,0.0,87.75996475663693,86.9920055303521,87.63968479288414,0.0,31761500
2024-12-09,0.0,86.52934265136719,0.0,87.01047641406053,86.48308440513154,86.96421110873038,0.0,30509600
2024-12-10,0.0,86.12227630615234,0.0,86.32583244650863,85.96498549191254,86.06675650299302,0.0,28706500
2024-12-11,0.0,85.30805206298828,0.0,86.3165782914894,85.22478294658515,86.11302215037371,0.0,38748400
2024-12-12,0.0,84.27176666259766,0.0,84.89168243140121,84.19774497283389,84.78990437275026,0.0,45368400
2024-12-13,0.0,83.4112777709961,0.0,84.05894986085089,83.34651056201062,84.01269160248775,0.0,39486000
2024-12-16,0.0,83.66110229492188,0.0,83.84615652814419,83.31876431688067,83.78138931129068,0.0,23482300
2024-12-17,0.0,83.86466217041016,0.0,84.1884982691522,83.69811688261461,83.75362962551395,0.0,23839900
2024-12-18,0.0,82.81599426269531,0.351,83.93989817837158,82.79741335595116,83.56835799542365,0.0,61328400
2024-12-19,0.0,81.56204986572266,0.0,82.10078280709561,81.28340002767939,81.8035520612588,0.0,99083300
2024-12-20,0.0,82.0264663696289,0.0,82.58378017137532,82.00789254995573,82.23081381873068,0.0,45542400
2024-12-23,0.0,81.27410125732422,0.0,81.95216259160544,81.21837271272604,81.88714359406116,0.0,32764600
2024-12-24,0.0,81.61776733398438,0.0,81.6363411511033,80.7910942846935,80.84682282258868,0.0,22377600
2024-12-26,0.0,81.57135772705078,0.0,81.70139576319592,80.99546993373554,81.0047603896149,0.0,19981800
2024-12-27,0.0,80.90255737304688,0.0,81.53417350010706,80.86540264950933,81.25552370338396,0.0,27262300
2024-12-30,0.0,81.55277252197266,0.0,81.77569382618056,81.43201787201548,81.58063679918108,0.0,48519600
2024-12-31,0.0,81.11619567871094,0.0,81.99859733601158,81.05117668382077,81.85926889366439,0.0,31917300
2025-01-02,0.0,81.3391342163086,0.0,81.85000291794401,81.0047487182455,81.55277215150353,0.0,27841300
2025-01-03,0.0,81.07907104492188,0.0,81.62708747858385,80.97689728838463,81.47847561505614,0.0,21962200
2025-01-06,0.0,80.716796875,0.0,81.02331805219109,80.50315897032576,80.85612532704499,0.0,30231500
2025-01-07,0.0,79.80653381347656,0.0,80.59605235877451,79.68578625270311,80.43815006702299,0.0,41757200
2025-01-08,0.0,79.90869140625,0.0,80.06659366609692,79.26778482782099,79.38853945073596,0.0,44590800
2025-01-10,0.0,79.37926483154297,0.0,79.74151459946589,79.10061497973935,79.21207208584467,0.0,47115800
2025-01-13,0.0,79.35139465332031,0.0,79.56503256836689,78.98914491233943,79.44427793034673,0.0,33258900
2025-01-14,0.0,79.22136688232422,0.0,79.28638589329611,78.84982663968162,79.16563832621708,0.0,33412900
2025-01-15,0.0,80.58676147460938,0.0,80.79110893265909,80.25237601353525,80.53102584007057,0.0,54120700
2025-01-16,0.0,80.8468246459961,0.0,81.18121005398558,80.14089910840289,80.47528451639238,0.0,34651100
2025-01-17,0.0,80.98616027832031,0.0,81.25552671906036,80.84683183151833,81.20908154127996,0.0,29875600
2025-01-21,0.0,81.7106704711914,0.0,81.89643703372745,81.39485881103201,81.63636101156095,0.0,30548600
2025-01-22,0.0,81.28339385986328,0.0,81.71995303486543,81.10691068191618,81.61777930937389,0.0,25278400
2025-01-23,0.0,80.65178680419922,0.0,80.80039863937046,80.37312986926032,80.4753036063019,0.0,31949000
2025-01-24,0.0,81.0140151977539,0.0,81.06974373542548,80.43812765784037,80.54959181972187,0.0,21110400
2025-01-27,0.0,81.97075653076172,0.0,82.13794929213313,81.59921627365404,81.88716369334651,0.0,42864200
2025-01-28,0.0,81.91500854492188,0.0,81.92429191140565,81.42272083278867,81.58990646796813,0.0,25519100
2025-01-29,0.0,81.7478256225586,0.0,82.31442285371746,81.39485923076381,82.13793965782007,0.0,25342800
2025-01-30,0.0,82.0543212890625,0.0,82.39799714942538,81.89641903695195,82.11934736685473,0.0,25094900
2025-01-31,0.0,81.515625,0.0,82.35158882289382,81.20910375051541,82.09150567735043,0.0,48790100
2025-02-03,0.0,82.1792984008789,0.312,83.05552470467602,81.84371994859154,82.5708042246067,0.0,70657200
2025-02-04,0.0,82.43099212646484,0.0,82.44963221604388,81.54544207907743,81.61069306033941,0.0,33414000
2025-02-05,0.0,83.79193878173828,0.0,84.06226628341267,83.32585835371134,83.38178572929124,0.0,48331200
2025-02-06,0.0,83.75464630126953,0.0,84.03429738547645,83.47500232888513,83.76396990056243,0.0,22509900
2025-02-07,0.0,83.2140121459961,0.0,83.38180141612534,82.9064044106127,83.18604845294526,0.0,31171200
2025-02-10,0.0,82.96231079101562,0.0,83.4563548746885,82.82248524934043,83.20467458913113,0.0,22736100
2025-02-11,0.0,82.43099212646484,0.0,82.66403236123243,82.3843812347819,82.52420679800716,0.0,21513000
2025-02-12,0.0,81.3124008178711,0.0,81.65729580940629,80.9674987145124,81.36832819772577,0.0,48536200
2025-02-13,0.0,82.66403198242188,0.0,82.85978492531078,82.09541324324879,82.1140533327424,0.0,42718100
2025-02-14,0.0,83.10215759277344,0.0,83.59620180283798,83.07419389964892,83.31655064794425,0.0,27460700
2025-02-18,0.0,82.12336730957031,0.0,82.81316432917518,82.0674399358199,82.53352034860046,0.0,29429200
2025-02-19,0.0,82.22593688964844,0.0,82.4496535816877,81.92764559632097,81.98357299137443,0.0,20584300
2025-02-20,0.0,82.53353881835938,0.0,82.7386153837675,82.44964062713592,82.44964062713592,0.0,27913400
2025-02-21,0.0,83.53093719482422,0.0,83.82922839255508,82.79452924471485,82.84114013353845,0.0,46912300
2025-02-24,0.0,83.7733154296875,0.0,83.95042119167955,83.2046966249526,83.26994761343902,0.0,26218000
2025-02-25,0.0,85.2181396484375,0.0,85.29271422016687,84.64020449709135,84.79867012814933,0.0,50125100
2025-02-26,0.0,85.72151184082031,0.0,85.81472650446511,85.01306759583848,85.21814412295082,0.0,32220200
2025-02-27,0.0,85.1156005859375,0.0,85.5630409002629,84.957134956377,85.1156005859375,0.0,53373600
2025-02-28,0.0,86.1596450805664,0.0,86.20625597722521,85.26477133694704,85.61898997135127,0.0,49388600
2025-03-03,0.0,86.56172943115234,0.29,86.692642138587,85.43961847193889,85.477023121807,0.0,42904200
2025-03-04,0.0,85.49571990966797,0.0,86.76744943905103,85.34610131364299,86.44016767800554,0.0,56722000
2025-03-05,0.0,84.81309509277344,0.0,85.84170507512371,84.7289399856032,85.61727718758885,0.0,50215900
2025-03-06,0.0,84.5325698852539,0.0,84.90660922562812,83.90605809229616,84.60737918017016,0.0,42827500
2025-03-07,0.0,84.26139068603516,0.0,85.24324305276936,84.14917674480049,85.22453716212677,0.0,36903600
2025-03-10,0.0,85.14038848876953,0.0,85.68273807685806,85.00947578120946,85.16844019264562,0.0,41440800
2025-03-11,0.0,84.5325698852539,0.0,85.55181977521141,84.28944324387962,85.06557362666987,0.0,40555700
2025-03-12,0.0,84.02762603759766,0.0,84.51387223354256,83.95281673538837,84.15853874936005,0.0,32734600
2025-03-13,0.0,84.76634979248047,0.0,84.82245320067513,83.57877533483818,83.76579858583295,0.0,38675400
2025-03-14,0.0,84.31748962402344,0.0,84.54191749460688,84.02761254227805,84.16787817784105,0.0,24658000
2025-03-17,0.0,84.73828887939453,0.0,85.26193965685671,84.51386100259064,84.90660621989406,0.0,26700300
2025-03-18,0.0,84.82243347167969,0.0,85.11231052553914,84.2707310615335,84.28942981518003,0.0,23654700
2025-03-19,0.0,85.2619400024414,0.0,85.299344648727,84.51386134514321,84.79439262518174,0.0,31378700
2025-03-20,0.0,85.31804656982422,0.0,86.25314135903292,85.24324440868489,86.21573671135972,0.0,35645800
2025-03-21,0.0,84.81309509277344,0.0,85.50507037802855,84.7382929311356,85.40220937979352,0.0,29192100
2025-03-24,0.0,83.94344329833984,0.0,84.40164481186824,83.87798695843664,84.34553428180408,0.0,27985600
2025-03-25,0.0,83.93411254882812,0.0,84.233342604106,83.70033884519832,83.75644225112315,0.0,22333800
2025-03-26,0.0,83.38240051269531,0.0,83.78449155680207,83.3075912174645,83.5881225074765,0.0,25095600
2025-03-27,0.0,83.13926696777344,0.0,83.25147375746826,82.87743447867183,83.08315643872017,0.0,23674500
2025-03-28,0.0,84.28943634033203,0.0,84.47645242809845,83.98085337473161,84.0463097188705,0.0,39869400
2025-03-31,0.0,85.12166595458984,0.0,85.41154301691226,84.49515424315477,85.30868916754471,0.0,38824300
2025-04-01,0.0,85.85930633544922,0.326,86.2534631541653,85.59653989620413,85.63407898178893,0.0,39800100
2025-04-02,0.0,85.80298614501953,0.0,86.68513660096457,85.08037856461686,86.68513660096457,0.0,43488400
2025-04-03,0.0,86.19715118408203,0.0,87.02299674953287,86.18776462269777,86.82591475970592,0.0,57467400
2025-04-04,0.0,87.13561248779297,0.0,88.29929558007893,87.10745996166614,87.88637993047041,0.0,92794200
2025-04-07,0.0,84.5079345703125,0.0,86.51622909859779,84.27332065663573,86.22530297694166,0.0,124987600
2025-04-08,0.0,82.91255950927734,0.0,84.64870111908809,82.79056284604913,83.78532359505284,0.0,73861900
2025-04-09,0.0,83.40055847167969,0.0,83.43809755788712,80.60395740793885,81.89902366277667,0.0,131353500
2025-04-10,0.0,81.10133361816406,0.0,82.75301752748403,81.03564201062653,82.34009476019199,0.0,78592000
2025-04-11,0.0,81.54241180419922,0.0,81.92718206190203,79.76873117785595,80.58519018039829,0.0,94814100
2025-04-14,0.0,82.12425994873047,0.0,82.3119482239613,81.47672322744127,82.0210292493989,0.0,37596400
2025-04-15,0.0,82.41517639160156,0.0,82.7624075659457,81.68318211689908,81.78641281305953,0.0,22553900
2025-04-16,0.0,82.87500762939453,0.0,83.05331647569133,82.08670840126739,82.39640045225205,0.0,35607300
2025-04-17,0.0,82.14301300048828,0.0,82.7717764995116,81.86148063189532,82.62162733489822,0.0,31758400
2025-04-21,0.0,80.70719146728516,0.0,81.71133879565858,80.68842550332396,81.2702634641569,0.0,39343200
2025-04-22,0.0,81.15765380859375,0.0,81.66441359668086,81.0825756326368,81.47672531663741,0.0,32552100
2025-04-23,0.0,81.9459457397461,0.0,83.57885653944899,81.80517596256433,83.40993423880053,0.0,44082200
2025-04-24,0.0,82.80929565429688,0.0,82.91252631256161,82.35884110900159,82.61222089574946,0.0,24190800
2025-04-25,0.0,83.4193115234375,0.0,83.62577288569855,83.14715856044316,83.42869808349869,0.0,22513900
2025-04-28,0.0,83.9448471069336,0.0,84.01992527021231,83.1565478720503,83.20347351406143,0.0,20130500
2025-04-29,0.0,84.64869689941406,0.0,84.6580834606864,83.80409254096222,83.82285850365848,0.0,22129500
2025-04-30,0.0,83.963623046875,0.0,84.50792900914992,83.83223983664975,84.25454198953837,0.0,42630600
2025-05-01,0.0,83.53787231445312,0.328,84.09359491433989,83.17052855170276,84.07475990510305,0.0,29932800
2025-05-02,0.0,82.63365936279297,0.0,82.95390489447892,82.45469439732518,82.61481716316815,0.0,32090400
2025-05-05,0.0,82.17211151123047,0.0,82.33224144888307,81.78593268793412,82.27572204127917,0.0,22862800
2025-05-06,0.0,82.44525909423828,0.0,82.44525909423828,81.60696101019175,81.75766983645252,0.0,21095200
2025-05-07,0.0,82.79377746582031,0.0,83.08576686781824,82.71842304395207,82.81261247819077,0.0,23161600
2025-05-08,0.0,81.87071228027344,0.0,82.9444877519225,81.84245616568171,82.90681053706888,0.0,25483700
2025-05-09,0.0,81.9931640625,0.0,82.23805517688253,81.87071131911487,81.94606574793742,0.0,17007900
2025-05-12,0.0,81.23019409179688,0.0,81.73882558837141,81.18310297441668,81.36206071836892,0.0,32115000
2025-05-13,0.0,80.9005355834961,0.0,81.27730049102641,80.53319177485709,81.12659165353712,0.0,53912200
2025-05-14,0.0,80.3636474609375,0.0,80.88170010406927,80.25061583347434,80.7686684766061,0.0,42119800
2025-05-15,0.0,81.07008361816406,0.0,81.3055607992539,80.51436092016479,80.65564147986409,0.0,59448000
2025-05-16,0.0,81.28671264648438,0.0,81.84243525464964,81.19251604032095,81.82360024513223,0.0,31778200
2025-05-19,0.0,81.05126953125,0.0,81.11720287152997,79.90213944106063,79.97749388315061,0.0,49361900
2025-05-20,0.0,80.46724700927734,0.0,80.62736973668905,80.11873826180022,80.46724700927734,0.0,35493100
2025-05-21,0.0,79.0920639038086,0.0,80.1187407974384,78.89426396612373,79.76081812727419,0.0,77053100
2025-05-22,0.0,79.50650787353516,0.0,79.52534288349165,78.46098875923899,78.66820261352952,0.0,61747900
2025-05-23,0.0,79.63838195800781,0.0,79.89269414028816,79.4123187002109,79.8455958316989,0.0,47139200
2025-05-27,0.0,80.74983215332031,0.0,81.03240043809853,80.20352340874592,80.39190226526473,0.0,56773400
2025-05-28,0.0,80.40132141113281,0.0,80.5708652523589,80.03397761950839,80.44841971721495,0.0,34806800
2025-05-29,0.0,81.14541625976562,0.0,81.24902676652951,80.66504092715046,80.7874864414208,0.0,38933200
2025-05-30,0.0,81.26788330078125,0.0,81.44684825735902,80.89111837513012,81.08891834420348,0.0,49042100
2025-06-02,0.0,80.5115737915039,0.32,80.80465023866958,80.16176751915222,80.63447518900479,0.0,46213100
2025-06-03,0.0,80.3697509765625,0.0,81.05990005739949,80.25629855194256,80.77627981526835,0.0,33731300
2025-06-04,0.0,81.6744155883789,0.0,81.92022555108737,80.97481038538052,81.10716793154386,0.0,57441500
2025-06-05,0.0,81.73114013671875,0.0,82.1849426007619,81.51369868267687,81.9485888037061,0.0,37664700
2025-06-06,0.0,80.6911849975586,0.0,81.23952753868643,80.62500622279802,81.1071699891653,0.0,38130100
2025-06-09,0.0,80.7762680053711,0.0,80.96534813914738,80.39810052487377,80.39810052487377,0.0,26560800
2025-06-10,0.0,81.19225311279297,0.0,81.47588055214948,80.85190307074333,81.40024560659502,0.0,24857000
2025-06-11,0.0,81.43804168701172,0.0,81.68385158902099,81.03151297762632,81.12605302826265,0.0,36334800
2025-06-12,0.0,82.41183471679688,0.0,82.44019601647625,81.87294838405386,82.14711963586277,0.0,43017800
2025-06-13,0.0,81.61767578125,0.0,82.13764968500904,81.09769466454719,81.99584321040261,0.0,49374000
2025-06-16,0.0,80.795166015625,0.0,81.71221973083277,80.795166015625,81.3813259194032,0.0,36496600
2025-06-17,0.0,81.77841186523438,0.0,81.92968175401964,81.06935049068032,81.30570428219833,0.0,34521600
2025-06-18,0.0,81.92021179199219,0.0,82.33618949023392,81.6365844047393,82.13765320433453,0.0,38589000
2025-06-20,0.0,81.76893615722656,0.0,82.05256352446037,81.25841122397188,81.43804237074951,0.0,26001900
2025-06-23,0.0,82.03366088867188,0.0,82.66709445535217,82.03366088867188,82.18493075920581,0.0,36851800
2025-06-24,0.0,82.62928771972656,0.0,82.80891169813488,81.71223384610354,81.75005131864881,0.0,32959100
2025-06-25,0.0,82.73328399658203,0.0,82.73328399658203,82.06204008778238,82.35511648393488,0.0,26345300
2025-06-26,0.0,83.14925384521484,0.0,83.14925384521484,82.44019253142525,82.80890383756027,0.0,30467500
2025-06-27,0.0,82.61981201171875,0.0,83.34778556342104,82.47799832644421,82.78998699145947,0.0,74993500
2025-06-30,0.0,83.43289947509766,0.0,83.61253068862594,82.82783426557174,83.06418808844737,0.0,53695200
2025-07-01,0.0,83.63976287841797,0.328,83.80108131089825,83.18427468790256,83.63027142949142,0.0,38960600
2025-07-02,0.0,83.10835266113281,0.0,83.11783686964422,82.65285725770134,82.73826581328079,0.0,39382200
2025-07-03,0.0,82.52948760986328,0.0,82.83314876288703,82.41561196253451,82.71927311555827,0.0,26729100
2025-07-07,0.0,81.74186706542969,0.0,82.14042098622038,81.5330986574384,82.12144533088173,0.0,38314700
2025-07-08,0.0,81.63748168945312,0.0,81.6469731369128,81.0776093668351,81.20096922439845,0.0,31407000
2025-07-09,0.0,82.49152374267578,0.0,82.49152374267578,81.77981728242257,81.78930872905131,0.0,29821900
2025-07-10,0.0,82.5484619140625,0.0,82.61488756395437,82.07399091773406,82.39663495996089,0.0,24525500
2025-07-11,0.0,81.40974426269531,0.0,81.8652324199296,81.26740149861445,81.82728110670485,0.0,40764800
2025-07-14,0.0,81.23892974853516,0.0,81.4951409173476,80.96373568434205,81.17250409440946,0.0,24609500
2025-07-15,0.0,80.6695556640625,0.0,81.5236048508074,80.56517147235743,81.50462195785063,0.0,40455000
2025-07-16,0.0,80.78343963623047,0.0,81.28638503861175,79.89143897131245,80.92578240143824,0.0,65987700
2025-07-17,0.0,80.76445007324219,0.0,81.12504540847371,80.65057443271262,80.86883426709784,0.0,31875500
2025-07-18,0.0,80.8878173828125,0.0,81.09658578978349,80.75496607653153,81.06811868698803,0.0,27534900
2025-07-21,0.0,81.6090087890625,0.0,82.09297121717964,81.57105024177365,81.81777717922489,0.0,40019500
2025-07-22,0.0,82.10244750976562,0.0,82.33968297756296,81.713385107301,81.77031930281974,0.0,35190300
2025-07-23,0.0,81.64698791503906,0.0,81.79881490260904,81.40975236457922,81.6564793642167,0.0,31008500
2025-07-24,0.0,81.50462341308594,0.0,81.83675164723554,81.1440280788453,81.18198662558419,0.0,25164800
2025-07-25,0.0,82.01705169677734,0.0,82.02654314328198,81.34330379199605,81.41922088432835,0.0,27196200
2025-07-28,0.0,81.48566436767578,0.0,81.79880977235355,81.44770581320036,81.59953279124807,0.0,26812500
2025-07-29,0.0,82.86161804199219,0.0,82.8805936971191,81.79880035855645,81.82727470102654,0.0,47828300
2025-07-30,0.0,82.43460083007812,0.0,82.52000214187301,82.14042386312651,82.33970083050139,0.0,40670900
2025-07-31,0.0,82.48204040527344,0.0,82.94702721771453,82.4061233044847,82.68131736495396,0.0,49814100
2025-08-01,0.0,83.6546630859375,0.331,83.75944632472348,83.36888929515221,83.40699295175888,0.0,63434500
2025-08-04,0.0,83.88325500488281,0.0,83.9689900258747,83.49270534877675,83.7879995229687,0.0,36425200
2025-08-05,0.0,84.14046478271484,0.0,84.2547684702787,83.6165486562856,83.68322822987402,0.0,28586100
2025-08-06,0.0,83.6546630859375,0.0,83.87375729454348,82.79734898111103,83.67371128047614,0.0,42589300
2025-08-07,0.0,83.51177215576172,0.0,84.06426424857119,83.43556484623026,83.74991454740073,0.0,29213100
2025-08-08,0.0,83.14979553222656,0.0,83.24505103216349,83.0164363788091,83.2164751089353,0.0,21596300
2025-08-11,0.0,83.24503326416016,0.0,83.51175151406615,83.14025005633604,83.38792011733186,0.0,20100900
2025-08-12,0.0,82.825927734375,0.0,82.84498319709358,82.44490569035898,82.77830361263781,0.0,41052300
2025-08-13,0.0,83.51177215576172,0.0,83.64513131367724,83.2831574946964,83.29268522527009,0.0,30817500
2025-08-14,0.0,82.89259338378906,0.0,83.35935766404153,82.76876196705408,83.35935766404153,0.0,33397400
2025-08-15,0.0,82.30201721191406,0.0,82.66399105380015,82.15913031438315,82.54968734979902,0.0,36343600
2025-08-18,0.0,82.06385803222656,0.0,82.43535952935828,81.91144343467097,82.39725587996939,0.0,26777500
2025-08-19,0.0,82.54014587402344,0.0,82.63540136733891,82.34962761986418,82.34962761986418,0.0,28780600
2025-08-20,0.0,82.72113037109375,0.0,82.84496905503575,82.45441207880086,82.48298800047104,0.0,25912500
2025-08-21,0.0,82.31153106689453,0.0,82.56872162506902,82.02575732000885,82.45441067280909,0.0,28643900
2025-08-22,0.0,82.92118835449219,0.0,83.15933075956823,82.60683863558474,82.71162187522056,0.0,49871900
2025-08-25,0.0,82.68302154541016,0.0,82.92116388019816,82.54013469103188,82.6163419823706,0.0,27011900
2025-08-26,0.0,82.6353988647461,0.0,82.67350251442399,82.13053822468817,82.40678423420682,0.0,30259300
2025-08-27,0.0,82.54014587402344,0.0,82.54967360361347,81.92097426618037,82.02575748908589,0.0,38142800
2025-08-28,0.0,83.08309936523438,0.0,83.12120301110626,82.54966285808274,82.66396652817103,0.0,32205900
2025-08-29,0.0,82.49250793457031,0.0,82.7401780115208,82.3401006108892,82.64492252577914,0.0,41686400
2025-09-02,0.0,81.87864685058594,0.328,82.07944611986066,81.73522401193232,81.87864685058594,0.0,48760600
2025-09-03,0.0,82.7774658203125,0.0,83.00694964883466,82.12725556020024,82.16550408081383,0.0,52499500
2025-09-04,0.0,83.4085693359375,0.0,83.41812599631034,82.78704353915525,83.20776274553845,0.0,40501600
2025-09-05,0.0,84.68028259277344,0.0,84.72809506646452,84.27868407634162,84.35518111618366,0.0,69668000
2025-09-08,0.0,85.80858612060547,0.0,85.82771402763807,85.2157523154576,85.26355749272102,0.0,54538700
2025-09-09,0.0,85.3209228515625,0.0,85.62690366796352,85.09143176789316,85.4834735644597,0.0,37126400
2025-09-10,0.0,85.80858612060547,0.0,86.12413093021199,85.28268539975363,85.48348465264168,0.0,40713600
2025-09-11,0.0,86.3823013305664,0.0,86.51617479744291,85.96158220309462,85.9711461568342,0.0,46694400
2025-09-12,0.0,86.00939178466797,0.0,86.03808364735558,85.56954472719933,85.8946535145559,0.0,32968600
2025-09-15,0.0,86.21018981933594,0.0,86.49704276139876,86.12412883010587,86.20062586605285,0.0,24820100
2025-09-16,0.0,86.39187622070312,0.0,86.5353063643169,86.09545927368544,86.1432644581166,0.0,26794200
2025-09-17,0.0,86.17193603515625,0.0,87.0516300093092,85.93288828380001,86.73608522668094,0.0,49121800
2025-09-18,0.0,85.28268432617188,0.0,85.55041665998559,85.00538803896225,85.3496174096253,0.0,55717900
2025-09-19,0.0,85.12012481689453,0.0,85.32093135891716,84.90020495873082,85.16793728788255,0.0,32509200
2025-09-22,0.0,84.81416320800781,0.0,85.01496979557852,84.66117639743071,84.928908787311,0.0,24758200
2025-09-23,0.0,85.40699768066406,0.0,85.44524620407809,84.86196898854404,85.07233221974123,0.0,26689000
2025-09-24,0.0,85.0818862915039,0.0,85.25400097929469,84.81414665870562,85.17750394135233,0.0,28098000
2025-09-25,0.0,85.0818862915039,0.0,85.12969146884859,84.58466284003761,84.9575767810578,0.0,29882500
2025-09-26,0.0,85.0053939819336,0.0,85.55042264106146,84.80459471753485,85.09144768303614,0.0,30955100
2025-09-29,0.0,85.70340728759766,0.0,85.80858889419963,85.34962124280858,85.3783058091256,0.0,32286200
2025-09-30,0.0,85.45478820800781,0.0,86.09543439652059,85.30179415365119,85.73208446016066,0.0,38584000
2025-10-01,0.0,85.67547607421875,0.31,86.01130635295225,85.4835678288346,85.82899534997505,0.0,39408900
2025-10-02,0.0,85.92497253417969,0.0,86.0593046760043,85.57954493504418,85.69468258772089,0.0,23208300
2025-10-03,0.0,85.76184844970703,0.0,86.08808887945256,85.65630072130871,86.00172831960272,0.0,25884500
2025-10-06,0.0,85.08058166503906,0.0,85.55075143202191,85.0613944984825,85.1189633187041,0.0,28371000
2025-10-07,0.0,85.56995391845703,0.0,85.76185490058702,85.214929048908,85.36845569105458,0.0,29103300
2025-10-08,0.0,85.63709259033203,0.0,85.9921173462729,85.52194764556856,85.97292286187022,0.0,22506200
2025-10-09,0.0,85.56995391845703,0.0,85.67550165479449,85.40683735159122,85.56035667318457,0.0,21578700
2025-10-10,0.0,86.95166015625,0.0,87.04761064261487,86.26080494153831,86.33756825885136,0.0,59389400
2025-10-13,0.0,86.90367889404297,0.0,86.91327613858482,86.2224209426244,86.62541736675043,0.0,28035500
2025-10-14,0.0,87.18193817138672,0.0,87.23950699604683,86.76934451336686,86.98043996452388,0.0,29800000
2025-10-15,0.0,86.99003601074219,0.0,87.60412786716728,86.80772497442611,87.27788745063074,0.0,31333900
2025-10-16,0.0,87.64249420166016,0.0,87.79602081202688,86.78852256301245,86.85568862490996,0.0,39631200
2025-10-17,0.0,87.50817108154297,0.0,87.59453163889778,87.22031963831601,87.55614998235703,0.0,40240400
2025-10-20,0.0,87.843994140625,0.0,87.85358406275135,87.5849198321884,87.75763359762905,0.0,28429300
2025-10-21,0.0,88.2757797241211,0.0,88.45809074221482,88.18942649695141,88.26618248091836,0.0,24514300
2025-10-22,0.0,88.3333511352539,0.0,88.44849609541187,88.10306853548987,88.2661850719664,0.0,30496200
2025-10-23,0.0,87.7288589477539,0.0,88.07428651705524,87.59452681753139,87.90157273240457,0.0,28275100
2025-10-24,0.0,87.76725006103516,0.0,87.89198496095554,87.46980135785037,87.88238771617618,0.0,28266000
2025-10-27,0.0,88.06468963623047,0.0,88.07428688001507,87.40261890558246,87.62331158931582,0.0,30033600
2025-10-28,0.0,88.29497528076172,0.0,88.44850190438872,88.09347707766553,88.13185873357227,0.0,23564500
2025-10-29,0.0,87.40261840820312,0.0,88.17023685445726,87.33545234319729,88.16063961072726,0.0,39551600
2025-10-30,0.0,86.8940658569336,0.0,87.28747228557074,86.69256768149188,86.73094933213096,0.0,42649200
2025-10-31,0.0,86.63500213623047,0.0,86.99002692763051,86.54864158889463,86.89406913713478,0.0,38247300
2025-11-03,0.0,86.4183349609375,0.325,86.4953755804845,86.11017982974731,86.30278137861484,0.0,40752300
2025-11-04,0.0,86.61093139648438,0.0,86.726484971985,86.41832985898762,86.45685016648697,0.0,26383800
2025-11-05,0.0,85.66719818115234,0.0,86.23536350616645,85.590157569795,86.19684320048778,0.0,44643400
2025-11-06,0.0,86.43759155273438,0.0,86.52425673222072,86.2161016268294,86.24499001999152,0.0,33027400
2025-11-07,0.0,86.25463104248047,0.0,86.54352969860588,86.05240492199188,86.05240492199188,0.0,28530100
2025-11-10,0.0,86.2353744506836,0.0,86.35092803538795,86.08129320841375,86.17759031133339,0.0,24093500
2025-11-11,0.0,86.63020324707031,0.0,86.7361322747386,86.45686550606756,86.62057133173718,0.0,18942300
2025-11-12,0.0,86.78426361083984,0.0,86.97685778914253,86.55314178048027,86.62055047758591,0.0,23594900
2025-11-13,0.0,86.07166290283203,0.0,86.61093991385836,86.07166290283203,86.47612249785132,0.0,33825900
2025-11-14,0.0,85.5805435180664,0.0,86.51463349429771,85.5805435180664,86.46648861653209,0.0,38550500
2025-11-17,0.0,85.79238891601562,0.0,85.99462236995737,85.68646725266179,85.78276434925462,0.0,25605800
2025-11-18,0.0,85.76349639892578,0.0,86.13906020048205,85.51312542921973,86.04276310851839,0.0,31967400
2025-11-19,0.0,85.59015655517578,0.0,86.00424065256647,85.56126816300849,85.92720738911937,0.0,25782400
2025-11-20,0.0,85.92720794677734,0.0,86.1101702140232,85.69608611394516,85.69608611394516,0.0,32945000
2025-11-21,0.0,86.18722534179688,0.0,86.3509311573788,85.89832667559489,86.33167467489787,0.0,41938600
2025-11-24,0.0,86.67835998535156,0.0,86.73613678635819,86.45687000316096,86.62057583734583,0.0,30865700
2025-11-25,0.0,86.89982604980469,0.0,87.23686956973846,86.79389703682584,86.96723475379144,0.0,36503300
2025-11-26,0.0,87.28502655029297,0.0,87.28502655029297,86.50501045493095,86.81316559666641,0.0,34099000
2025-11-28,0.0,86.87093353271484,0.0,87.17908864303175,86.62055520964567,87.1116799422436,0.0,40704300
2025-12-01,0.0,85.78949737548828,0.321,86.00211193964113,85.73151426644064,85.86681310304088,0.0,47086600
2025-12-02,0.0,85.82817077636719,0.0,85.97313594846233,85.48992362363515,85.60589723595825,0.0,27605700
2025-12-03,0.0,86.06976318359375,0.0,86.16641153170134,85.76050764005724,85.93446434412364,0.0,23278600
2025-12-04,0.0,85.60588073730469,0.0,85.94412782484703,85.50923976561167,85.92480257980183,0.0,25541500
2025-12-05,0.0,85.20965576171875,0.0,85.57690183095627,85.09368952784129,85.57690183095627,0.0,32808100
2025-12-08,0.0,84.92938232421875,0.0,85.23863786899292,84.62012677944456,85.22897893273053,0.0,32255200
2025-12-09,0.0,85.01637268066406,0.0,85.38361137187607,84.89073276462308,85.3739450614342,0.0,25771800
2025-12-10,0.0,85.34495544433594,0.0,85.5479037288241,84.91006731660913,85.04536617293456,0.0,46833500
2025-12-11,0.0,85.22899627685547,0.0,85.84750749227103,85.20000471570087,85.71220862472609,0.0,26778700
2025-12-12,0.0,84.40752410888672,0.0,84.56215558968916,84.26256631217797,84.44618197908733,0.0,47030100
2025-12-15,0.0,84.46551513671875,0.0,84.92939483559961,84.45584882579857,84.77477072705095,0.0,28611800
2025-12-16,0.0,84.92938232421875,0.0,84.96804018896974,84.24322181466458,84.26255443365697,0.0,41018700
2025-12-17,0.0,84.85208129882812,0.0,85.03569695571677,84.6394667109455,84.68778351613328,0.0,24668300
2025-12-18,0.0,85.25798034667969,0.0,85.41260445032964,85.11301518040904,85.17099829762344,0.0,39048900
2025-12-19,0.0,84.93976593017578,0.342,85.14350405078,84.80394051643964,84.99797470693987,0.0,37858100
2025-12-22,0.0,84.75541687011719,0.0,84.85243395232065,84.64869585911471,84.81362563905348,0.0,25547100
2025-12-23,0.0,84.89124298095703,0.0,84.96885960814542,84.4352545486364,84.4740628622306,0.0,33624100
2025-12-24,0.0,85.40544891357422,0.0,85.45396116100855,85.03678099963442,85.14350202244616,0.0,25942000
2025-12-26,0.0,85.12409210205078,0.0,85.54127225332599,84.98826669483834,85.47335954971977,0.0,26522700
2025-12-29,0.0,85.44424438476562,0.0,85.44424438476562,85.17259360460689,85.32781944958533,0.0,29399800
2025-12-30,0.0,85.24051666259766,0.0,85.41515038563455,85.0561790099672,85.12409171326323,0.0,25106800
2025-12-31,0.0,84.5613784790039,0.0,85.289017662053,84.53226669406197,85.06587172240272,0.0,36500000
